22:35:36.040,318,logger,31,INFO,186.000, 215.000, 0.430, -57.614, -10.749, 251.352, 320.000, 240.000
22:35:36.083,362,logger,31,INFO,186.000, 216.000, 0.428, -57.383, -10.277, 250.343, 320.000, 240.000
22:35:36.126,405,logger,31,INFO,187.000, 218.000, 0.429, -57.116, -9.448, 251.053, 320.000, 240.000
22:35:36.171,449,logger,31,INFO,188.000, 220.000, 0.431, -56.877, -8.618, 251.897, 320.000, 240.000
22:35:36.260,538,logger,31,INFO,190.000, 221.000, 0.432, -56.104, -8.200, 252.295, 320.000, 240.000
22:35:36.303,581,logger,31,INFO,191.000, 222.000, 0.431, -55.537, -7.749, 251.683, 320.000, 240.000
22:35:36.346,624,logger,31,INFO,192.000, 221.000, 0.432, -55.262, -8.203, 252.393, 320.000, 240.000
22:35:36.390,668,logger,31,INFO,192.000, 220.000, 0.432, -55.327, -8.645, 252.691, 320.000, 240.000
22:35:36.435,713,logger,31,INFO,193.000, 219.000, 0.432, -54.848, -9.069, 252.472, 320.000, 240.000
22:35:36.479,757,logger,31,INFO,193.000, 219.000, 0.433, -55.040, -9.101, 253.357, 320.000, 240.000
22:35:36.524,802,logger,31,INFO,194.000, 219.000, 0.432, -54.405, -9.067, 252.420, 320.000, 240.000
22:35:36.569,847,logger,31,INFO,194.000, 219.000, 0.432, -54.382, -9.064, 252.314, 320.000, 240.000
22:35:36.660,939,logger,31,INFO,194.000, 220.000, 0.432, -54.463, -8.645, 252.693, 320.000, 240.000
22:35:36.704,982,logger,31,INFO,195.000, 219.000, 0.432, -53.990, -9.070, 252.502, 320.000, 240.000
22:35:36.749,1028,logger,31,INFO,195.000, 218.000, 0.432, -53.940, -9.493, 252.268, 320.000, 240.000
22:35:36.794,1073,logger,31,INFO,195.000, 217.000, 0.432, -53.993, -9.935, 252.515, 320.000, 240.000
22:35:36.839,1118,logger,31,INFO,194.000, 217.000, 0.433, -54.523, -9.953, 252.972, 320.000, 240.000
22:35:36.881,1160,logger,31,INFO,193.000, 217.000, 0.432, -54.877, -9.938, 252.605, 320.000, 240.000
22:35:36.927,1205,logger,31,INFO,193.000, 216.000, 0.432, -54.867, -10.369, 252.562, 320.000, 240.000
22:35:36.971,1249,logger,31,INFO,193.000, 216.000, 0.431, -54.760, -10.348, 252.068, 320.000, 240.000
22:35:37.060,1339,logger,31,INFO,192.000, 216.000, 0.431, -55.199, -10.350, 252.106, 320.000, 240.000
22:35:37.104,1382,logger,31,INFO,192.000, 215.000, 0.431, -55.139, -10.769, 251.830, 320.000, 240.000
22:35:37.147,1425,logger,31,INFO,192.000, 216.000, 0.431, -55.226, -10.355, 252.227, 320.000, 240.000
22:35:37.192,1470,logger,31,INFO,191.000, 217.000, 0.432, -55.703, -9.932, 252.435, 320.000, 240.000
22:35:37.236,1515,logger,31,INFO,192.000, 216.000, 0.432, -55.274, -10.364, 252.449, 320.000, 240.000
22:35:37.279,1557,logger,31,INFO,192.000, 217.000, 0.431, -55.121, -9.905, 251.748, 320.000, 240.000
22:35:37.323,1601,logger,31,INFO,192.000, 217.000, 0.430, -55.046, -9.891, 251.405, 320.000, 240.000
22:35:37.408,1687,logger,31,INFO,192.000, 218.000, 0.432, -55.275, -9.500, 252.451, 320.000, 240.000
22:35:37.455,1733,logger,31,INFO,192.000, 219.000, 0.431, -55.202, -9.057, 252.119, 320.000, 240.000
22:35:37.500,1778,logger,31,INFO,192.000, 220.000, 0.431, -55.201, -8.625, 252.113, 320.000, 240.000
22:35:37.544,1822,logger,31,INFO,192.000, 221.000, 0.432, -55.259, -8.203, 252.378, 320.000, 240.000
22:35:37.590,1868,logger,31,INFO,192.000, 221.000, 0.432, -55.328, -8.213, 252.694, 320.000, 240.000
22:35:37.634,1912,logger,31,INFO,193.000, 222.000, 0.433, -55.010, -7.797, 253.221, 320.000, 240.000
22:35:37.678,1956,logger,31,INFO,193.000, 223.000, 0.433, -55.004, -7.363, 253.190, 320.000, 240.000
22:35:37.722,2001,logger,31,INFO,194.000, 222.000, 0.433, -54.542, -7.792, 253.059, 320.000, 240.000
22:35:37.810,2088,logger,31,INFO,194.000, 222.000, 0.433, -54.549, -7.793, 253.091, 320.000, 240.000
22:35:37.856,2134,logger,31,INFO,193.000, 222.000, 0.433, -55.028, -7.799, 253.304, 320.000, 240.000
22:35:37.900,2178,logger,31,INFO,194.000, 221.000, 0.433, -54.565, -8.228, 253.165, 320.000, 240.000
22:35:37.945,2223,logger,31,INFO,194.000, 219.000, 0.432, -54.412, -9.069, 252.454, 320.000, 240.000
22:35:37.988,2266,logger,31,INFO,194.000, 219.000, 0.435, -54.782, -9.130, 254.173, 320.000, 240.000
22:35:38.032,2310,logger,31,INFO,192.000, 220.000, 0.434, -55.599, -8.687, 253.930, 320.000, 240.000
22:35:38.077,2355,logger,31,INFO,191.000, 220.000, 0.432, -55.716, -8.638, 252.493, 320.000, 240.000
22:35:38.120,2399,logger,31,INFO,192.000, 220.000, 0.432, -55.289, -8.639, 252.515, 320.000, 240.000
22:35:38.206,2484,logger,31,INFO,191.000, 220.000, 0.432, -55.715, -8.638, 252.490, 320.000, 240.000
22:35:38.255,2533,logger,31,INFO,191.000, 221.000, 0.432, -55.679, -8.201, 252.325, 320.000, 240.000
22:35:38.300,2579,logger,31,INFO,191.000, 222.000, 0.431, -55.662, -7.767, 252.248, 320.000, 240.000
22:35:38.343,2621,logger,31,INFO,189.000, 224.000, 0.432, -56.528, -6.904, 252.262, 320.000, 240.000
22:35:38.388,2666,logger,31,INFO,189.000, 227.000, 0.431, -56.424, -5.599, 251.796, 320.000, 240.000
22:35:38.429,2707,logger,31,INFO,187.000, 230.000, 0.431, -57.279, -4.307, 251.770, 320.000, 240.000
22:35:38.471,2749,logger,31,INFO,186.000, 231.000, 0.432, -57.908, -3.889, 252.635, 320.000, 240.000
22:35:38.517,2796,logger,31,INFO,187.000, 233.000, 0.432, -57.403, -3.021, 252.312, 320.000, 240.000
22:35:38.605,2883,logger,31,INFO,187.000, 235.000, 0.432, -57.411, -2.158, 252.349, 320.000, 240.000
22:35:38.652,2930,logger,31,INFO,186.000, 236.000, 0.433, -57.997, -1.731, 253.023, 320.000, 240.000
22:35:38.695,2974,logger,31,INFO,185.000, 239.000, 0.450, -60.801, -0.450, 263.290, 320.000, 240.000
22:35:38.738,3016,logger,31,INFO,185.000, 241.000, 0.432, -58.373, 0.432, 252.778, 320.000, 240.000
22:35:38.782,3060,logger,31,INFO,185.000, 242.000, 0.451, -60.858, 0.902, 263.538, 320.000, 240.000
22:35:38.825,3104,logger,31,INFO,186.000, 241.000, 0.451, -60.370, 0.451, 263.375, 320.000, 240.000
22:35:38.870,3148,logger,31,INFO,186.000, 239.000, 0.433, -57.980, -0.433, 252.948, 320.000, 240.000
22:35:38.956,3234,logger,31,INFO,187.000, 237.000, 0.433, -57.595, -1.299, 253.157, 320.000, 240.000
22:35:39.001,3280,logger,31,INFO,188.000, 235.000, 0.450, -59.398, -2.250, 263.062, 320.000, 240.000
22:35:39.045,3323,logger,31,INFO,187.000, 232.000, 0.431, -57.282, -3.446, 251.785, 320.000, 240.000
22:35:39.092,3371,logger,31,INFO,188.000, 230.000, 0.432, -57.081, -4.324, 252.800, 320.000, 240.000
22:35:39.135,3413,logger,31,INFO,190.000, 228.000, 0.434, -56.374, -5.204, 253.508, 320.000, 240.000
22:35:39.177,3455,logger,31,INFO,192.000, 225.000, 0.436, -55.749, -6.533, 254.615, 320.000, 240.000
22:35:39.221,3499,logger,31,INFO,193.000, 224.000, 0.433, -54.949, -6.923, 252.937, 320.000, 240.000
22:35:39.316,3594,logger,31,INFO,194.000, 222.000, 0.434, -54.633, -7.805, 253.478, 320.000, 240.000
22:35:39.360,3638,logger,31,INFO,194.000, 223.000, 0.433, -54.542, -7.359, 253.056, 320.000, 240.000
22:35:39.403,3681,logger,31,INFO,194.000, 223.000, 0.433, -54.592, -7.366, 253.292, 320.000, 240.000
22:35:39.445,3724,logger,31,INFO,193.000, 223.000, 0.433, -55.036, -7.367, 253.340, 320.000, 240.000
22:35:39.488,3767,logger,31,INFO,194.000, 223.000, 0.432, -54.459, -7.348, 252.673, 320.000, 240.000
22:35:39.531,3809,logger,31,INFO,193.000, 223.000, 0.434, -55.087, -7.374, 253.576, 320.000, 240.000
22:35:39.575,3853,logger,31,INFO,193.000, 223.000, 0.431, -54.761, -7.330, 252.072, 320.000, 240.000
22:35:39.618,3896,logger,31,INFO,192.000, 224.000, 0.432, -55.301, -6.913, 252.569, 320.000, 240.000
22:35:39.744,4022,logger,31,INFO,192.000, 223.000, 0.431, -55.152, -7.325, 251.888, 320.000, 240.000
22:35:39.836,4114,logger,31,INFO,192.000, 222.000, 0.431, -55.121, -7.751, 251.747, 320.000, 240.000
22:35:39.838,4116,logger,31,INFO,192.000, 221.000, 0.430, -55.091, -8.178, 251.610, 320.000, 240.000
22:35:39.915,4193,logger,31,INFO,192.000, 220.000, 0.431, -55.156, -8.618, 251.907, 320.000, 240.000
22:35:39.995,4273,logger,31,INFO,194.000, 217.000, 0.434, -54.732, -9.991, 253.940, 320.000, 240.000
22:35:39.997,4275,logger,31,INFO,197.000, 216.000, 0.434, -53.371, -10.414, 253.666, 320.000, 240.000
22:35:40.077,4355,logger,31,INFO,199.000, 215.000, 0.433, -52.360, -10.818, 252.973, 320.000, 240.000
22:35:40.154,4432,logger,31,INFO,201.000, 215.000, 0.433, -51.501, -10.820, 253.006, 320.000, 240.000
22:35:40.156,4434,logger,31,INFO,202.000, 215.000, 0.435, -51.271, -10.863, 254.009, 320.000, 240.000
22:35:40.232,4510,logger,31,INFO,204.000, 214.000, 0.436, -50.587, -11.339, 254.942, 320.000, 240.000
22:35:40.233,4511,logger,31,INFO,205.000, 213.000, 0.433, -49.778, -11.687, 253.046, 320.000, 240.000
22:35:40.309,4587,logger,31,INFO,206.000, 212.000, 0.432, -49.196, -12.083, 252.279, 320.000, 240.000
22:35:40.395,4673,logger,31,INFO,207.000, 211.000, 0.433, -48.922, -12.555, 253.096, 320.000, 240.000
22:35:40.396,4674,logger,31,INFO,208.000, 209.000, 0.434, -48.591, -13.449, 253.630, 320.000, 240.000
22:35:42.004,6282,logger,31,INFO,210.000, 207.000, 0.434, -47.688, -14.306, 253.438, 320.000, 240.000
22:35:42.005,6284,logger,31,INFO,211.000, 206.000, 0.433, -47.217, -14.728, 253.237, 320.000, 240.000
22:35:42.006,6285,logger,31,INFO,211.000, 206.000, 0.434, -47.277, -14.747, 253.562, 320.000, 240.000
22:35:42.008,6286,logger,31,INFO,212.000, 205.000, 0.434, -46.919, -15.205, 253.972, 320.000, 240.000
22:35:42.008,6287,logger,31,INFO,213.000, 203.000, 0.436, -46.653, -16.132, 254.890, 320.000, 240.000
22:35:42.009,6288,logger,31,INFO,215.000, 201.000, 0.435, -45.707, -16.977, 254.481, 320.000, 240.000
22:35:42.011,6289,logger,31,INFO,216.000, 200.000, 0.433, -45.029, -17.319, 253.114, 320.000, 240.000
22:35:42.013,6291,logger,31,INFO,216.000, 198.000, 0.452, -47.006, -18.983, 264.226, 320.000, 240.000
22:35:42.014,6292,logger,31,INFO,217.000, 196.000, 0.435, -44.796, -19.136, 254.247, 320.000, 240.000
22:35:42.015,6293,logger,31,INFO,219.000, 193.000, 0.435, -43.908, -20.432, 254.145, 320.000, 240.000
22:35:42.016,6294,logger,31,INFO,220.000, 191.000, 0.433, -43.310, -21.222, 253.188, 320.000, 240.000
22:35:42.017,6295,logger,31,INFO,220.000, 190.000, 0.434, -43.367, -21.683, 253.521, 320.000, 240.000
22:35:42.018,6296,logger,31,INFO,220.000, 188.000, 0.433, -43.331, -22.532, 253.314, 320.000, 240.000
22:35:42.019,6297,logger,31,INFO,221.000, 186.000, 0.434, -42.970, -23.438, 253.741, 320.000, 240.000
22:35:42.020,6298,logger,31,INFO,222.000, 184.000, 0.434, -42.490, -24.280, 253.466, 320.000, 240.000
22:35:42.021,6299,logger,31,INFO,223.000, 183.000, 0.434, -42.138, -24.761, 253.957, 320.000, 240.000
22:35:42.022,6301,logger,31,INFO,224.000, 182.000, 0.435, -41.740, -25.218, 254.182, 320.000, 240.000
22:35:42.023,6301,logger,31,INFO,225.000, 183.000, 0.434, -41.193, -24.716, 253.490, 320.000, 240.000
22:35:42.024,6303,logger,31,INFO,225.000, 184.000, 0.434, -41.227, -24.302, 253.698, 320.000, 240.000
22:35:42.025,6304,logger,31,INFO,226.000, 185.000, 0.435, -40.917, -23.941, 254.472, 320.000, 240.000
22:35:42.026,6305,logger,31,INFO,227.000, 186.000, 0.434, -40.405, -23.461, 253.987, 320.000, 240.000
22:35:42.027,6306,logger,31,INFO,227.000, 187.000, 0.435, -40.447, -23.051, 254.252, 320.000, 240.000
22:35:42.028,6307,logger,31,INFO,228.000, 187.000, 0.454, -41.801, -24.081, 265.618, 320.000, 240.000
22:35:42.029,6308,logger,31,INFO,227.000, 188.000, 0.436, -40.575, -22.687, 255.057, 320.000, 240.000
22:35:42.031,6309,logger,31,INFO,226.000, 188.000, 0.434, -40.832, -22.588, 253.941, 320.000, 240.000
22:35:42.032,6310,logger,31,INFO,226.000, 187.000, 0.434, -40.803, -23.006, 253.760, 320.000, 240.000
22:35:42.033,6311,logger,31,INFO,227.000, 186.000, 0.434, -40.403, -23.460, 253.974, 320.000, 240.000
22:35:42.033,6312,logger,31,INFO,227.000, 185.000, 0.434, -40.372, -23.876, 253.780, 320.000, 240.000
22:35:42.034,6313,logger,31,INFO,227.000, 185.000, 0.434, -40.355, -23.866, 253.674, 320.000, 240.000
22:35:42.035,6314,logger,31,INFO,227.000, 186.000, 0.435, -40.439, -23.480, 254.198, 320.000, 240.000
22:35:42.036,6315,logger,31,INFO,228.000, 187.000, 0.435, -40.046, -23.070, 254.464, 320.000, 240.000
22:35:42.038,6316,logger,31,INFO,228.000, 186.000, 0.435, -40.006, -23.482, 254.213, 320.000, 240.000
22:35:42.039,6317,logger,31,INFO,227.000, 186.000, 0.436, -40.508, -23.521, 254.635, 320.000, 240.000
22:35:42.059,6337,logger,31,INFO,227.000, 186.000, 0.435, -40.464, -23.495, 254.355, 320.000, 240.000
22:35:42.107,6385,logger,31,INFO,226.000, 186.000, 0.435, -40.879, -23.484, 254.233, 320.000, 240.000
22:35:42.155,6433,logger,31,INFO,225.000, 185.000, 0.434, -41.196, -23.851, 253.509, 320.000, 240.000
22:35:42.201,6480,logger,31,INFO,226.000, 185.000, 0.434, -40.806, -23.876, 253.776, 320.000, 240.000
22:35:42.248,6526,logger,31,INFO,226.000, 185.000, 0.434, -40.773, -23.856, 253.572, 320.000, 240.000
22:35:42.294,6572,logger,31,INFO,226.000, 184.000, 0.453, -42.561, -25.356, 264.696, 320.000, 240.000
22:35:42.342,6620,logger,31,INFO,227.000, 184.000, 0.434, -40.408, -24.332, 254.005, 320.000, 240.000
22:35:42.389,6668,logger,31,INFO,228.000, 185.000, 0.434, -39.945, -23.880, 253.825, 320.000, 240.000
22:35:42.437,6715,logger,31,INFO,228.000, 185.000, 0.434, -39.965, -23.892, 253.953, 320.000, 240.000
22:35:42.482,6761,logger,31,INFO,226.000, 186.000, 0.434, -40.798, -23.437, 253.727, 320.000, 240.000
22:35:42.534,6813,logger,31,INFO,226.000, 185.000, 0.434, -40.775, -23.858, 253.586, 320.000, 240.000
22:35:42.583,6861,logger,31,INFO,227.000, 185.000, 0.434, -40.351, -23.864, 253.649, 320.000, 240.000
22:35:42.625,6903,logger,31,INFO,227.000, 184.000, 0.434, -40.393, -24.322, 253.910, 320.000, 240.000
22:35:42.674,6952,logger,31,INFO,226.000, 184.000, 0.434, -40.832, -24.326, 253.943, 320.000, 240.000
22:35:42.726,7004,logger,31,INFO,225.000, 185.000, 0.434, -41.223, -23.866, 253.674, 320.000, 240.000
22:35:42.772,7050,logger,31,INFO,225.000, 185.000, 0.434, -41.237, -23.874, 253.762, 320.000, 240.000
22:35:42.858,7136,logger,31,INFO,225.000, 185.000, 0.434, -41.198, -23.851, 253.518, 320.000, 240.000
22:35:42.902,7181,logger,31,INFO,225.000, 184.000, 0.433, -41.166, -24.266, 253.324, 320.000, 240.000
22:35:42.946,7224,logger,31,INFO,226.000, 183.000, 0.433, -40.742, -24.705, 253.383, 320.000, 240.000
22:35:42.989,7268,logger,31,INFO,226.000, 182.000, 0.434, -40.789, -25.168, 253.676, 320.000, 240.000
22:35:43.033,7311,logger,31,INFO,226.000, 180.000, 0.434, -40.750, -26.011, 253.433, 320.000, 240.000
22:35:43.075,7354,logger,31,INFO,226.000, 179.000, 0.433, -40.740, -26.437, 253.365, 320.000, 240.000
22:35:43.122,7400,logger,31,INFO,226.000, 179.000, 0.434, -40.755, -26.447, 253.459, 320.000, 240.000
22:35:43.166,7445,logger,31,INFO,227.000, 178.000, 0.435, -40.480, -26.987, 254.457, 320.000, 240.000
22:35:43.252,7530,logger,31,INFO,228.000, 176.000, 0.435, -40.011, -27.834, 254.245, 320.000, 240.000
22:35:43.295,7573,logger,31,INFO,229.000, 176.000, 0.436, -39.637, -27.876, 254.633, 320.000, 240.000
22:35:43.359,7638,logger,31,INFO,230.000, 176.000, 0.436, -39.196, -27.873, 254.601, 320.000, 240.000
22:35:43.403,7681,logger,31,INFO,231.000, 175.000, 0.434, -38.647, -28.225, 253.853, 320.000, 240.000
22:35:43.446,7724,logger,31,INFO,231.000, 175.000, 0.434, -38.635, -28.216, 253.774, 320.000, 240.000
22:35:43.490,7769,logger,31,INFO,232.000, 175.000, 0.435, -38.264, -28.263, 254.194, 320.000, 240.000
22:35:43.534,7812,logger,31,INFO,233.000, 175.000, 0.435, -37.845, -28.275, 254.303, 320.000, 240.000
22:35:43.577,7855,logger,31,INFO,233.000, 175.000, 0.435, -37.840, -28.271, 254.269, 320.000, 240.000
22:35:43.621,7899,logger,31,INFO,233.000, 175.000, 0.435, -37.853, -28.281, 254.358, 320.000, 240.000
22:35:43.706,7984,logger,31,INFO,234.000, 175.000, 0.434, -37.362, -28.239, 253.976, 320.000, 240.000
22:35:43.761,8039,logger,31,INFO,234.000, 174.000, 0.434, -37.352, -28.665, 253.904, 320.000, 240.000
22:35:43.806,8084,logger,31,INFO,234.000, 174.000, 0.434, -37.359, -28.670, 253.951, 320.000, 240.000
22:35:43.848,8127,logger,31,INFO,233.000, 174.000, 0.434, -37.715, -28.612, 253.430, 320.000, 240.000
22:35:43.894,8172,logger,31,INFO,233.000, 173.000, 0.434, -37.772, -29.089, 253.809, 320.000, 240.000
22:35:43.939,8217,logger,31,INFO,234.000, 171.000, 0.434, -37.360, -29.975, 253.959, 320.000, 240.000
22:35:43.981,8259,logger,31,INFO,236.000, 171.000, 0.435, -36.555, -30.027, 254.406, 320.000, 240.000
22:35:44.024,8302,logger,31,INFO,237.000, 171.000, 0.436, -36.213, -30.105, 255.061, 320.000, 240.000
22:35:44.067,8345,logger,31,INFO,239.000, 169.000, 0.437, -35.432, -31.058, 255.726, 320.000, 240.000
22:35:44.164,8442,logger,31,INFO,241.000, 167.000, 0.437, -34.505, -31.884, 255.334, 320.000, 240.000
22:35:44.207,8485,logger,31,INFO,243.000, 167.000, 0.437, -33.678, -31.928, 255.690, 320.000, 240.000
22:35:44.250,8529,logger,31,INFO,245.000, 166.000, 0.438, -32.830, -32.392, 255.895, 320.000, 240.000
22:35:44.293,8571,logger,31,INFO,247.000, 165.000, 0.439, -32.041, -32.918, 256.588, 320.000, 240.000
22:35:44.337,8615,logger,31,INFO,250.000, 163.000, 0.438, -30.683, -33.751, 256.246, 320.000, 240.000
22:35:44.379,8658,logger,31,INFO,251.000, 160.000, 0.437, -30.137, -34.941, 255.331, 320.000, 240.000
22:35:44.422,8700,logger,31,INFO,252.000, 157.000, 0.436, -29.652, -36.193, 254.922, 320.000, 240.000
22:35:44.465,8743,logger,31,INFO,253.000, 156.000, 0.437, -29.253, -36.676, 255.246, 320.000, 240.000
22:35:44.551,8830,logger,31,INFO,255.000, 154.000, 0.439, -28.542, -37.763, 256.698, 320.000, 240.000
22:35:44.595,8873,logger,31,INFO,258.000, 150.000, 0.441, -27.361, -39.718, 257.988, 320.000, 240.000
22:35:44.638,8917,logger,31,INFO,260.000, 148.000, 0.441, -26.431, -40.528, 257.527, 320.000, 240.000
22:35:44.681,8959,logger,31,INFO,263.000, 148.000, 0.438, -24.971, -40.305, 256.111, 320.000, 240.000
22:35:44.725,9003,logger,31,INFO,264.000, 148.000, 0.437, -24.500, -40.250, 255.760, 320.000, 240.000
22:35:44.768,9046,logger,31,INFO,265.000, 147.000, 0.439, -24.124, -40.791, 256.413, 320.000, 240.000
22:35:44.853,9131,logger,31,INFO,266.000, 145.000, 0.438, -23.665, -41.633, 256.196, 320.000, 240.000
22:35:44.898,9176,logger,31,INFO,266.000, 144.000, 0.439, -23.684, -42.104, 256.397, 320.000, 240.000
22:35:44.942,9220,logger,31,INFO,264.000, 144.000, 0.438, -24.531, -42.053, 256.088, 320.000, 240.000
22:35:44.986,9264,logger,31,INFO,262.000, 144.000, 0.436, -25.312, -41.897, 255.133, 320.000, 240.000
22:35:45.029,9307,logger,31,INFO,260.000, 145.000, 0.436, -26.184, -41.457, 255.116, 320.000, 240.000
22:35:45.071,9350,logger,31,INFO,258.000, 146.000, 0.437, -27.091, -41.073, 255.441, 320.000, 240.000
22:35:45.114,9393,logger,31,INFO,257.000, 146.000, 0.435, -27.404, -40.888, 254.287, 320.000, 240.000
22:35:45.205,9483,logger,31,INFO,254.000, 145.000, 0.436, -28.806, -41.463, 255.149, 320.000, 240.000
22:35:45.249,9527,logger,31,INFO,251.000, 145.000, 0.437, -30.173, -41.542, 255.638, 320.000, 240.000
22:35:45.291,9569,logger,31,INFO,247.000, 144.000, 0.440, -32.111, -42.228, 257.154, 320.000, 240.000
22:35:45.334,9612,logger,31,INFO,242.000, 144.000, 0.434, -33.834, -41.642, 253.585, 320.000, 240.000
22:35:45.378,9656,logger,31,INFO,239.000, 143.000, 0.432, -34.991, -41.903, 252.539, 320.000, 240.000
22:35:45.424,9702,logger,31,INFO,235.000, 143.000, 0.433, -36.847, -42.050, 253.424, 320.000, 240.000
22:35:45.468,9746,logger,31,INFO,230.000, 142.000, 0.432, -38.874, -42.330, 252.509, 320.000, 240.000
22:35:45.557,9835,logger,31,INFO,227.000, 142.000, 0.426, -39.608, -41.737, 248.976, 320.000, 240.000
22:35:45.609,9887,logger,31,INFO,224.000, 143.000, 0.429, -41.208, -41.638, 250.941, 320.000, 240.000
22:35:45.653,9931,logger,31,INFO,219.000, 143.000, 0.450, -45.417, -43.618, 262.879, 320.000, 240.000
22:35:45.697,9975,logger,31,INFO,215.000, 143.000, 0.424, -44.470, -41.082, 247.590, 320.000, 240.000
22:35:45.741,10019,logger,31,INFO,215.000, 142.000, 0.422, -44.317, -41.362, 246.739, 320.000, 240.000
22:35:45.783,10062,logger,31,INFO,216.000, 142.000, 0.421, -43.765, -41.240, 246.010, 320.000, 240.000
22:35:45.827,10105,logger,31,INFO,217.000, 144.000, 0.423, -43.550, -40.590, 247.176, 320.000, 240.000
22:35:45.870,10148,logger,31,INFO,221.000, 146.000, 0.457, -45.270, -42.984, 267.322, 320.000, 240.000
22:35:45.914,10192,logger,31,INFO,227.000, 149.000, 0.434, -40.331, -39.463, 253.520, 320.000, 240.000
22:35:46.001,10279,logger,31,INFO,233.000, 152.000, 0.457, -39.791, -40.248, 267.377, 320.000, 240.000
22:35:46.044,10322,logger,31,INFO,238.000, 156.000, 0.464, -38.068, -38.997, 271.398, 320.000, 240.000
22:35:46.090,10368,logger,31,INFO,245.000, 161.000, 0.462, -34.649, -36.497, 270.079, 320.000, 240.000
22:35:46.134,10412,logger,31,INFO,249.000, 165.000, 0.437, -31.025, -32.773, 255.456, 320.000, 240.000
22:35:46.180,10459,logger,31,INFO,252.000, 169.000, 0.438, -29.760, -31.073, 255.849, 320.000, 240.000
22:35:46.225,10503,logger,31,INFO,256.000, 171.000, 0.439, -28.070, -30.263, 256.401, 320.000, 240.000
22:35:46.269,10547,logger,31,INFO,258.000, 173.000, 0.436, -27.041, -29.222, 254.970, 320.000, 240.000
22:35:46.356,10634,logger,31,INFO,258.000, 175.000, 0.435, -26.972, -28.277, 254.316, 320.000, 240.000
22:35:46.401,10679,logger,31,INFO,259.000, 176.000, 0.437, -26.657, -27.968, 255.469, 320.000, 240.000
22:35:46.447,10725,logger,31,INFO,261.000, 177.000, 0.440, -25.964, -27.724, 257.260, 320.000, 240.000
22:35:46.490,10769,logger,31,INFO,264.000, 179.000, 0.439, -24.598, -26.794, 256.785, 320.000, 240.000
22:35:46.533,10811,logger,31,INFO,265.000, 180.000, 0.437, -24.025, -26.209, 255.366, 320.000, 240.000
22:35:46.576,10855,logger,31,INFO,266.000, 181.000, 0.439, -23.702, -25.896, 256.591, 320.000, 240.000
22:35:46.622,10901,logger,31,INFO,268.000, 181.000, 0.440, -22.883, -25.963, 257.257, 320.000, 240.000
22:35:46.666,10944,logger,31,INFO,270.000, 182.000, 0.441, -22.029, -25.553, 257.559, 320.000, 240.000
22:35:46.752,11030,logger,31,INFO,272.000, 184.000, 0.441, -21.187, -24.719, 258.044, 320.000, 240.000
22:35:46.797,11075,logger,31,INFO,273.000, 186.000, 0.443, -20.822, -23.923, 258.988, 320.000, 240.000
22:35:46.843,11121,logger,31,INFO,275.000, 187.000, 0.444, -19.971, -23.521, 259.443, 320.000, 240.000
22:35:46.890,11168,logger,31,INFO,276.000, 189.000, 0.441, -19.394, -22.479, 257.673, 320.000, 240.000
22:35:46.934,11212,logger,31,INFO,277.000, 190.000, 0.442, -19.025, -22.122, 258.651, 320.000, 240.000
22:35:46.981,11260,logger,31,INFO,279.000, 191.000, 0.444, -18.203, -21.755, 259.547, 320.000, 240.000
22:35:47.025,11303,logger,31,INFO,280.000, 192.000, 0.442, -17.676, -21.211, 258.337, 320.000, 240.000
22:35:47.068,11347,logger,31,INFO,280.000, 194.000, 0.444, -17.775, -20.441, 259.775, 320.000, 240.000
22:35:47.114,11393,logger,31,INFO,282.000, 195.000, 0.447, -16.982, -20.111, 261.258, 320.000, 240.000
22:35:47.199,11478,logger,31,INFO,284.000, 196.000, 0.448, -16.146, -19.733, 262.186, 320.000, 240.000
22:35:47.243,11521,logger,31,INFO,285.000, 197.000, 0.446, -15.596, -19.161, 260.497, 320.000, 240.000
22:35:47.286,11564,logger,31,INFO,287.000, 198.000, 0.447, -14.741, -18.762, 261.146, 320.000, 240.000
22:35:47.331,11609,logger,31,INFO,289.000, 198.000, 0.448, -13.875, -18.799, 261.661, 320.000, 240.000
22:35:47.373,11651,logger,31,INFO,291.000, 199.000, 0.448, -12.985, -18.358, 261.755, 320.000, 240.000
22:35:47.417,11695,logger,31,INFO,292.000, 199.000, 0.448, -12.545, -18.369, 261.917, 320.000, 240.000
22:35:47.504,11782,logger,31,INFO,293.000, 201.000, 0.450, -12.153, -17.555, 263.142, 320.000, 240.000
22:35:47.547,11825,logger,31,INFO,295.000, 202.000, 0.452, -11.302, -17.179, 264.282, 320.000, 240.000
22:35:47.590,11868,logger,31,INFO,298.000, 202.000, 0.451, -9.922, -17.138, 263.652, 320.000, 240.000
22:35:47.636,11914,logger,31,INFO,300.000, 203.000, 0.452, -9.034, -16.713, 264.072, 320.000, 240.000
22:35:47.684,11962,logger,31,INFO,302.000, 203.000, 0.452, -8.137, -16.727, 264.280, 320.000, 240.000
22:35:47.729,12008,logger,31,INFO,303.000, 203.000, 0.450, -7.642, -16.633, 262.796, 320.000, 240.000
22:35:47.776,12054,logger,31,INFO,304.000, 203.000, 0.452, -7.234, -16.728, 264.309, 320.000, 240.000
22:35:47.819,12097,logger,31,INFO,306.000, 204.000, 0.458, -6.405, -16.471, 267.464, 320.000, 240.000
22:35:47.909,12187,logger,31,INFO,309.000, 204.000, 0.451, -4.963, -16.242, 263.748, 320.000, 240.000
22:35:47.954,12232,logger,31,INFO,309.000, 204.000, 0.450, -4.948, -16.195, 262.986, 320.000, 240.000
22:35:47.997,12275,logger,31,INFO,309.000, 206.000, 0.450, -4.945, -15.285, 262.818, 320.000, 240.000
22:35:48.042,12321,logger,31,INFO,310.000, 206.000, 0.452, -4.516, -15.354, 264.003, 320.000, 240.000
22:35:48.088,12366,logger,31,INFO,311.000, 207.000, 0.453, -4.077, -14.950, 264.844, 320.000, 240.000
22:35:48.133,12411,logger,31,INFO,313.000, 208.000, 0.456, -3.189, -14.579, 266.338, 320.000, 240.000
22:35:48.177,12455,logger,31,INFO,315.000, 209.000, 0.454, -2.270, -14.075, 265.429, 320.000, 240.000
22:35:48.220,12498,logger,31,INFO,316.000, 210.000, 0.452, -1.809, -13.566, 264.349, 320.000, 240.000
22:35:48.263,12542,logger,31,INFO,317.000, 211.000, 0.453, -1.360, -13.144, 264.972, 320.000, 240.000
22:35:48.350,12628,logger,31,INFO,320.000, 211.000, 0.458, 0.000, -13.282, 267.744, 320.000, 240.000
22:35:48.395,12673,logger,31,INFO,321.000, 211.000, 0.453, 0.453, -13.123, 264.543, 320.000, 240.000
22:35:48.439,12717,logger,31,INFO,321.000, 212.000, 0.452, 0.452, -12.667, 264.468, 320.000, 240.000
22:35:48.482,12760,logger,31,INFO,322.000, 214.000, 0.457, 0.914, -11.882, 267.167, 320.000, 240.000
22:35:48.524,12802,logger,31,INFO,324.000, 214.000, 0.459, 1.837, -11.941, 268.483, 320.000, 240.000
22:35:48.567,12845,logger,31,INFO,326.000, 214.000, 0.455, 2.732, -11.840, 266.215, 320.000, 240.000
22:35:48.651,12930,logger,31,INFO,327.000, 216.000, 0.456, 3.191, -10.941, 266.502, 320.000, 240.000
22:35:48.695,12973,logger,31,INFO,328.000, 218.000, 0.477, 3.815, -10.492, 278.797, 320.000, 240.000
22:35:48.739,13017,logger,31,INFO,330.000, 218.000, 0.459, 4.586, -10.090, 268.126, 320.000, 240.000
22:35:48.784,13062,logger,31,INFO,332.000, 219.000, 0.457, 5.480, -9.590, 266.955, 320.000, 240.000
22:35:48.827,13106,logger,31,INFO,332.000, 220.000, 0.457, 5.485, -9.142, 267.229, 320.000, 240.000
22:35:48.870,13148,logger,31,INFO,332.000, 221.000, 0.457, 5.482, -8.680, 267.063, 320.000, 240.000
22:35:48.957,13235,logger,31,INFO,333.000, 221.000, 0.457, 5.936, -8.676, 266.939, 320.000, 240.000
22:35:48.999,13278,logger,31,INFO,333.000, 222.000, 0.456, 5.932, -8.214, 266.758, 320.000, 240.000
22:35:49.043,13321,logger,31,INFO,333.000, 223.000, 0.457, 5.942, -7.770, 267.198, 320.000, 240.000
22:35:49.087,13365,logger,31,INFO,334.000, 223.000, 0.458, 6.406, -7.778, 267.487, 320.000, 240.000
22:35:49.131,13409,logger,31,INFO,332.000, 221.000, 0.459, 5.513, -8.728, 268.556, 320.000, 240.000
22:35:49.174,13452,logger,31,INFO,331.000, 220.000, 0.457, 5.026, -9.139, 267.129, 320.000, 240.000
22:35:49.218,13496,logger,31,INFO,330.000, 219.000, 0.456, 4.560, -9.576, 266.571, 320.000, 240.000
22:35:49.265,13543,logger,31,INFO,330.000, 218.000, 0.457, 4.571, -10.056, 267.208, 320.000, 240.000
22:35:49.356,13634,logger,31,INFO,328.000, 217.000, 0.460, 3.682, -10.587, 269.089, 320.000, 240.000
22:35:49.402,13681,logger,31,INFO,327.000, 216.000, 0.456, 3.192, -10.946, 266.615, 320.000, 240.000
22:35:49.446,13725,logger,31,INFO,328.000, 215.000, 0.458, 3.661, -11.442, 267.548, 320.000, 240.000
22:35:49.490,13768,logger,31,INFO,329.000, 215.000, 0.456, 4.101, -11.391, 266.369, 320.000, 240.000
22:35:49.533,13811,logger,31,INFO,329.000, 215.000, 0.456, 4.107, -11.408, 266.766, 320.000, 240.000
22:35:49.576,13854,logger,31,INFO,327.000, 215.000, 0.458, 3.205, -11.445, 267.639, 320.000, 240.000
22:35:49.620,13898,logger,31,INFO,326.000, 214.000, 0.456, 2.733, -11.845, 266.323, 320.000, 240.000
22:35:49.664,13943,logger,31,INFO,327.000, 213.000, 0.457, 3.197, -12.331, 266.997, 320.000, 240.000
22:35:49.749,14027,logger,31,INFO,327.000, 214.000, 0.455, 3.188, -11.841, 266.251, 320.000, 240.000
22:35:49.793,14071,logger,31,INFO,327.000, 216.000, 0.456, 3.190, -10.936, 266.378, 320.000, 240.000
22:35:49.837,14115,logger,31,INFO,326.000, 217.000, 0.457, 2.741, -10.508, 267.098, 320.000, 240.000
22:35:49.880,14158,logger,31,INFO,326.000, 218.000, 0.477, 2.864, -10.502, 279.063, 320.000, 240.000
22:35:49.924,14203,logger,31,INFO,326.000, 219.000, 0.457, 2.743, -9.601, 267.265, 320.000, 240.000
22:35:49.969,14247,logger,31,INFO,326.000, 220.000, 0.457, 2.743, -9.145, 267.301, 320.000, 240.000
22:35:50.056,14334,logger,31,INFO,326.000, 221.000, 0.458, 2.747, -8.700, 267.671, 320.000, 240.000
22:35:50.099,14377,logger,31,INFO,324.000, 221.000, 0.459, 1.838, -8.728, 268.553, 320.000, 240.000
22:35:50.143,14421,logger,31,INFO,323.000, 221.000, 0.456, 1.369, -8.672, 266.815, 320.000, 240.000
22:35:50.188,14466,logger,31,INFO,323.000, 220.000, 0.456, 1.367, -9.114, 266.404, 320.000, 240.000
22:35:50.232,14510,logger,31,INFO,322.000, 219.000, 0.458, 0.915, -9.609, 267.497, 320.000, 240.000
22:35:50.277,14555,logger,31,INFO,321.000, 219.000, 0.457, 0.457, -9.607, 267.441, 320.000, 240.000
22:35:50.319,14597,logger,31,INFO,321.000, 218.000, 0.455, 0.455, -10.020, 266.250, 320.000, 240.000
22:35:50.363,14642,logger,31,INFO,321.000, 217.000, 0.454, 0.454, -10.446, 265.503, 320.000, 240.000
22:35:50.448,14726,logger,31,INFO,321.000, 217.000, 0.455, 0.455, -10.467, 266.049, 320.000, 240.000
22:35:50.494,14773,logger,31,INFO,321.000, 217.000, 0.455, 0.455, -10.475, 266.258, 320.000, 240.000
22:35:50.540,14818,logger,31,INFO,321.000, 217.000, 0.455, 0.455, -10.466, 266.023, 320.000, 240.000
22:35:50.584,14862,logger,31,INFO,322.000, 216.000, 0.456, 0.912, -10.946, 266.616, 320.000, 240.000
22:35:50.629,14907,logger,31,INFO,322.000, 216.000, 0.456, 0.913, -10.951, 266.754, 320.000, 240.000
22:35:50.672,14950,logger,31,INFO,321.000, 216.000, 0.455, 0.455, -10.920, 265.984, 320.000, 240.000
22:35:50.715,14994,logger,31,INFO,322.000, 215.000, 0.456, 0.911, -11.393, 266.405, 320.000, 240.000
22:35:50.803,15081,logger,31,INFO,321.000, 215.000, 0.456, 0.456, -11.388, 266.295, 320.000, 240.000
22:35:50.847,15125,logger,31,INFO,320.000, 216.000, 0.456, 0.000, -10.945, 266.595, 320.000, 240.000
22:35:50.890,15168,logger,31,INFO,321.000, 217.000, 0.456, 0.456, -10.492, 266.686, 320.000, 240.000
22:35:50.932,15210,logger,31,INFO,321.000, 216.000, 0.454, 0.454, -10.900, 265.513, 320.000, 240.000
22:35:50.975,15254,logger,31,INFO,321.000, 215.000, 0.455, 0.455, -11.384, 266.208, 320.000, 240.000
22:35:51.018,15296,logger,31,INFO,320.000, 216.000, 0.456, 0.000, -10.932, 266.291, 320.000, 240.000
22:35:51.062,15341,logger,31,INFO,320.000, 216.000, 0.477, 0.000, -11.440, 278.671, 320.000, 240.000
22:35:51.149,15427,logger,31,INFO,321.000, 215.000, 0.456, 0.456, -11.406, 266.716, 320.000, 240.000
22:35:51.191,15469,logger,31,INFO,321.000, 214.000, 0.456, 0.456, -11.865, 266.783, 320.000, 240.000
22:35:51.236,15515,logger,31,INFO,319.000, 215.000, 0.456, -0.456, -11.400, 266.579, 320.000, 240.000
22:35:51.280,15559,logger,31,INFO,320.000, 216.000, 0.455, 0.000, -10.930, 266.243, 320.000, 240.000
22:35:51.325,15603,logger,31,INFO,319.000, 215.000, 0.454, -0.454, -11.351, 265.424, 320.000, 240.000
22:35:51.368,15647,logger,31,INFO,319.000, 216.000, 0.455, -0.455, -10.913, 265.822, 320.000, 240.000
22:35:51.414,15692,logger,31,INFO,318.000, 217.000, 0.456, -0.912, -10.485, 266.500, 320.000, 240.000
22:35:51.501,15780,logger,31,INFO,317.000, 217.000, 0.455, -1.366, -10.473, 266.201, 320.000, 240.000
22:35:51.546,15825,logger,31,INFO,317.000, 216.000, 0.455, -1.366, -10.924, 266.094, 320.000, 240.000
22:35:51.589,15868,logger,31,INFO,318.000, 217.000, 0.477, -0.953, -10.964, 278.679, 320.000, 240.000
22:35:51.633,15911,logger,31,INFO,318.000, 217.000, 0.455, -0.910, -10.465, 265.989, 320.000, 240.000
22:35:51.677,15955,logger,31,INFO,319.000, 217.000, 0.456, -0.456, -10.499, 266.869, 320.000, 240.000
22:35:51.721,15999,logger,31,INFO,320.000, 218.000, 0.456, 0.000, -10.031, 266.546, 320.000, 240.000
22:35:51.764,16042,logger,31,INFO,320.000, 218.000, 0.478, 0.000, -10.507, 279.196, 320.000, 240.000
22:35:51.848,16127,logger,31,INFO,321.000, 218.000, 0.459, 0.459, -10.108, 268.605, 320.000, 240.000
22:35:51.899,16177,logger,31,INFO,322.000, 218.000, 0.457, 0.914, -10.052, 267.108, 320.000, 240.000
22:35:51.950,16228,logger,31,INFO,323.000, 217.000, 0.457, 1.370, -10.507, 267.055, 320.000, 240.000
22:35:51.993,16272,logger,31,INFO,323.000, 217.000, 0.457, 1.371, -10.512, 267.194, 320.000, 240.000
22:35:52.042,16320,logger,31,INFO,323.000, 218.000, 0.458, 1.373, -10.068, 267.533, 320.000, 240.000
22:35:52.091,16369,logger,31,INFO,323.000, 218.000, 0.457, 1.372, -10.061, 267.360, 320.000, 240.000
22:35:52.138,16416,logger,31,INFO,323.000, 218.000, 0.458, 1.374, -10.078, 267.800, 320.000, 240.000
22:35:52.190,16468,logger,31,INFO,323.000, 218.000, 0.459, 1.377, -10.095, 268.263, 320.000, 240.000
22:35:52.236,16514,logger,31,INFO,322.000, 218.000, 0.460, 0.920, -10.123, 268.990, 320.000, 240.000
22:35:52.280,16559,logger,31,INFO,319.000, 219.000, 0.459, -0.459, -9.645, 268.492, 320.000, 240.000
22:35:52.331,16609,logger,31,INFO,317.000, 219.000, 0.464, -1.391, -9.735, 271.016, 320.000, 240.000
22:35:52.375,16653,logger,31,INFO,313.000, 218.000, 0.467, -3.271, -10.281, 273.182, 320.000, 240.000
22:35:52.419,16697,logger,31,INFO,309.000, 218.000, 0.460, -5.062, -10.124, 269.029, 320.000, 240.000
22:35:52.503,16782,logger,31,INFO,305.000, 217.000, 0.463, -6.951, -10.658, 270.890, 320.000, 240.000
22:35:52.548,16826,logger,31,INFO,301.000, 215.000, 0.464, -8.813, -11.596, 271.166, 320.000, 240.000
22:35:52.592,16870,logger,31,INFO,298.000, 213.000, 0.460, -10.113, -12.411, 268.717, 320.000, 240.000
22:35:52.637,16915,logger,31,INFO,294.000, 212.000, 0.461, -11.989, -12.911, 269.562, 320.000, 240.000
22:35:52.678,16957,logger,31,INFO,291.000, 210.000, 0.455, -13.203, -13.659, 266.160, 320.000, 240.000
22:35:52.722,17001,logger,31,INFO,287.000, 207.000, 0.458, -15.108, -15.108, 267.646, 320.000, 240.000
22:35:52.766,17044,logger,31,INFO,283.000, 206.000, 0.458, -16.932, -15.560, 267.532, 320.000, 240.000
22:35:52.854,17132,logger,31,INFO,280.000, 204.000, 0.452, -18.068, -16.261, 264.067, 320.000, 240.000
22:35:52.898,17176,logger,31,INFO,278.000, 204.000, 0.448, -18.836, -16.145, 262.173, 320.000, 240.000
22:35:52.940,17218,logger,31,INFO,276.000, 203.000, 0.449, -19.739, -16.599, 262.258, 320.000, 240.000
22:35:52.984,17263,logger,31,INFO,275.000, 203.000, 0.448, -20.158, -16.574, 261.875, 320.000, 240.000
22:35:53.027,17305,logger,31,INFO,274.000, 204.000, 0.446, -20.511, -16.052, 260.663, 320.000, 240.000
22:35:53.070,17348,logger,31,INFO,275.000, 204.000, 0.447, -20.103, -16.082, 261.154, 320.000, 240.000
22:35:53.115,17393,logger,31,INFO,275.000, 204.000, 0.446, -20.088, -16.071, 260.969, 320.000, 240.000
22:35:53.202,17481,logger,31,INFO,274.000, 202.000, 0.448, -20.599, -17.017, 261.790, 320.000, 240.000
22:35:53.246,17524,logger,31,INFO,274.000, 202.000, 0.449, -20.677, -17.081, 262.776, 320.000, 240.000
22:35:53.289,17567,logger,31,INFO,277.000, 203.000, 0.446, -19.187, -16.510, 260.858, 320.000, 240.000
22:35:53.333,17611,logger,31,INFO,276.000, 203.000, 0.446, -19.624, -16.502, 260.727, 320.000, 240.000
22:35:53.377,17656,logger,31,INFO,274.000, 205.000, 0.449, -20.651, -15.713, 262.445, 320.000, 240.000
22:35:53.422,17700,logger,31,INFO,272.000, 208.000, 0.445, -21.355, -14.237, 260.092, 320.000, 240.000
22:35:53.465,17743,logger,31,INFO,272.000, 210.000, 0.444, -21.302, -13.314, 259.444, 320.000, 240.000
22:35:53.513,17791,logger,31,INFO,274.000, 210.000, 0.452, -20.772, -13.547, 263.989, 320.000, 240.000
22:35:53.598,17876,logger,31,INFO,277.000, 209.000, 0.444, -19.085, -13.759, 259.465, 320.000, 240.000
22:35:53.644,17923,logger,31,INFO,276.000, 206.000, 0.451, -19.860, -15.346, 263.862, 320.000, 240.000
22:35:53.688,17966,logger,31,INFO,268.000, 220.000, 0.493, -25.610, -9.850, 287.920, 320.000, 240.000
22:35:53.731,18010,logger,31,INFO,258.000, 210.000, 0.481, -29.851, -14.444, 281.470, 320.000, 240.000
22:35:53.774,18053,logger,31,INFO,253.000, 211.000, 0.440, -29.511, -12.773, 257.494, 320.000, 240.000
22:35:53.817,18095,logger,31,INFO,253.000, 210.000, 0.437, -29.276, -13.108, 255.440, 320.000, 240.000
22:35:53.902,18181,logger,31,INFO,254.000, 209.000, 0.436, -28.757, -13.507, 254.720, 320.000, 240.000
22:35:53.946,18224,logger,31,INFO,253.000, 210.000, 0.437, -29.270, -13.106, 255.391, 320.000, 240.000
22:35:53.988,18267,logger,31,INFO,252.000, 208.000, 0.433, -29.465, -13.866, 253.310, 320.000, 240.000
22:35:54.033,18312,logger,31,INFO,254.000, 204.000, 0.458, -30.199, -16.472, 267.490, 320.000, 240.000
22:35:54.080,18359,logger,31,INFO,256.000, 197.000, 0.451, -28.836, -19.374, 263.397, 320.000, 240.000
22:35:54.125,18403,logger,31,INFO,256.000, 193.000, 0.437, -27.948, -20.525, 255.292, 320.000, 240.000
22:35:54.167,18445,logger,31,INFO,251.000, 190.000, 0.462, -31.906, -23.121, 270.327, 320.000, 240.000
22:35:54.252,18530,logger,31,INFO,246.000, 191.000, 0.432, -31.947, -21.154, 252.383, 320.000, 240.000
22:35:54.295,18573,logger,31,INFO,245.000, 191.000, 0.427, -32.019, -20.919, 249.576, 320.000, 240.000
22:35:54.337,18615,logger,31,INFO,245.000, 189.000, 0.426, -31.917, -21.704, 248.782, 320.000, 240.000
22:35:54.380,18658,logger,31,INFO,245.000, 187.000, 0.426, -31.955, -22.582, 249.081, 320.000, 240.000
22:35:54.422,18700,logger,31,INFO,246.000, 185.000, 0.444, -32.819, -24.393, 259.274, 320.000, 240.000
22:35:54.465,18743,logger,31,INFO,246.000, 183.000, 0.443, -32.781, -25.250, 258.966, 320.000, 240.000
22:35:54.555,18833,logger,31,INFO,245.000, 182.000, 0.426, -31.923, -24.687, 248.829, 320.000, 240.000
22:35:54.598,18876,logger,31,INFO,244.000, 183.000, 0.425, -32.285, -24.214, 248.337, 320.000, 240.000
22:35:54.640,18918,logger,31,INFO,244.000, 183.000, 0.424, -32.229, -24.172, 247.907, 320.000, 240.000
22:35:54.685,18963,logger,31,INFO,244.000, 182.000, 0.424, -32.222, -24.590, 247.855, 320.000, 240.000
22:35:54.727,19005,logger,31,INFO,244.000, 181.000, 0.424, -32.239, -25.028, 247.987, 320.000, 240.000
22:35:54.770,19049,logger,31,INFO,243.000, 181.000, 0.424, -32.653, -25.020, 247.906, 320.000, 240.000
22:35:54.814,19092,logger,31,INFO,242.000, 181.000, 0.423, -32.998, -24.960, 247.319, 320.000, 240.000
22:35:54.899,19177,logger,31,INFO,242.000, 181.000, 0.424, -33.099, -25.037, 248.075, 320.000, 240.000
22:35:54.943,19221,logger,31,INFO,240.000, 181.000, 0.424, -33.927, -25.021, 247.922, 320.000, 240.000
22:35:54.986,19265,logger,31,INFO,239.000, 180.000, 0.422, -34.188, -25.325, 246.747, 320.000, 240.000
22:35:55.034,19312,logger,31,INFO,238.000, 179.000, 0.421, -34.521, -25.680, 246.107, 320.000, 240.000
22:35:55.079,19357,logger,31,INFO,237.000, 179.000, 0.420, -34.868, -25.626, 245.590, 320.000, 240.000
22:35:55.122,19400,logger,31,INFO,237.000, 179.000, 0.422, -35.024, -25.740, 246.686, 320.000, 240.000
22:35:55.164,19442,logger,31,INFO,234.000, 179.000, 0.423, -36.412, -25.827, 247.520, 320.000, 240.000
22:35:55.249,19527,logger,31,INFO,232.000, 178.000, 0.419, -36.911, -26.006, 245.208, 320.000, 240.000
22:35:55.292,19571,logger,31,INFO,231.000, 178.000, 0.419, -37.249, -25.948, 244.669, 320.000, 240.000
22:35:55.334,19612,logger,31,INFO,231.000, 176.000, 0.418, -37.221, -26.766, 244.486, 320.000, 240.000
22:35:55.376,19655,logger,31,INFO,229.000, 175.000, 0.421, -38.325, -27.375, 246.208, 320.000, 240.000
22:35:55.420,19698,logger,31,INFO,226.000, 175.000, 0.418, -39.313, -27.184, 244.491, 320.000, 240.000
22:35:55.506,19784,logger,31,INFO,226.000, 174.000, 0.416, -39.068, -27.431, 242.970, 320.000, 240.000
22:35:55.550,19828,logger,31,INFO,226.000, 172.000, 0.415, -39.031, -28.235, 242.738, 320.000, 240.000
22:35:55.594,19872,logger,31,INFO,226.000, 171.000, 0.416, -39.109, -28.708, 243.224, 320.000, 240.000
22:35:55.637,19915,logger,31,INFO,225.000, 170.000, 0.416, -39.558, -29.148, 243.427, 320.000, 240.000
22:35:55.679,19957,logger,31,INFO,225.000, 169.000, 0.416, -39.488, -29.512, 242.999, 320.000, 240.000
22:35:55.723,20002,logger,31,INFO,225.000, 168.000, 0.416, -39.474, -29.917, 242.912, 320.000, 240.000
22:35:55.766,20045,logger,31,INFO,226.000, 166.000, 0.415, -39.034, -30.729, 242.756, 320.000, 240.000
22:35:55.852,20131,logger,31,INFO,226.000, 164.000, 0.415, -38.979, -31.515, 242.419, 320.000, 240.000
22:35:55.898,20177,logger,31,INFO,226.000, 164.000, 0.415, -39.030, -31.556, 242.731, 320.000, 240.000
22:35:55.952,20231,logger,31,INFO,226.000, 164.000, 0.414, -38.955, -31.495, 242.265, 320.000, 240.000
22:35:55.997,20275,logger,31,INFO,226.000, 164.000, 0.414, -38.953, -31.494, 242.253, 320.000, 240.000
22:35:56.039,20318,logger,31,INFO,227.000, 165.000, 0.415, -38.565, -31.101, 242.420, 320.000, 240.000
22:35:56.082,20360,logger,31,INFO,226.000, 165.000, 0.416, -39.069, -31.172, 242.977, 320.000, 240.000
22:35:56.126,20404,logger,31,INFO,225.000, 166.000, 0.415, -39.454, -30.733, 242.788, 320.000, 240.000
22:35:56.170,20448,logger,31,INFO,224.000, 166.000, 0.415, -39.832, -30.704, 242.563, 320.000, 240.000
22:35:56.214,20492,logger,31,INFO,224.000, 167.000, 0.415, -39.832, -30.289, 242.561, 320.000, 240.000
22:35:56.299,20577,logger,31,INFO,223.000, 166.000, 0.415, -40.215, -30.680, 242.370, 320.000, 240.000
22:35:56.344,20622,logger,31,INFO,223.000, 166.000, 0.415, -40.274, -30.725, 242.726, 320.000, 240.000
22:35:56.389,20668,logger,31,INFO,223.000, 166.000, 0.415, -40.245, -30.703, 242.550, 320.000, 240.000
22:35:56.432,20710,logger,31,INFO,223.000, 167.000, 0.414, -40.204, -30.256, 242.300, 320.000, 240.000
22:35:56.479,20757,logger,31,INFO,222.000, 167.000, 0.415, -40.657, -30.285, 242.532, 320.000, 240.000
22:35:56.523,20801,logger,31,INFO,222.000, 166.000, 0.415, -40.661, -30.703, 242.555, 320.000, 240.000
22:35:56.566,20844,logger,31,INFO,222.000, 167.000, 0.416, -40.736, -30.344, 243.004, 320.000, 240.000
22:35:56.654,20933,logger,31,INFO,221.000, 168.000, 0.416, -41.136, -29.917, 242.910, 320.000, 240.000
22:35:56.701,20980,logger,31,INFO,222.000, 169.000, 0.416, -40.777, -29.542, 243.246, 320.000, 240.000
22:35:56.746,21024,logger,31,INFO,223.000, 169.000, 0.417, -40.419, -29.585, 243.595, 320.000, 240.000
22:35:56.796,21074,logger,31,INFO,224.000, 169.000, 0.416, -39.961, -29.554, 243.345, 320.000, 240.000
22:35:56.839,21117,logger,31,INFO,224.000, 170.000, 0.417, -39.995, -29.163, 243.553, 320.000, 240.000
22:35:56.882,21160,logger,31,INFO,224.000, 172.000, 0.417, -40.024, -28.350, 243.731, 320.000, 240.000
22:35:56.926,21204,logger,31,INFO,226.000, 172.000, 0.418, -39.332, -28.453, 244.613, 320.000, 240.000
22:35:56.968,21246,logger,31,INFO,228.000, 172.000, 0.418, -38.467, -28.432, 244.430, 320.000, 240.000
22:35:57.018,21296,logger,31,INFO,229.000, 173.000, 0.417, -37.976, -27.960, 243.966, 320.000, 240.000
22:35:57.065,21343,logger,31,INFO,228.000, 174.000, 0.418, -38.465, -27.595, 244.422, 320.000, 240.000
22:35:57.151,21429,logger,31,INFO,228.000, 174.000, 0.418, -38.463, -27.593, 244.410, 320.000, 240.000
22:35:57.194,21472,logger,31,INFO,228.000, 173.000, 0.417, -38.386, -27.955, 243.921, 320.000, 240.000
22:35:57.239,21517,logger,31,INFO,228.000, 173.000, 0.418, -38.439, -27.994, 244.257, 320.000, 240.000
22:35:57.284,21562,logger,31,INFO,228.000, 173.000, 0.418, -38.420, -27.980, 244.135, 320.000, 240.000
22:35:57.328,21606,logger,31,INFO,228.000, 173.000, 0.418, -38.436, -27.992, 244.238, 320.000, 240.000
22:35:57.371,21649,logger,31,INFO,228.000, 173.000, 0.418, -38.421, -27.980, 244.138, 320.000, 240.000
22:35:57.414,21692,logger,31,INFO,228.000, 173.000, 0.418, -38.467, -28.014, 244.434, 320.000, 240.000
22:35:57.502,21780,logger,31,INFO,228.000, 172.000, 0.417, -38.397, -28.380, 243.988, 320.000, 240.000
22:35:57.545,21824,logger,31,INFO,228.000, 171.000, 0.417, -38.391, -28.793, 243.950, 320.000, 240.000
22:35:57.588,21867,logger,31,INFO,228.000, 172.000, 0.417, -38.409, -28.389, 244.065, 320.000, 240.000
22:35:57.632,21911,logger,31,INFO,228.000, 174.000, 0.418, -38.432, -27.571, 244.213, 320.000, 240.000
22:35:57.674,21952,logger,31,INFO,228.000, 176.000, 0.418, -38.438, -26.739, 244.245, 320.000, 240.000
22:35:57.717,21995,logger,31,INFO,228.000, 179.000, 0.418, -38.495, -25.524, 244.614, 320.000, 240.000
22:35:57.765,22044,logger,31,INFO,227.000, 182.000, 0.419, -38.943, -24.287, 244.799, 320.000, 240.000
22:35:57.852,22130,logger,31,INFO,227.000, 184.000, 0.418, -38.839, -23.387, 244.144, 320.000, 240.000
22:35:57.896,22174,logger,31,INFO,226.000, 185.000, 0.419, -39.400, -23.053, 245.034, 320.000, 240.000
22:35:57.938,22217,logger,31,INFO,224.000, 188.000, 0.422, -40.486, -21.930, 246.543, 320.000, 240.000
22:35:57.985,22263,logger,31,INFO,221.000, 195.000, 0.441, -43.661, -19.846, 257.817, 320.000, 240.000
22:35:58.028,22306,logger,31,INFO,218.000, 202.000, 0.441, -45.011, -16.769, 257.972, 320.000, 240.000
22:35:58.073,22351,logger,31,INFO,216.000, 205.000, 0.421, -43.816, -14.746, 246.298, 320.000, 240.000
22:35:58.116,22394,logger,31,INFO,214.000, 209.000, 0.419, -44.376, -12.978, 244.740, 320.000, 240.000
22:35:58.161,22439,logger,31,INFO,213.000, 214.000, 0.418, -44.755, -10.875, 244.522, 320.000, 240.000
22:35:58.247,22525,logger,31,INFO,213.000, 216.000, 0.420, -44.914, -10.074, 245.388, 320.000, 240.000
22:35:58.292,22570,logger,31,INFO,212.000, 218.000, 0.419, -45.261, -9.220, 244.998, 320.000, 240.000
22:35:58.334,22612,logger,31,INFO,212.000, 221.000, 0.420, -45.352, -7.979, 245.491, 320.000, 240.000
22:35:58.378,22657,logger,31,INFO,212.000, 222.000, 0.420, -45.375, -7.563, 245.613, 320.000, 240.000
22:35:58.423,22701,logger,31,INFO,212.000, 223.000, 0.421, -45.422, -7.150, 245.867, 320.000, 240.000
22:35:58.467,22745,logger,31,INFO,211.000, 224.000, 0.420, -45.768, -6.718, 245.467, 320.000, 240.000
22:35:58.512,22790,logger,31,INFO,212.000, 224.000, 0.420, -45.347, -6.718, 245.462, 320.000, 240.000
22:35:58.597,22875,logger,31,INFO,211.000, 223.000, 0.421, -45.859, -7.152, 245.955, 320.000, 240.000
22:35:58.642,22920,logger,31,INFO,211.000, 223.000, 0.419, -45.713, -7.129, 245.171, 320.000, 240.000
22:35:58.692,22970,logger,31,INFO,211.000, 222.000, 0.420, -45.791, -7.562, 245.592, 320.000, 240.000
22:35:58.734,23012,logger,31,INFO,211.000, 222.000, 0.421, -45.879, -7.576, 246.065, 320.000, 240.000
22:35:58.778,23056,logger,31,INFO,211.000, 221.000, 0.439, -47.825, -8.336, 256.500, 320.000, 240.000
22:35:58.820,23098,logger,31,INFO,212.000, 219.000, 0.439, -47.392, -9.215, 256.529, 320.000, 240.000
22:35:58.863,23142,logger,31,INFO,212.000, 219.000, 0.421, -45.507, -8.849, 246.328, 320.000, 240.000
22:35:58.952,23230,logger,31,INFO,211.000, 219.000, 0.421, -45.852, -8.834, 245.919, 320.000, 240.000
22:35:58.994,23273,logger,31,INFO,211.000, 217.000, 0.420, -45.830, -9.671, 245.802, 320.000, 240.000
22:35:59.037,23316,logger,31,INFO,211.000, 216.000, 0.421, -45.856, -10.097, 245.939, 320.000, 240.000
22:35:59.081,23359,logger,31,INFO,210.000, 216.000, 0.420, -46.243, -10.089, 245.760, 320.000, 240.000
22:35:59.124,23402,logger,31,INFO,209.000, 217.000, 0.421, -46.785, -9.694, 246.403, 320.000, 240.000
22:35:59.167,23446,logger,31,INFO,209.000, 218.000, 0.420, -46.670, -9.250, 245.796, 320.000, 240.000
22:35:59.212,23491,logger,31,INFO,209.000, 217.000, 0.420, -46.607, -9.657, 245.465, 320.000, 240.000
22:35:59.304,23582,logger,31,INFO,209.000, 218.000, 0.419, -46.501, -9.216, 244.903, 320.000, 240.000
22:35:59.348,23626,logger,31,INFO,209.000, 220.000, 0.420, -46.639, -8.403, 245.630, 320.000, 240.000
22:35:59.391,23670,logger,31,INFO,208.000, 221.000, 0.420, -47.041, -7.980, 245.536, 320.000, 240.000
22:35:59.434,23712,logger,31,INFO,209.000, 220.000, 0.420, -46.619, -8.400, 245.527, 320.000, 240.000
22:35:59.477,23756,logger,31,INFO,209.000, 221.000, 0.421, -46.736, -8.000, 246.143, 320.000, 240.000
22:35:59.519,23798,logger,31,INFO,209.000, 222.000, 0.421, -46.764, -7.583, 246.289, 320.000, 240.000
22:35:59.564,23842,logger,31,INFO,210.000, 222.000, 0.421, -46.349, -7.584, 246.323, 320.000, 240.000
22:35:59.650,23928,logger,31,INFO,211.000, 222.000, 0.420, -45.823, -7.567, 245.764, 320.000, 240.000
22:35:59.694,23973,logger,31,INFO,211.000, 223.000, 0.422, -45.992, -7.173, 246.669, 320.000, 240.000
22:35:59.737,24016,logger,31,INFO,211.000, 223.000, 0.422, -45.991, -7.173, 246.663, 320.000, 240.000
22:35:59.783,24061,logger,31,INFO,212.000, 223.000, 0.422, -45.594, -7.177, 246.800, 320.000, 240.000
22:35:59.825,24103,logger,31,INFO,212.000, 223.000, 0.422, -45.556, -7.171, 246.591, 320.000, 240.000
22:35:59.868,24146,logger,31,INFO,212.000, 223.000, 0.422, -45.548, -7.170, 246.550, 320.000, 240.000
22:35:59.913,24192,logger,31,INFO,212.000, 222.000, 0.422, -45.537, -7.589, 246.488, 320.000, 240.000
22:36:00.001,24280,logger,31,INFO,213.000, 222.000, 0.422, -45.201, -7.604, 246.959, 320.000, 240.000
22:36:00.043,24321,logger,31,INFO,213.000, 222.000, 0.422, -45.107, -7.588, 246.443, 320.000, 240.000
22:36:00.085,24363,logger,31,INFO,213.000, 222.000, 0.421, -44.998, -7.570, 245.850, 320.000, 240.000
22:36:00.129,24407,logger,31,INFO,213.000, 223.000, 0.420, -44.950, -7.142, 245.588, 320.000, 240.000
22:36:00.173,24451,logger,31,INFO,213.000, 223.000, 0.422, -45.173, -7.177, 246.805, 320.000, 240.000
22:36:00.217,24495,logger,31,INFO,212.000, 224.000, 0.422, -45.569, -6.751, 246.663, 320.000, 240.000
22:36:00.262,24540,logger,31,INFO,212.000, 224.000, 0.421, -45.438, -6.732, 245.953, 320.000, 240.000
22:36:00.347,24625,logger,31,INFO,211.000, 224.000, 0.421, -45.936, -6.743, 246.370, 320.000, 240.000
22:36:00.390,24668,logger,31,INFO,211.000, 224.000, 0.421, -45.889, -6.736, 246.115, 320.000, 240.000
22:36:00.432,24711,logger,31,INFO,210.000, 224.000, 0.421, -46.358, -6.743, 246.373, 320.000, 240.000
22:36:00.475,24753,logger,31,INFO,210.000, 223.000, 0.421, -46.259, -7.149, 245.846, 320.000, 240.000
22:36:00.518,24796,logger,31,INFO,209.000, 222.000, 0.421, -46.714, -7.575, 246.029, 320.000, 240.000
22:36:00.563,24841,logger,31,INFO,208.000, 221.000, 0.420, -47.055, -7.983, 245.610, 320.000, 240.000
22:36:00.648,24926,logger,31,INFO,209.000, 220.000, 0.420, -46.647, -8.405, 245.674, 320.000, 240.000
22:36:00.692,24970,logger,31,INFO,209.000, 219.000, 0.421, -46.705, -8.836, 245.979, 320.000, 240.000
22:36:00.735,25013,logger,31,INFO,209.000, 219.000, 0.421, -46.684, -8.832, 245.870, 320.000, 240.000
22:36:00.778,25056,logger,31,INFO,209.000, 218.000, 0.419, -46.539, -9.224, 245.107, 320.000, 240.000
22:36:00.823,25101,logger,31,INFO,209.000, 217.000, 0.420, -46.639, -9.664, 245.633, 320.000, 240.000
22:36:00.865,25144,logger,31,INFO,209.000, 216.000, 0.419, -46.520, -10.058, 245.004, 320.000, 240.000
22:36:00.909,25188,logger,31,INFO,209.000, 215.000, 0.420, -46.601, -10.496, 245.432, 320.000, 240.000
22:36:00.995,25273,logger,31,INFO,209.000, 215.000, 0.420, -46.607, -10.497, 245.465, 320.000, 240.000
22:36:01.040,25318,logger,31,INFO,209.000, 215.000, 0.420, -46.595, -10.494, 245.401, 320.000, 240.000
22:36:01.084,25362,logger,31,INFO,209.000, 216.000, 0.419, -46.496, -10.053, 244.878, 320.000, 240.000
22:36:01.127,25406,logger,31,INFO,209.000, 216.000, 0.420, -46.672, -10.091, 245.805, 320.000, 240.000
22:36:01.172,25450,logger,31,INFO,210.000, 216.000, 0.419, -46.134, -10.066, 245.181, 320.000, 240.000
22:36:01.215,25493,logger,31,INFO,209.000, 217.000, 0.422, -46.853, -9.708, 246.761, 320.000, 240.000
22:36:01.262,25540,logger,31,INFO,207.000, 218.000, 0.421, -47.565, -9.261, 246.078, 320.000, 240.000
22:36:01.349,25627,logger,31,INFO,206.000, 217.000, 0.418, -47.708, -9.625, 244.648, 320.000, 240.000
22:36:01.392,25670,logger,31,INFO,206.000, 216.000, 0.418, -47.691, -10.040, 244.560, 320.000, 240.000
22:36:01.436,25715,logger,31,INFO,205.000, 217.000, 0.436, -50.152, -10.030, 254.947, 320.000, 240.000
22:36:01.480,25758,logger,31,INFO,205.000, 217.000, 0.419, -48.153, -9.631, 244.785, 320.000, 240.000
22:36:01.524,25803,logger,31,INFO,206.000, 216.000, 0.418, -47.676, -10.037, 244.486, 320.000, 240.000
22:36:01.566,25845,logger,31,INFO,206.000, 216.000, 0.418, -47.693, -10.041, 244.572, 320.000, 240.000
22:36:01.609,25888,logger,31,INFO,206.000, 216.000, 0.419, -47.739, -10.050, 244.811, 320.000, 240.000
22:36:01.693,25972,logger,31,INFO,205.000, 216.000, 0.420, -48.269, -10.074, 245.376, 320.000, 240.000
22:36:01.737,26015,logger,31,INFO,204.000, 217.000, 0.419, -48.580, -9.632, 244.827, 320.000, 240.000
22:36:01.781,26060,logger,31,INFO,204.000, 217.000, 0.418, -48.513, -9.619, 244.486, 320.000, 240.000
22:36:01.825,26104,logger,31,INFO,204.000, 218.000, 0.419, -48.583, -9.214, 244.841, 320.000, 240.000
22:36:01.869,26147,logger,31,INFO,203.000, 220.000, 0.419, -49.065, -8.387, 245.156, 320.000, 240.000
22:36:01.915,26193,logger,31,INFO,203.000, 221.000, 0.419, -48.974, -7.953, 244.702, 320.000, 240.000
22:36:01.962,26241,logger,31,INFO,203.000, 222.000, 0.419, -48.988, -7.537, 244.771, 320.000, 240.000
22:36:02.050,26329,logger,31,INFO,202.000, 224.000, 0.420, -49.555, -6.719, 245.505, 320.000, 240.000
22:36:02.095,26374,logger,31,INFO,200.000, 226.000, 0.421, -50.471, -5.888, 245.878, 320.000, 240.000
22:36:02.141,26420,logger,31,INFO,199.000, 226.000, 0.418, -50.582, -5.852, 244.383, 320.000, 240.000
22:36:02.185,26463,logger,31,INFO,200.000, 223.000, 0.422, -50.614, -7.170, 246.572, 320.000, 240.000
22:36:02.227,26506,logger,31,INFO,203.000, 220.000, 0.421, -49.257, -8.420, 246.119, 320.000, 240.000
22:36:02.272,26550,logger,31,INFO,204.000, 216.000, 0.419, -48.555, -10.046, 244.700, 320.000, 240.000
22:36:02.315,26594,logger,31,INFO,205.000, 214.000, 0.419, -48.147, -10.885, 244.754, 320.000, 240.000
22:36:02.405,26683,logger,31,INFO,205.000, 215.000, 0.436, -50.174, -10.907, 255.058, 320.000, 240.000
22:36:02.449,26727,logger,31,INFO,204.000, 217.000, 0.419, -48.573, -9.631, 244.790, 320.000, 240.000
22:36:02.492,26770,logger,31,INFO,204.000, 217.000, 0.419, -48.565, -9.629, 244.751, 320.000, 240.000
22:36:02.536,26814,logger,31,INFO,204.000, 215.000, 0.418, -48.448, -10.441, 244.163, 320.000, 240.000
22:36:02.580,26859,logger,31,INFO,203.000, 213.000, 0.418, -48.915, -11.288, 244.407, 320.000, 240.000
22:36:02.624,26902,logger,31,INFO,202.000, 210.000, 0.418, -49.306, -12.535, 244.273, 320.000, 240.000
22:36:02.670,26949,logger,31,INFO,201.000, 208.000, 0.417, -49.655, -13.353, 243.934, 320.000, 240.000
22:36:02.717,26995,logger,31,INFO,200.000, 208.000, 0.418, -50.122, -13.366, 244.179, 320.000, 240.000
22:36:02.762,27040,logger,31,INFO,199.000, 210.000, 0.419, -50.642, -12.556, 244.672, 320.000, 240.000
22:36:02.851,27130,logger,31,INFO,198.000, 211.000, 0.417, -50.834, -12.084, 243.587, 320.000, 240.000
22:36:02.894,27172,logger,31,INFO,198.000, 212.000, 0.418, -50.992, -11.703, 244.343, 320.000, 240.000
22:36:02.938,27216,logger,31,INFO,200.000, 212.000, 0.418, -50.209, -11.715, 244.603, 320.000, 240.000
22:36:02.981,27259,logger,31,INFO,200.000, 212.000, 0.417, -50.090, -11.688, 244.021, 320.000, 240.000
22:36:03.024,27303,logger,31,INFO,201.000, 211.000, 0.418, -49.753, -12.125, 244.415, 320.000, 240.000
22:36:03.068,27346,logger,31,INFO,202.000, 211.000, 0.418, -49.309, -12.118, 244.287, 320.000, 240.000
22:36:03.113,27391,logger,31,INFO,203.000, 210.000, 0.418, -48.909, -12.541, 244.380, 320.000, 240.000
22:36:03.199,27477,logger,31,INFO,203.000, 210.000, 0.419, -49.065, -12.581, 245.159, 320.000, 240.000
22:36:03.242,27520,logger,31,INFO,204.000, 209.000, 0.419, -48.613, -12.991, 244.994, 320.000, 240.000
22:36:03.287,27565,logger,31,INFO,205.000, 210.000, 0.419, -48.195, -12.573, 244.999, 320.000, 240.000
22:36:03.332,27610,logger,31,INFO,206.000, 210.000, 0.419, -47.752, -12.566, 244.874, 320.000, 240.000
22:36:03.378,27656,logger,31,INFO,207.000, 210.000, 0.420, -47.430, -12.592, 245.376, 320.000, 240.000
22:36:03.420,27699,logger,31,INFO,207.000, 210.000, 0.419, -47.340, -12.568, 244.911, 320.000, 240.000
22:36:03.464,27743,logger,31,INFO,206.000, 210.000, 0.419, -47.735, -12.562, 244.788, 320.000, 240.000
22:36:03.550,27828,logger,31,INFO,206.000, 208.000, 0.418, -47.671, -13.381, 244.462, 320.000, 240.000
22:36:03.594,27873,logger,31,INFO,206.000, 207.000, 0.419, -47.791, -13.834, 245.074, 320.000, 240.000
22:36:03.638,27917,logger,31,INFO,206.000, 208.000, 0.419, -47.771, -13.409, 244.971, 320.000, 240.000
22:36:03.683,27962,logger,31,INFO,204.000, 209.000, 0.419, -48.588, -12.985, 244.868, 320.000, 240.000
22:36:03.727,28005,logger,31,INFO,203.000, 209.000, 0.418, -48.895, -12.955, 244.308, 320.000, 240.000
22:36:03.771,28049,logger,31,INFO,203.000, 208.000, 0.417, -48.826, -13.354, 243.964, 320.000, 240.000
22:36:03.813,28091,logger,31,INFO,202.000, 208.000, 0.419, -49.472, -13.416, 245.098, 320.000, 240.000
22:36:03.901,28180,logger,31,INFO,202.000, 207.000, 0.418, -49.345, -13.800, 244.465, 320.000, 240.000
22:36:03.945,28224,logger,31,INFO,202.000, 206.000, 0.417, -49.246, -14.190, 243.977, 320.000, 240.000
22:36:03.991,28270,logger,31,INFO,202.000, 206.000, 0.417, -49.229, -14.185, 243.893, 320.000, 240.000
22:36:04.035,28314,logger,31,INFO,202.000, 207.000, 0.418, -49.274, -13.780, 244.114, 320.000, 240.000
22:36:04.081,28359,logger,31,INFO,203.000, 207.000, 0.419, -48.984, -13.816, 244.753, 320.000, 240.000
22:36:04.126,28404,logger,31,INFO,203.000, 208.000, 0.417, -48.831, -13.356, 243.989, 320.000, 240.000
22:36:04.168,28446,logger,31,INFO,203.000, 209.000, 0.418, -48.935, -12.966, 244.506, 320.000, 240.000
22:36:04.253,28531,logger,31,INFO,203.000, 209.000, 0.419, -49.039, -12.993, 245.026, 320.000, 240.000
22:36:04.296,28574,logger,31,INFO,204.000, 207.000, 0.419, -48.565, -13.816, 244.750, 320.000, 240.000
22:36:04.340,28618,logger,31,INFO,206.000, 206.000, 0.419, -47.775, -14.249, 244.994, 320.000, 240.000
22:36:04.383,28661,logger,31,INFO,206.000, 207.000, 0.419, -47.718, -13.813, 244.700, 320.000, 240.000
22:36:04.424,28702,logger,31,INFO,205.000, 207.000, 0.435, -50.070, -14.368, 254.529, 320.000, 240.000
22:36:04.467,28746,logger,31,INFO,205.000, 206.000, 0.417, -47.983, -14.186, 243.923, 320.000, 240.000
22:36:04.554,28832,logger,31,INFO,204.000, 206.000, 0.418, -48.507, -14.217, 244.457, 320.000, 240.000
22:36:04.598,28877,logger,31,INFO,204.000, 206.000, 0.418, -48.530, -14.224, 244.575, 320.000, 240.000
22:36:04.642,28920,logger,31,INFO,203.000, 206.000, 0.418, -48.943, -14.223, 244.547, 320.000, 240.000
22:36:04.684,28962,logger,31,INFO,203.000, 206.000, 0.418, -48.932, -14.220, 244.492, 320.000, 240.000
22:36:04.728,29006,logger,31,INFO,204.000, 206.000, 0.419, -48.547, -14.229, 244.661, 320.000, 240.000
22:36:04.773,29052,logger,31,INFO,204.000, 207.000, 0.419, -48.618, -13.831, 245.017, 320.000, 240.000
22:36:04.817,29095,logger,31,INFO,205.000, 208.000, 0.419, -48.210, -13.415, 245.075, 320.000, 240.000
22:36:04.902,29180,logger,31,INFO,206.000, 208.000, 0.419, -47.735, -13.399, 244.787, 320.000, 240.000
22:36:04.946,29225,logger,31,INFO,207.000, 209.000, 0.423, -47.749, -13.099, 247.025, 320.000, 240.000
22:36:04.990,29268,logger,31,INFO,208.000, 212.000, 0.421, -47.108, -11.777, 245.888, 320.000, 240.000
22:36:05.035,29314,logger,31,INFO,208.000, 213.000, 0.420, -47.072, -11.348, 245.700, 320.000, 240.000
22:36:05.083,29362,logger,31,INFO,207.000, 212.000, 0.420, -47.492, -11.768, 245.698, 320.000, 240.000
22:36:05.127,29405,logger,31,INFO,207.000, 212.000, 0.420, -47.501, -11.770, 245.743, 320.000, 240.000
22:36:05.171,29449,logger,31,INFO,207.000, 211.000, 0.421, -47.522, -12.196, 245.852, 320.000, 240.000
22:36:05.215,29493,logger,31,INFO,207.000, 211.000, 0.420, -47.457, -12.179, 245.516, 320.000, 240.000
22:36:05.302,29581,logger,31,INFO,207.000, 211.000, 0.420, -47.474, -12.184, 245.603, 320.000, 240.000
22:36:05.345,29623,logger,31,INFO,207.000, 211.000, 0.420, -47.514, -12.194, 245.811, 320.000, 240.000
22:36:05.388,29666,logger,31,INFO,207.000, 210.000, 0.420, -47.456, -12.599, 245.511, 320.000, 240.000
22:36:05.431,29710,logger,31,INFO,207.000, 210.000, 0.420, -47.492, -12.608, 245.697, 320.000, 240.000
22:36:05.475,29754,logger,31,INFO,208.000, 210.000, 0.421, -47.099, -12.616, 245.841, 320.000, 240.000
22:36:05.520,29798,logger,31,INFO,207.000, 210.000, 0.420, -47.482, -12.606, 245.648, 320.000, 240.000
22:36:05.563,29842,logger,31,INFO,207.000, 210.000, 0.420, -47.502, -12.611, 245.752, 320.000, 240.000
22:36:05.649,29927,logger,31,INFO,208.000, 210.000, 0.420, -47.040, -12.600, 245.533, 320.000, 240.000
22:36:05.692,29971,logger,31,INFO,207.000, 210.000, 0.421, -47.525, -12.617, 245.867, 320.000, 240.000
22:36:05.734,30012,logger,31,INFO,206.000, 209.000, 0.421, -47.942, -13.037, 245.851, 320.000, 240.000
22:36:05.776,30054,logger,31,INFO,205.000, 208.000, 0.420, -48.334, -13.450, 245.707, 320.000, 240.000
22:36:05.819,30097,logger,31,INFO,204.000, 208.000, 0.419, -48.616, -13.411, 245.006, 320.000, 240.000
22:36:05.866,30144,logger,31,INFO,204.000, 208.000, 0.420, -48.672, -13.427, 245.291, 320.000, 240.000
22:36:05.957,30235,logger,31,INFO,205.000, 208.000, 0.419, -48.160, -13.401, 244.819, 320.000, 240.000
22:36:05.999,30277,logger,31,INFO,205.000, 207.000, 0.420, -48.283, -13.855, 245.448, 320.000, 240.000
22:36:06.044,30322,logger,31,INFO,204.000, 206.000, 0.418, -48.544, -14.228, 244.644, 320.000, 240.000
22:36:06.088,30366,logger,31,INFO,205.000, 205.000, 0.419, -48.211, -14.673, 245.078, 320.000, 240.000
22:36:06.133,30412,logger,31,INFO,205.000, 204.000, 0.418, -48.078, -15.051, 244.403, 320.000, 240.000
22:36:06.179,30457,logger,31,INFO,206.000, 204.000, 0.420, -47.911, -15.130, 245.691, 320.000, 240.000
22:36:06.224,30502,logger,31,INFO,207.000, 206.000, 0.419, -47.333, -14.242, 244.876, 320.000, 240.000
22:36:06.267,30545,logger,31,INFO,208.000, 207.000, 0.421, -47.110, -13.881, 245.900, 320.000, 240.000
22:36:06.354,30632,logger,31,INFO,210.000, 207.000, 0.423, -46.569, -13.971, 247.495, 320.000, 240.000
22:36:06.397,30675,logger,31,INFO,212.000, 209.000, 0.421, -45.494, -13.059, 246.259, 320.000, 240.000
22:36:06.444,30722,logger,31,INFO,212.000, 211.000, 0.421, -45.521, -12.223, 246.402, 320.000, 240.000
22:36:06.488,30766,logger,31,INFO,211.000, 210.000, 0.422, -46.003, -12.661, 246.729, 320.000, 240.000
22:36:06.533,30812,logger,31,INFO,211.000, 209.000, 0.421, -45.943, -13.066, 246.404, 320.000, 240.000
22:36:06.576,30854,logger,31,INFO,212.000, 207.000, 0.422, -45.617, -13.939, 246.924, 320.000, 240.000
22:36:06.619,30897,logger,31,INFO,211.000, 206.000, 0.422, -46.003, -14.349, 246.727, 320.000, 240.000
22:36:06.662,30941,logger,31,INFO,209.000, 202.000, 0.439, -48.696, -16.671, 256.465, 320.000, 240.000
22:36:06.748,31026,logger,31,INFO,209.000, 201.000, 0.419, -46.533, -16.350, 245.075, 320.000, 240.000
22:36:06.790,31068,logger,31,INFO,209.000, 203.000, 0.420, -46.589, -15.530, 245.370, 320.000, 240.000
22:36:06.834,31112,logger,31,INFO,209.000, 206.000, 0.422, -46.883, -14.360, 246.916, 320.000, 240.000
22:36:06.879,31157,logger,31,INFO,213.000, 207.000, 0.451, -48.266, -14.886, 263.702, 320.000, 240.000
22:36:06.922,31201,logger,31,INFO,217.000, 209.000, 0.429, -44.209, -13.306, 250.920, 320.000, 240.000
22:36:06.965,31244,logger,31,INFO,219.000, 211.000, 0.424, -42.805, -12.291, 247.762, 320.000, 240.000
22:36:07.052,31330,logger,31,INFO,217.000, 211.000, 0.427, -43.996, -12.387, 249.709, 320.000, 240.000
22:36:07.096,31375,logger,31,INFO,216.000, 210.000, 0.423, -44.004, -12.694, 247.355, 320.000, 240.000
22:36:07.141,31419,logger,31,INFO,217.000, 208.000, 0.425, -43.766, -13.597, 248.405, 320.000, 240.000
22:36:07.186,31464,logger,31,INFO,216.000, 206.000, 0.426, -44.356, -14.501, 249.330, 320.000, 240.000
22:36:07.230,31508,logger,31,INFO,214.000, 205.000, 0.426, -45.177, -14.917, 249.156, 320.000, 240.000
22:36:07.275,31553,logger,31,INFO,214.000, 204.000, 0.426, -45.128, -15.327, 248.886, 320.000, 240.000
22:36:07.319,31598,logger,31,INFO,215.000, 203.000, 0.426, -44.716, -15.757, 248.963, 320.000, 240.000
22:36:07.363,31641,logger,31,INFO,215.000, 203.000, 0.426, -44.684, -15.746, 248.784, 320.000, 240.000
22:36:07.449,31727,logger,31,INFO,214.000, 207.000, 0.445, -47.128, -14.672, 259.916, 320.000, 240.000
22:36:07.492,31770,logger,31,INFO,213.000, 212.000, 0.444, -47.485, -12.426, 259.438, 320.000, 240.000
22:36:07.534,31812,logger,31,INFO,215.000, 215.000, 0.435, -45.639, -10.866, 254.098, 320.000, 240.000
22:36:07.577,31856,logger,31,INFO,220.000, 217.000, 0.433, -43.311, -9.961, 253.194, 320.000, 240.000
22:36:07.620,31899,logger,31,INFO,221.000, 218.000, 0.428, -42.365, -9.414, 250.168, 320.000, 240.000
22:36:07.665,31944,logger,31,INFO,219.000, 220.000, 0.430, -43.390, -8.592, 251.146, 320.000, 240.000
22:36:07.751,32029,logger,31,INFO,216.000, 224.000, 0.433, -44.990, -6.921, 252.893, 320.000, 240.000
22:36:07.795,32073,logger,31,INFO,213.000, 224.000, 0.432, -46.176, -6.905, 252.284, 320.000, 240.000
22:36:07.840,32118,logger,31,INFO,212.000, 223.000, 0.428, -46.196, -7.272, 250.057, 320.000, 240.000
22:36:07.883,32161,logger,31,INFO,214.000, 219.000, 0.433, -45.897, -9.093, 253.124, 320.000, 240.000
22:36:07.926,32204,logger,31,INFO,215.000, 214.000, 0.445, -46.678, -11.558, 259.887, 320.000, 240.000
22:36:07.968,32247,logger,31,INFO,213.000, 209.000, 0.445, -47.596, -13.790, 260.044, 320.000, 240.000
22:36:08.011,32289,logger,31,INFO,214.000, 206.000, 0.429, -45.443, -14.576, 250.621, 320.000, 240.000
22:36:08.099,32378,logger,31,INFO,216.000, 207.000, 0.429, -44.622, -14.159, 250.829, 320.000, 240.000
22:36:08.142,32421,logger,31,INFO,218.000, 211.000, 0.426, -43.448, -12.353, 249.016, 320.000, 240.000
22:36:08.189,32468,logger,31,INFO,218.000, 214.000, 0.428, -43.619, -11.119, 249.996, 320.000, 240.000
22:36:08.233,32512,logger,31,INFO,218.000, 216.000, 0.428, -43.655, -10.272, 250.202, 320.000, 240.000
22:36:08.279,32557,logger,31,INFO,220.000, 216.000, 0.427, -42.675, -10.242, 249.477, 320.000, 240.000
22:36:08.323,32601,logger,31,INFO,219.000, 214.000, 0.430, -43.426, -11.179, 251.356, 320.000, 240.000
22:36:08.367,32645,logger,31,INFO,216.000, 213.000, 0.430, -44.702, -11.605, 251.277, 320.000, 240.000
22:36:08.414,32692,logger,31,INFO,214.000, 211.000, 0.427, -45.287, -12.390, 249.761, 320.000, 240.000
22:36:08.501,32779,logger,31,INFO,214.000, 208.000, 0.426, -45.183, -13.640, 249.187, 320.000, 240.000
22:36:08.543,32822,logger,31,INFO,213.000, 206.000, 0.426, -45.618, -14.496, 249.238, 320.000, 240.000
22:36:08.586,32865,logger,31,INFO,212.000, 206.000, 0.427, -46.097, -14.512, 249.520, 320.000, 240.000
22:36:08.629,32907,logger,31,INFO,210.000, 206.000, 0.425, -46.796, -14.464, 248.699, 320.000, 240.000
22:36:08.674,32952,logger,31,INFO,210.000, 205.000, 0.424, -46.692, -14.856, 248.145, 320.000, 240.000
22:36:08.715,32994,logger,31,INFO,210.000, 205.000, 0.425, -46.721, -14.866, 248.302, 320.000, 240.000
22:36:08.800,33079,logger,31,INFO,210.000, 205.000, 0.424, -46.674, -14.851, 248.049, 320.000, 240.000
22:36:08.845,33123,logger,31,INFO,210.000, 205.000, 0.424, -46.692, -14.857, 248.148, 320.000, 240.000
22:36:08.889,33167,logger,31,INFO,210.000, 205.000, 0.425, -46.733, -14.870, 248.367, 320.000, 240.000
22:36:08.932,33210,logger,31,INFO,210.000, 205.000, 0.425, -46.716, -14.864, 248.273, 320.000, 240.000
22:36:08.977,33255,logger,31,INFO,210.000, 205.000, 0.425, -46.748, -14.874, 248.443, 320.000, 240.000
22:36:09.022,33300,logger,31,INFO,211.000, 206.000, 0.427, -46.528, -14.513, 249.544, 320.000, 240.000
22:36:09.064,33342,logger,31,INFO,213.000, 206.000, 0.427, -45.646, -14.504, 249.387, 320.000, 240.000
22:36:09.149,33427,logger,31,INFO,213.000, 205.000, 0.426, -45.577, -14.908, 249.014, 320.000, 240.000
22:36:09.191,33469,logger,31,INFO,213.000, 206.000, 0.427, -45.653, -14.507, 249.430, 320.000, 240.000
22:36:09.233,33512,logger,31,INFO,212.000, 207.000, 0.426, -46.024, -14.063, 249.128, 320.000, 240.000
22:36:09.276,33555,logger,31,INFO,212.000, 207.000, 0.426, -46.017, -14.061, 249.087, 320.000, 240.000
22:36:09.323,33601,logger,31,INFO,212.000, 207.000, 0.426, -46.043, -14.069, 249.231, 320.000, 240.000
22:36:09.366,33644,logger,31,INFO,212.000, 206.000, 0.426, -45.964, -14.470, 248.804, 320.000, 240.000
22:36:09.409,33688,logger,31,INFO,212.000, 206.000, 0.427, -46.095, -14.511, 249.511, 320.000, 240.000
22:36:09.492,33770,logger,31,INFO,214.000, 205.000, 0.428, -45.395, -14.989, 250.358, 320.000, 240.000
22:36:09.535,33813,logger,31,INFO,215.000, 205.000, 0.426, -44.733, -14.911, 249.056, 320.000, 240.000
22:36:09.578,33856,logger,31,INFO,215.000, 206.000, 0.425, -44.634, -14.453, 248.507, 320.000, 240.000
22:36:09.620,33898,logger,31,INFO,216.000, 206.000, 0.428, -44.536, -14.560, 250.344, 320.000, 240.000
22:36:09.663,33941,logger,31,INFO,218.000, 206.000, 0.429, -43.715, -14.572, 250.546, 320.000, 240.000
22:36:09.749,34028,logger,31,INFO,219.000, 207.000, 0.427, -43.154, -14.100, 249.781, 320.000, 240.000
22:36:09.795,34073,logger,31,INFO,219.000, 208.000, 0.428, -43.204, -13.688, 250.069, 320.000, 240.000
22:36:09.837,34116,logger,31,INFO,219.000, 209.000, 0.428, -43.184, -13.254, 249.953, 320.000, 240.000
22:36:09.880,34158,logger,31,INFO,220.000, 210.000, 0.428, -42.843, -12.853, 250.463, 320.000, 240.000
22:36:09.923,34202,logger,31,INFO,220.000, 208.000, 0.427, -42.746, -13.679, 249.895, 320.000, 240.000
22:36:09.966,34244,logger,31,INFO,219.000, 208.000, 0.428, -43.197, -13.686, 250.029, 320.000, 240.000
22:36:10.008,34287,logger,31,INFO,218.000, 206.000, 0.427, -43.588, -14.529, 249.817, 320.000, 240.000
22:36:10.094,34373,logger,31,INFO,217.000, 203.000, 0.426, -43.839, -15.748, 248.821, 320.000, 240.000
22:36:10.136,34415,logger,31,INFO,217.000, 202.000, 0.425, -43.825, -16.168, 248.738, 320.000, 240.000
22:36:10.178,34457,logger,31,INFO,216.000, 203.000, 0.426, -44.275, -15.752, 248.879, 320.000, 240.000
22:36:10.220,34499,logger,31,INFO,215.000, 203.000, 0.425, -44.650, -15.734, 248.596, 320.000, 240.000
22:36:10.265,34543,logger,31,INFO,217.000, 203.000, 0.428, -44.036, -15.819, 249.936, 320.000, 240.000
22:36:10.310,34588,logger,31,INFO,219.000, 201.000, 0.428, -43.201, -16.681, 250.050, 320.000, 240.000
22:36:10.396,34674,logger,31,INFO,220.000, 199.000, 0.427, -42.692, -17.504, 249.576, 320.000, 240.000
22:36:10.439,34717,logger,31,INFO,220.000, 198.000, 0.425, -42.451, -17.829, 248.166, 320.000, 240.000
22:36:10.481,34759,logger,31,INFO,221.000, 197.000, 0.426, -42.171, -18.317, 249.023, 320.000, 240.000
22:36:10.523,34802,logger,31,INFO,220.000, 195.000, 0.425, -42.488, -19.119, 248.382, 320.000, 240.000
22:36:10.567,34845,logger,31,INFO,219.000, 195.000, 0.426, -43.066, -19.188, 249.270, 320.000, 240.000
22:36:10.610,34888,logger,31,INFO,217.000, 195.000, 0.427, -43.973, -19.211, 249.578, 320.000, 240.000
22:36:10.697,34975,logger,31,INFO,215.000, 194.000, 0.424, -44.572, -19.527, 248.161, 320.000, 240.000
22:36:10.741,35019,logger,31,INFO,214.000, 194.000, 0.423, -44.801, -19.442, 247.080, 320.000, 240.000
22:36:10.785,35063,logger,31,INFO,214.000, 194.000, 0.423, -44.796, -19.440, 247.051, 320.000, 240.000
22:36:10.832,35110,logger,31,INFO,214.000, 195.000, 0.423, -44.810, -19.023, 247.131, 320.000, 240.000
22:36:10.875,35153,logger,31,INFO,213.000, 195.000, 0.422, -45.201, -19.010, 246.956, 320.000, 240.000
22:36:10.920,35198,logger,31,INFO,214.000, 197.000, 0.424, -44.960, -18.238, 247.958, 320.000, 240.000
22:36:10.963,35241,logger,31,INFO,214.000, 198.000, 0.422, -44.763, -17.736, 246.874, 320.000, 240.000
22:36:11.007,35286,logger,31,INFO,214.000, 199.000, 0.423, -44.865, -17.353, 247.433, 320.000, 240.000
22:36:11.092,35371,logger,31,INFO,214.000, 200.000, 0.423, -44.798, -16.905, 247.066, 320.000, 240.000
22:36:11.134,35413,logger,31,INFO,214.000, 199.000, 0.423, -44.864, -17.353, 247.428, 320.000, 240.000
22:36:11.186,35464,logger,31,INFO,214.000, 198.000, 0.422, -44.734, -17.725, 246.711, 320.000, 240.000
22:36:11.230,35508,logger,31,INFO,215.000, 195.000, 0.423, -44.426, -19.040, 247.348, 320.000, 240.000
22:36:11.276,35555,logger,31,INFO,215.000, 193.000, 0.422, -44.362, -19.857, 246.989, 320.000, 240.000
22:36:11.320,35598,logger,31,INFO,214.000, 193.000, 0.423, -44.803, -19.866, 247.095, 320.000, 240.000
22:36:11.365,35644,logger,31,INFO,215.000, 193.000, 0.423, -44.429, -19.887, 247.363, 320.000, 240.000
22:36:11.410,35688,logger,31,INFO,216.000, 193.000, 0.424, -44.095, -19.928, 247.865, 320.000, 240.000
22:36:11.501,35779,logger,31,INFO,217.000, 192.000, 0.422, -43.474, -20.260, 246.749, 320.000, 240.000
22:36:11.545,35824,logger,31,INFO,216.000, 193.000, 0.424, -44.067, -19.915, 247.707, 320.000, 240.000
22:36:11.592,35870,logger,31,INFO,213.000, 195.000, 0.429, -45.901, -19.304, 250.782, 320.000, 240.000
22:36:11.636,35914,logger,31,INFO,208.000, 196.000, 0.426, -47.659, -18.723, 248.761, 320.000, 240.000
22:36:11.683,35961,logger,31,INFO,208.000, 195.000, 0.423, -47.359, -19.028, 247.199, 320.000, 240.000
22:36:11.740,36018,logger,31,INFO,209.000, 194.000, 0.420, -46.633, -19.325, 245.601, 320.000, 240.000
22:36:11.783,36061,logger,31,INFO,207.000, 193.000, 0.421, -47.568, -19.785, 246.093, 320.000, 240.000
22:36:11.827,36105,logger,31,INFO,206.000, 191.000, 0.417, -47.508, -20.420, 243.623, 320.000, 240.000
22:36:11.871,36149,logger,31,INFO,207.000, 187.000, 0.416, -46.994, -22.041, 243.120, 320.000, 240.000
22:36:11.913,36191,logger,31,INFO,206.000, 185.000, 0.418, -47.601, -22.965, 244.100, 320.000, 240.000
22:36:11.958,36236,logger,31,INFO,202.000, 184.000, 0.420, -49.511, -23.497, 245.288, 320.000, 240.000
22:36:12.042,36320,logger,31,INFO,199.000, 184.000, 0.417, -50.452, -23.350, 243.756, 320.000, 240.000
22:36:12.085,36364,logger,31,INFO,196.000, 185.000, 0.412, -51.114, -22.672, 240.979, 320.000, 240.000
22:36:12.147,36426,logger,31,INFO,195.000, 185.000, 0.412, -51.516, -22.667, 240.931, 320.000, 240.000
22:36:12.191,36469,logger,31,INFO,192.000, 188.000, 0.414, -53.008, -21.535, 242.099, 320.000, 240.000
22:36:12.235,36513,logger,31,INFO,188.000, 192.000, 0.414, -54.622, -19.863, 241.909, 320.000, 240.000
22:36:12.278,36556,logger,31,INFO,186.000, 194.000, 0.411, -55.018, -18.887, 240.028, 320.000, 240.000
22:36:12.322,36600,logger,31,INFO,186.000, 196.000, 0.427, -57.192, -18.780, 249.512, 320.000, 240.000
22:36:12.367,36645,logger,31,INFO,184.000, 200.000, 0.410, -55.789, -16.409, 239.812, 320.000, 240.000
22:36:12.409,36687,logger,31,INFO,183.000, 203.000, 0.411, -56.342, -15.217, 240.421, 320.000, 240.000
22:36:12.493,36771,logger,31,INFO,181.000, 205.000, 0.410, -57.039, -14.362, 239.891, 320.000, 240.000
22:36:12.537,36815,logger,31,INFO,181.000, 206.000, 0.410, -56.941, -13.928, 239.478, 320.000, 240.000
22:36:12.580,36859,logger,31,INFO,181.000, 207.000, 0.410, -57.054, -13.545, 239.957, 320.000, 240.000
22:36:12.623,36901,logger,31,INFO,181.000, 208.000, 0.411, -57.146, -13.156, 240.342, 320.000, 240.000
22:36:12.667,36945,logger,31,INFO,182.000, 209.000, 0.411, -56.761, -12.751, 240.453, 320.000, 240.000
22:36:12.710,36988,logger,31,INFO,183.000, 208.000, 0.411, -56.246, -13.138, 240.012, 320.000, 240.000
22:36:12.796,37075,logger,31,INFO,183.000, 208.000, 0.410, -56.234, -13.135, 239.958, 320.000, 240.000
22:36:12.840,37118,logger,31,INFO,181.000, 209.000, 0.412, -57.202, -12.757, 240.578, 320.000, 240.000
22:36:12.883,37161,logger,31,INFO,181.000, 209.000, 0.411, -57.119, -12.739, 240.228, 320.000, 240.000
22:36:12.929,37207,logger,31,INFO,180.000, 210.000, 0.410, -57.470, -12.315, 239.978, 320.000, 240.000
22:36:12.978,37256,logger,31,INFO,179.000, 210.000, 0.410, -57.769, -12.291, 239.517, 320.000, 240.000
22:36:13.021,37300,logger,31,INFO,179.000, 210.000, 0.410, -57.773, -12.292, 239.532, 320.000, 240.000
22:36:13.066,37344,logger,31,INFO,180.000, 209.000, 0.409, -57.282, -12.684, 239.192, 320.000, 240.000
22:36:13.110,37388,logger,31,INFO,180.000, 209.000, 0.410, -57.354, -12.700, 239.493, 320.000, 240.000
22:36:13.198,37476,logger,31,INFO,180.000, 209.000, 0.409, -57.329, -12.694, 239.388, 320.000, 240.000
22:36:13.240,37519,logger,31,INFO,180.000, 209.000, 0.409, -57.257, -12.678, 239.089, 320.000, 240.000
22:36:13.284,37563,logger,31,INFO,179.000, 210.000, 0.410, -57.835, -12.305, 239.791, 320.000, 240.000
22:36:13.330,37608,logger,31,INFO,177.000, 210.000, 0.410, -58.602, -12.294, 239.570, 320.000, 240.000
22:36:13.372,37651,logger,31,INFO,175.000, 209.000, 0.409, -59.237, -12.664, 238.826, 320.000, 240.000
22:36:13.417,37696,logger,31,INFO,174.000, 209.000, 0.409, -59.681, -12.672, 238.971, 320.000, 240.000
22:36:13.460,37739,logger,31,INFO,173.000, 209.000, 0.409, -60.059, -12.665, 238.845, 320.000, 240.000
22:36:13.548,37826,logger,31,INFO,172.000, 209.000, 0.407, -60.286, -12.627, 238.130, 320.000, 240.000
22:36:13.590,37869,logger,31,INFO,172.000, 209.000, 0.407, -60.303, -12.631, 238.198, 320.000, 240.000
22:36:13.635,37913,logger,31,INFO,171.000, 210.000, 0.407, -60.707, -12.223, 238.185, 320.000, 240.000
22:36:13.685,37963,logger,31,INFO,171.000, 210.000, 0.407, -60.645, -12.210, 237.941, 320.000, 240.000
22:36:13.721,38000,logger,31,INFO,171.000, 209.000, 0.407, -60.648, -12.618, 237.951, 320.000, 240.000
22:36:13.767,38045,logger,31,INFO,171.000, 208.000, 0.407, -60.658, -13.027, 237.992, 320.000, 240.000
22:36:13.809,38088,logger,31,INFO,172.000, 209.000, 0.406, -60.156, -12.600, 237.616, 320.000, 240.000
22:36:13.895,38173,logger,31,INFO,171.000, 209.000, 0.407, -60.645, -12.617, 237.940, 320.000, 240.000
22:36:13.937,38216,logger,31,INFO,171.000, 209.000, 0.407, -60.664, -12.621, 238.013, 320.000, 240.000
22:36:13.981,38259,logger,31,INFO,172.000, 208.000, 0.407, -60.232, -13.023, 237.918, 320.000, 240.000
22:36:14.025,38303,logger,31,INFO,172.000, 208.000, 0.407, -60.193, -13.015, 237.762, 320.000, 240.000
22:36:14.069,38347,logger,31,INFO,172.000, 208.000, 0.406, -60.161, -13.008, 237.637, 320.000, 240.000
22:36:14.112,38391,logger,31,INFO,171.000, 208.000, 0.408, -60.753, -13.048, 238.363, 320.000, 240.000
22:36:14.158,38436,logger,31,INFO,170.000, 209.000, 0.407, -61.022, -12.611, 237.821, 320.000, 240.000
22:36:14.246,38524,logger,31,INFO,170.000, 209.000, 0.407, -61.096, -12.626, 238.111, 320.000, 240.000
22:36:14.289,38567,logger,31,INFO,171.000, 209.000, 0.408, -60.808, -12.651, 238.581, 320.000, 240.000
22:36:14.335,38613,logger,31,INFO,172.000, 209.000, 0.408, -60.319, -12.634, 238.259, 320.000, 240.000
22:36:14.378,38656,logger,31,INFO,171.000, 208.000, 0.407, -60.701, -13.036, 238.158, 320.000, 240.000
22:36:14.424,38702,logger,31,INFO,171.000, 208.000, 0.407, -60.679, -13.032, 238.073, 320.000, 240.000
22:36:14.469,38747,logger,31,INFO,171.000, 208.000, 0.407, -60.643, -13.024, 237.931, 320.000, 240.000
22:36:14.512,38790,logger,31,INFO,171.000, 209.000, 0.407, -60.709, -12.631, 238.190, 320.000, 240.000
22:36:14.599,38877,logger,31,INFO,172.000, 210.000, 0.408, -60.349, -12.233, 238.378, 320.000, 240.000
22:36:14.643,38921,logger,31,INFO,172.000, 210.000, 0.408, -60.324, -12.228, 238.281, 320.000, 240.000
22:36:14.687,38965,logger,31,INFO,173.000, 211.000, 0.408, -60.025, -11.842, 238.711, 320.000, 240.000
22:36:14.731,39009,logger,31,INFO,173.000, 212.000, 0.408, -60.045, -11.437, 238.789, 320.000, 240.000
22:36:14.774,39053,logger,31,INFO,173.000, 213.000, 0.409, -60.067, -11.033, 238.878, 320.000, 240.000
22:36:14.816,39094,logger,31,INFO,173.000, 212.000, 0.408, -60.045, -11.437, 238.790, 320.000, 240.000
22:36:14.861,39139,logger,31,INFO,172.000, 213.000, 0.409, -60.512, -11.039, 239.023, 320.000, 240.000
22:36:14.946,39225,logger,31,INFO,172.000, 213.000, 0.408, -60.432, -11.025, 238.704, 320.000, 240.000
22:36:14.990,39269,logger,31,INFO,173.000, 214.000, 0.409, -60.124, -10.634, 239.104, 320.000, 240.000
22:36:15.034,39313,logger,31,INFO,173.000, 215.000, 0.410, -60.208, -10.240, 239.441, 320.000, 240.000
22:36:15.077,39355,logger,31,INFO,174.000, 216.000, 0.410, -59.925, -9.851, 239.946, 320.000, 240.000
22:36:15.121,39399,logger,31,INFO,175.000, 217.000, 0.410, -59.404, -9.423, 239.500, 320.000, 240.000
22:36:15.164,39443,logger,31,INFO,173.000, 219.000, 0.412, -60.635, -8.662, 241.136, 320.000, 240.000
22:36:15.206,39484,logger,31,INFO,171.000, 221.000, 0.412, -61.359, -7.824, 240.740, 320.000, 240.000
22:36:15.293,39572,logger,31,INFO,168.000, 221.000, 0.412, -62.610, -7.826, 240.803, 320.000, 240.000
22:36:15.335,39614,logger,31,INFO,165.000, 222.000, 0.415, -64.350, -7.473, 242.704, 320.000, 240.000
22:36:15.379,39657,logger,31,INFO,160.000, 223.000, 0.434, -69.402, -7.374, 253.579, 320.000, 240.000
22:36:15.422,39701,logger,31,INFO,156.000, 225.000, 0.409, -67.129, -6.140, 239.290, 320.000, 240.000
22:36:15.464,39742,logger,31,INFO,155.000, 225.000, 0.408, -67.238, -6.113, 238.227, 320.000, 240.000
22:36:15.508,39786,logger,31,INFO,152.000, 224.000, 0.411, -69.077, -6.579, 240.372, 320.000, 240.000
22:36:15.594,39873,logger,31,INFO,149.000, 225.000, 0.410, -70.158, -6.154, 239.849, 320.000, 240.000
22:36:15.639,39917,logger,31,INFO,146.000, 226.000, 0.406, -70.649, -5.684, 237.363, 320.000, 240.000
22:36:15.684,39962,logger,31,INFO,145.000, 225.000, 0.406, -70.997, -6.085, 237.171, 320.000, 240.000
22:36:15.726,40005,logger,31,INFO,142.000, 224.000, 0.431, -76.673, -6.892, 251.815, 320.000, 240.000
22:36:15.768,40047,logger,31,INFO,137.000, 225.000, 0.411, -75.303, -6.172, 240.558, 320.000, 240.000
22:36:15.812,40090,logger,31,INFO,134.000, 226.000, 0.405, -75.374, -5.673, 236.902, 320.000, 240.000
22:36:15.857,40135,logger,31,INFO,133.000, 225.000, 0.404, -75.533, -6.059, 236.130, 320.000, 240.000
22:36:15.945,40223,logger,31,INFO,132.000, 225.000, 0.404, -76.000, -6.064, 236.327, 320.000, 240.000
22:36:15.990,40268,logger,31,INFO,132.000, 225.000, 0.405, -76.064, -6.069, 236.526, 320.000, 240.000
22:36:16.033,40311,logger,31,INFO,132.000, 225.000, 0.405, -76.142, -6.075, 236.769, 320.000, 240.000
22:36:16.079,40358,logger,31,INFO,133.000, 224.000, 0.406, -75.943, -6.498, 237.413, 320.000, 240.000
22:36:16.122,40400,logger,31,INFO,134.000, 223.000, 0.406, -75.452, -6.896, 237.147, 320.000, 240.000
22:36:16.166,40444,logger,31,INFO,135.000, 223.000, 0.405, -74.893, -6.882, 236.661, 320.000, 240.000
22:36:16.208,40487,logger,31,INFO,135.000, 223.000, 0.405, -75.010, -6.893, 237.031, 320.000, 240.000
22:36:16.298,40577,logger,31,INFO,136.000, 221.000, 0.408, -75.019, -7.746, 238.347, 320.000, 240.000
22:36:16.343,40621,logger,31,INFO,138.000, 220.000, 0.406, -73.962, -8.128, 237.573, 320.000, 240.000
22:36:16.386,40664,logger,31,INFO,138.000, 220.000, 0.406, -73.892, -8.120, 237.348, 320.000, 240.000
22:36:16.430,40709,logger,31,INFO,138.000, 220.000, 0.406, -73.879, -8.119, 237.305, 320.000, 240.000
22:36:16.473,40751,logger,31,INFO,138.000, 219.000, 0.405, -73.796, -8.515, 237.038, 320.000, 240.000
22:36:16.518,40796,logger,31,INFO,138.000, 217.000, 0.406, -73.872, -9.335, 237.282, 320.000, 240.000
22:36:16.560,40839,logger,31,INFO,139.000, 216.000, 0.406, -73.562, -9.754, 237.593, 320.000, 240.000
22:36:16.606,40885,logger,31,INFO,139.000, 215.000, 0.406, -73.561, -10.160, 237.589, 320.000, 240.000
22:36:16.693,40971,logger,31,INFO,139.000, 215.000, 0.406, -73.497, -10.152, 237.383, 320.000, 240.000
22:36:16.736,41015,logger,31,INFO,138.000, 216.000, 0.406, -73.897, -9.745, 237.362, 320.000, 240.000
22:36:16.780,41058,logger,31,INFO,138.000, 217.000, 0.407, -74.116, -9.366, 238.069, 320.000, 240.000
22:36:16.824,41102,logger,31,INFO,139.000, 218.000, 0.407, -73.734, -8.962, 238.150, 320.000, 240.000
22:36:16.870,41148,logger,31,INFO,140.000, 220.000, 0.407, -73.306, -8.145, 238.082, 320.000, 240.000
22:36:16.913,41191,logger,31,INFO,140.000, 221.000, 0.407, -73.279, -7.735, 237.993, 320.000, 240.000
22:36:16.957,41235,logger,31,INFO,140.000, 222.000, 0.409, -73.543, -7.354, 238.852, 320.000, 240.000
22:36:17.044,41322,logger,31,INFO,142.000, 223.000, 0.410, -72.984, -6.970, 239.698, 320.000, 240.000
22:36:17.094,41372,logger,31,INFO,143.000, 224.000, 0.410, -72.543, -6.558, 239.595, 320.000, 240.000
22:36:17.138,41416,logger,31,INFO,142.000, 225.000, 0.410, -73.045, -6.155, 239.900, 320.000, 240.000
22:36:17.181,41459,logger,31,INFO,145.000, 226.000, 0.420, -73.465, -5.877, 245.415, 320.000, 240.000
22:36:17.226,41504,logger,31,INFO,151.000, 226.000, 0.441, -74.563, -6.177, 257.927, 320.000, 240.000
22:36:17.271,41549,logger,31,INFO,156.000, 226.000, 0.439, -71.940, -6.141, 256.440, 320.000, 240.000
22:36:17.315,41593,logger,31,INFO,161.000, 228.000, 0.442, -70.324, -5.307, 258.562, 320.000, 240.000
22:36:17.360,41638,logger,31,INFO,167.000, 228.000, 0.450, -68.838, -5.399, 263.025, 320.000, 240.000
22:36:17.405,41683,logger,31,INFO,174.000, 226.000, 0.460, -67.109, -6.435, 268.710, 320.000, 240.000
22:36:17.502,41781,logger,31,INFO,183.000, 225.000, 0.464, -63.602, -6.964, 271.401, 320.000, 240.000
22:36:17.546,41825,logger,31,INFO,191.000, 225.000, 0.456, -58.857, -6.844, 266.728, 320.000, 240.000
22:36:17.591,41870,logger,31,INFO,196.000, 227.000, 0.450, -55.848, -5.855, 263.294, 320.000, 240.000
22:36:17.634,41913,logger,31,INFO,202.000, 227.000, 0.457, -53.890, -5.937, 266.985, 320.000, 240.000
22:36:17.679,41957,logger,31,INFO,208.000, 226.000, 0.454, -50.853, -6.357, 265.435, 320.000, 240.000
22:36:17.725,42003,logger,31,INFO,212.000, 227.000, 0.427, -46.082, -5.547, 249.440, 320.000, 240.000
22:36:17.776,42054,logger,31,INFO,213.000, 229.000, 0.426, -45.559, -4.684, 248.914, 320.000, 240.000
22:36:17.813,42091,logger,31,INFO,215.000, 230.000, 0.427, -44.825, -4.269, 249.569, 320.000, 240.000
22:36:17.858,42136,logger,31,INFO,216.000, 229.000, 0.425, -44.239, -4.679, 248.677, 320.000, 240.000
22:36:17.951,42229,logger,31,INFO,217.000, 228.000, 0.425, -43.794, -5.102, 248.561, 320.000, 240.000
22:36:17.996,42275,logger,31,INFO,216.000, 229.000, 0.425, -44.207, -4.676, 248.494, 320.000, 240.000
22:36:18.042,42320,logger,31,INFO,215.000, 229.000, 0.426, -44.766, -4.690, 249.241, 320.000, 240.000
22:36:18.085,42363,logger,31,INFO,214.000, 228.000, 0.426, -45.156, -5.112, 249.039, 320.000, 240.000
22:36:18.133,42412,logger,31,INFO,213.000, 227.000, 0.442, -47.299, -5.747, 258.421, 320.000, 240.000
22:36:18.176,42454,logger,31,INFO,213.000, 228.000, 0.442, -47.324, -5.307, 258.557, 320.000, 240.000
22:36:18.220,42499,logger,31,INFO,213.000, 228.000, 0.425, -45.486, -5.101, 248.514, 320.000, 240.000
22:36:18.264,42542,logger,31,INFO,211.000, 227.000, 0.425, -46.309, -5.523, 248.371, 320.000, 240.000
22:36:18.309,42587,logger,31,INFO,211.000, 228.000, 0.423, -46.146, -5.080, 247.497, 320.000, 240.000
22:36:18.357,42635,logger,31,INFO,211.000, 228.000, 0.423, -46.161, -5.082, 247.575, 320.000, 240.000
22:36:18.445,42724,logger,31,INFO,210.000, 229.000, 0.424, -46.690, -4.669, 248.133, 320.000, 240.000
22:36:18.491,42769,logger,31,INFO,209.000, 229.000, 0.423, -46.938, -4.652, 247.209, 320.000, 240.000
22:36:18.534,42812,logger,31,INFO,209.000, 229.000, 0.422, -46.888, -4.647, 246.943, 320.000, 240.000
22:36:18.578,42856,logger,31,INFO,209.000, 228.000, 0.423, -46.978, -5.079, 247.416, 320.000, 240.000
22:36:18.622,42900,logger,31,INFO,208.000, 228.000, 0.424, -47.480, -5.087, 247.827, 320.000, 240.000
22:36:18.666,42944,logger,31,INFO,206.000, 228.000, 0.424, -48.298, -5.084, 247.676, 320.000, 240.000
22:36:18.710,42988,logger,31,INFO,205.000, 227.000, 0.423, -48.597, -5.494, 247.040, 320.000, 240.000
22:36:18.758,43036,logger,31,INFO,205.000, 226.000, 0.422, -48.499, -5.904, 246.542, 320.000, 240.000
22:36:18.844,43123,logger,31,INFO,205.000, 226.000, 0.422, -48.580, -5.914, 246.953, 320.000, 240.000
22:36:18.888,43166,logger,31,INFO,204.000, 226.000, 0.422, -48.990, -5.913, 246.893, 320.000, 240.000
22:36:18.935,43214,logger,31,INFO,204.000, 226.000, 0.423, -49.031, -5.918, 247.101, 320.000, 240.000
22:36:18.982,43260,logger,31,INFO,205.000, 226.000, 0.424, -48.707, -5.929, 247.599, 320.000, 240.000
22:36:19.026,43304,logger,31,INFO,205.000, 225.000, 0.422, -48.575, -6.336, 246.928, 320.000, 240.000
22:36:19.069,43348,logger,31,INFO,205.000, 225.000, 0.423, -48.658, -6.347, 247.354, 320.000, 240.000
22:36:19.113,43391,logger,31,INFO,204.000, 226.000, 0.422, -48.972, -5.910, 246.804, 320.000, 240.000
22:36:19.199,43477,logger,31,INFO,204.000, 227.000, 0.424, -49.132, -5.506, 247.608, 320.000, 240.000
22:36:19.243,43521,logger,31,INFO,203.000, 227.000, 0.423, -49.514, -5.502, 247.398, 320.000, 240.000
22:36:19.288,43566,logger,31,INFO,202.000, 227.000, 0.424, -49.995, -5.508, 247.686, 320.000, 240.000
22:36:19.330,43609,logger,31,INFO,202.000, 227.000, 0.441, -52.047, -5.734, 257.855, 320.000, 240.000
22:36:19.375,43654,logger,31,INFO,201.000, 228.000, 0.423, -50.390, -5.081, 247.547, 320.000, 240.000
22:36:19.417,43696,logger,31,INFO,200.000, 228.000, 0.422, -50.649, -5.065, 246.748, 320.000, 240.000
22:36:19.464,43742,logger,31,INFO,200.000, 228.000, 0.422, -50.681, -5.068, 246.899, 320.000, 240.000
22:36:19.506,43784,logger,31,INFO,199.000, 228.000, 0.422, -51.006, -5.058, 246.428, 320.000, 240.000
22:36:19.592,43870,logger,31,INFO,199.000, 229.000, 0.422, -51.067, -4.642, 246.724, 320.000, 240.000
22:36:19.636,43914,logger,31,INFO,200.000, 229.000, 0.422, -50.684, -4.646, 246.914, 320.000, 240.000
22:36:19.680,43958,logger,31,INFO,200.000, 228.000, 0.423, -50.730, -5.073, 247.138, 320.000, 240.000
22:36:19.723,44001,logger,31,INFO,200.000, 229.000, 0.423, -50.756, -4.653, 247.267, 320.000, 240.000
22:36:19.767,44045,logger,31,INFO,200.000, 229.000, 0.423, -50.710, -4.648, 247.042, 320.000, 240.000
22:36:19.811,44090,logger,31,INFO,200.000, 228.000, 0.423, -50.726, -5.073, 247.120, 320.000, 240.000
22:36:19.854,44133,logger,31,INFO,200.000, 227.000, 0.422, -50.694, -5.492, 246.963, 320.000, 240.000
22:36:19.940,44219,logger,31,INFO,199.000, 228.000, 0.424, -51.286, -5.086, 247.783, 320.000, 240.000
22:36:19.986,44265,logger,31,INFO,198.000, 228.000, 0.423, -51.546, -5.070, 246.997, 320.000, 240.000
22:36:20.029,44307,logger,31,INFO,198.000, 226.000, 0.422, -51.443, -5.903, 246.504, 320.000, 240.000
22:36:20.073,44352,logger,31,INFO,198.000, 225.000, 0.422, -51.460, -6.327, 246.589, 320.000, 240.000
22:36:20.117,44395,logger,31,INFO,198.000, 224.000, 0.422, -51.448, -6.747, 246.529, 320.000, 240.000
22:36:20.161,44439,logger,31,INFO,198.000, 224.000, 0.421, -51.421, -6.744, 246.401, 320.000, 240.000
22:36:20.247,44526,logger,31,INFO,198.000, 223.000, 0.421, -51.412, -7.164, 246.358, 320.000, 240.000
22:36:20.295,44573,logger,31,INFO,199.000, 222.000, 0.421, -50.965, -7.582, 246.233, 320.000, 240.000
22:36:20.339,44617,logger,31,INFO,198.000, 222.000, 0.421, -51.369, -7.579, 246.152, 320.000, 240.000
22:36:20.382,44660,logger,31,INFO,198.000, 222.000, 0.421, -51.322, -7.572, 245.925, 320.000, 240.000
22:36:20.425,44704,logger,31,INFO,198.000, 222.000, 0.422, -51.526, -7.602, 246.904, 320.000, 240.000
22:36:20.471,44750,logger,31,INFO,199.000, 222.000, 0.422, -51.037, -7.592, 246.580, 320.000, 240.000
22:36:20.520,44798,logger,31,INFO,198.000, 221.000, 0.421, -51.375, -8.001, 246.178, 320.000, 240.000
22:36:20.563,44842,logger,31,INFO,198.000, 221.000, 0.421, -51.360, -7.999, 246.106, 320.000, 240.000
22:36:20.607,44885,logger,31,INFO,197.000, 221.000, 0.421, -51.824, -8.005, 246.309, 320.000, 240.000
22:36:20.696,44975,logger,31,INFO,197.000, 220.000, 0.421, -51.722, -8.410, 245.826, 320.000, 240.000
22:36:20.741,45020,logger,31,INFO,197.000, 219.000, 0.420, -51.636, -8.816, 245.416, 320.000, 240.000
22:36:20.784,45062,logger,31,INFO,197.000, 218.000, 0.420, -51.638, -9.236, 245.426, 320.000, 240.000
22:36:20.827,45106,logger,31,INFO,196.000, 219.000, 0.421, -52.249, -8.849, 246.329, 320.000, 240.000
22:36:20.872,45151,logger,31,INFO,196.000, 219.000, 0.421, -52.150, -8.832, 245.862, 320.000, 240.000
22:36:20.916,45194,logger,31,INFO,196.000, 218.000, 0.422, -52.279, -9.275, 246.471, 320.000, 240.000
22:36:20.958,45237,logger,31,INFO,197.000, 218.000, 0.421, -51.735, -9.253, 245.891, 320.000, 240.000
22:36:21.009,45287,logger,31,INFO,195.000, 220.000, 0.421, -52.679, -8.429, 246.369, 320.000, 240.000
22:36:21.095,45373,logger,31,INFO,193.000, 221.000, 0.424, -53.817, -8.051, 247.727, 320.000, 240.000
22:36:21.138,45417,logger,31,INFO,190.000, 220.000, 0.425, -55.292, -8.506, 248.644, 320.000, 240.000
22:36:21.185,45463,logger,31,INFO,186.000, 220.000, 0.424, -56.832, -8.482, 247.942, 320.000, 240.000
22:36:21.229,45507,logger,31,INFO,182.000, 219.000, 0.446, -61.600, -9.374, 260.950, 320.000, 240.000
22:36:21.273,45551,logger,31,INFO,176.000, 219.000, 0.447, -64.435, -9.397, 261.587, 320.000, 240.000
22:36:21.322,45601,logger,31,INFO,170.000, 220.000, 0.444, -66.655, -8.887, 259.779, 320.000, 240.000
22:36:21.367,45645,logger,31,INFO,165.000, 219.000, 0.417, -64.699, -8.766, 244.021, 320.000, 240.000
22:36:21.411,45689,logger,31,INFO,162.000, 218.000, 0.416, -65.689, -9.147, 243.049, 320.000, 240.000
22:36:21.455,45733,logger,31,INFO,159.000, 218.000, 0.414, -66.708, -9.115, 242.220, 320.000, 240.000
22:36:21.541,45819,logger,31,INFO,157.000, 218.000, 0.410, -66.752, -9.010, 239.407, 320.000, 240.000
22:36:21.584,45863,logger,31,INFO,158.000, 217.000, 0.412, -66.721, -9.473, 240.772, 320.000, 240.000
22:36:21.629,45908,logger,31,INFO,160.000, 218.000, 0.410, -65.634, -9.025, 239.812, 320.000, 240.000
22:36:21.674,45952,logger,31,INFO,160.000, 219.000, 0.410, -65.550, -8.603, 239.505, 320.000, 240.000
22:36:21.717,45995,logger,31,INFO,161.000, 220.000, 0.411, -65.324, -8.217, 240.179, 320.000, 240.000
22:36:21.761,46040,logger,31,INFO,161.000, 220.000, 0.411, -65.323, -8.217, 240.175, 320.000, 240.000
22:36:21.806,46084,logger,31,INFO,162.000, 219.000, 0.411, -64.875, -8.623, 240.038, 320.000, 240.000
22:36:21.893,46171,logger,31,INFO,162.000, 218.000, 0.411, -64.910, -9.038, 240.169, 320.000, 240.000
22:36:21.939,46217,logger,31,INFO,162.000, 218.000, 0.411, -64.964, -9.046, 240.366, 320.000, 240.000
22:36:21.981,46260,logger,31,INFO,163.000, 218.000, 0.411, -64.605, -9.053, 240.560, 320.000, 240.000
22:36:22.026,46305,logger,31,INFO,164.000, 218.000, 0.413, -64.353, -9.075, 241.157, 320.000, 240.000
22:36:22.074,46352,logger,31,INFO,165.000, 219.000, 0.413, -63.977, -8.668, 241.295, 320.000, 240.000
22:36:22.123,46401,logger,31,INFO,166.000, 220.000, 0.411, -63.358, -8.228, 240.513, 320.000, 240.000
22:36:22.173,46452,logger,31,INFO,166.000, 220.000, 0.411, -63.329, -8.225, 240.404, 320.000, 240.000
22:36:22.220,46498,logger,31,INFO,166.000, 220.000, 0.412, -63.377, -8.231, 240.586, 320.000, 240.000
22:36:22.262,46541,logger,31,INFO,165.000, 219.000, 0.413, -64.005, -8.672, 241.403, 320.000, 240.000
22:36:22.306,46584,logger,31,INFO,163.000, 219.000, 0.414, -65.026, -8.698, 242.129, 320.000, 240.000
22:36:22.392,46670,logger,31,INFO,161.000, 219.000, 0.411, -65.348, -8.631, 240.268, 320.000, 240.000
22:36:22.436,46715,logger,31,INFO,161.000, 217.000, 0.411, -65.287, -9.444, 240.044, 320.000, 240.000
22:36:22.481,46759,logger,31,INFO,160.000, 215.000, 0.410, -65.554, -10.243, 239.517, 320.000, 240.000
22:36:22.525,46803,logger,31,INFO,160.000, 215.000, 0.409, -65.494, -10.233, 239.300, 320.000, 240.000
22:36:22.571,46849,logger,31,INFO,159.000, 215.000, 0.410, -66.028, -10.253, 239.752, 320.000, 240.000
22:36:22.617,46895,logger,31,INFO,158.000, 215.000, 0.410, -66.343, -10.238, 239.407, 320.000, 240.000
22:36:22.663,46942,logger,31,INFO,157.000, 215.000, 0.408, -66.517, -10.202, 238.563, 320.000, 240.000
22:36:22.706,46984,logger,31,INFO,157.000, 214.000, 0.408, -66.565, -10.618, 238.734, 320.000, 240.000
22:36:22.798,47076,logger,31,INFO,157.000, 214.000, 0.409, -66.706, -10.640, 239.242, 320.000, 240.000
22:36:22.840,47119,logger,31,INFO,158.000, 214.000, 0.409, -66.181, -10.622, 238.822, 320.000, 240.000
22:36:22.883,47161,logger,31,INFO,159.000, 215.000, 0.409, -65.897, -10.232, 239.276, 320.000, 240.000
22:36:22.927,47205,logger,31,INFO,159.000, 216.000, 0.410, -65.965, -9.833, 239.524, 320.000, 240.000
22:36:22.972,47250,logger,31,INFO,160.000, 216.000, 0.410, -65.585, -9.838, 239.632, 320.000, 240.000
22:36:23.014,47292,logger,31,INFO,159.000, 216.000, 0.410, -65.998, -9.838, 239.643, 320.000, 240.000
22:36:23.059,47337,logger,31,INFO,159.000, 216.000, 0.410, -66.052, -9.846, 239.837, 320.000, 240.000
22:36:23.143,47421,logger,31,INFO,161.000, 217.000, 0.414, -65.842, -9.524, 242.084, 320.000, 240.000
22:36:23.185,47464,logger,31,INFO,164.000, 218.000, 0.415, -64.806, -9.139, 242.856, 320.000, 240.000
22:36:23.228,47506,logger,31,INFO,166.000, 222.000, 0.432, -66.541, -7.778, 252.597, 320.000, 240.000
22:36:23.272,47550,logger,31,INFO,168.000, 227.000, 0.424, -64.508, -5.517, 248.100, 320.000, 240.000
22:36:23.314,47592,logger,31,INFO,175.000, 231.000, 0.459, -66.525, -4.129, 268.209, 320.000, 240.000
22:36:23.371,47649,logger,31,INFO,183.000, 233.000, 0.462, -63.232, -3.231, 269.820, 320.000, 240.000
22:36:23.415,47693,logger,31,INFO,190.000, 235.000, 0.459, -59.662, -2.295, 268.296, 320.000, 240.000
22:36:23.460,47738,logger,31,INFO,197.000, 238.000, 0.458, -56.375, -0.917, 267.940, 320.000, 240.000
22:36:23.503,47781,logger,31,INFO,202.000, 243.000, 0.455, -53.711, 1.366, 266.096, 320.000, 240.000
22:36:23.591,47869,logger,31,INFO,206.000, 249.000, 0.456, -51.972, 4.103, 266.519, 320.000, 240.000
22:36:23.635,47913,logger,31,INFO,211.000, 253.000, 0.442, -48.199, 5.749, 258.507, 320.000, 240.000
22:36:23.679,47957,logger,31,INFO,216.000, 257.000, 0.465, -48.399, 7.911, 272.060, 320.000, 240.000
22:36:23.724,48002,logger,31,INFO,220.000, 260.000, 0.440, -43.996, 8.799, 257.199, 320.000, 240.000
22:36:23.768,48046,logger,31,INFO,221.000, 263.000, 0.439, -43.431, 10.090, 256.463, 320.000, 240.000
22:36:23.811,48089,logger,31,INFO,222.000, 267.000, 0.443, -43.384, 11.953, 258.800, 320.000, 240.000
22:36:23.854,48132,logger,31,INFO,226.000, 267.000, 0.447, -41.983, 12.059, 261.101, 320.000, 240.000
22:36:23.943,48221,logger,31,INFO,229.000, 268.000, 0.442, -40.252, 12.385, 258.585, 320.000, 240.000
22:36:23.986,48265,logger,31,INFO,229.000, 269.000, 0.441, -40.157, 12.797, 257.976, 320.000, 240.000
22:36:24.029,48307,logger,31,INFO,229.000, 271.000, 0.442, -40.241, 13.709, 258.516, 320.000, 240.000
22:36:24.074,48352,logger,31,INFO,230.000, 272.000, 0.445, -40.031, 14.233, 260.022, 320.000, 240.000
22:36:24.119,48397,logger,31,INFO,232.000, 271.000, 0.445, -39.139, 13.788, 260.011, 320.000, 240.000
22:36:24.163,48441,logger,31,INFO,233.000, 270.000, 0.442, -38.429, 13.251, 258.223, 320.000, 240.000
22:36:24.207,48486,logger,31,INFO,232.000, 269.000, 0.445, -39.148, 12.901, 260.070, 320.000, 240.000
22:36:24.295,48573,logger,31,INFO,231.000, 269.000, 0.443, -39.413, 12.842, 258.887, 320.000, 240.000
22:36:24.341,48620,logger,31,INFO,233.000, 267.000, 0.445, -38.742, 12.023, 260.327, 320.000, 240.000
22:36:24.385,48663,logger,31,INFO,234.000, 265.000, 0.441, -37.927, 11.025, 257.819, 320.000, 240.000
22:36:24.430,48708,logger,31,INFO,234.000, 266.000, 0.442, -38.010, 11.492, 258.382, 320.000, 240.000
22:36:24.473,48751,logger,31,INFO,233.000, 267.000, 0.442, -38.433, 11.927, 258.250, 320.000, 240.000
22:36:24.520,48798,logger,31,INFO,233.000, 267.000, 0.442, -38.484, 11.943, 258.592, 320.000, 240.000
22:36:24.563,48841,logger,31,INFO,233.000, 266.000, 0.443, -38.516, 11.510, 258.807, 320.000, 240.000
22:36:24.608,48886,logger,31,INFO,233.000, 265.000, 0.442, -38.485, 11.059, 258.600, 320.000, 240.000
22:36:24.696,48974,logger,31,INFO,232.000, 265.000, 0.444, -39.062, 11.097, 259.498, 320.000, 240.000
22:36:24.741,49019,logger,31,INFO,231.000, 265.000, 0.443, -39.391, 11.065, 258.743, 320.000, 240.000
22:36:24.785,49064,logger,31,INFO,231.000, 265.000, 0.443, -39.397, 11.066, 258.778, 320.000, 240.000
22:36:24.830,49108,logger,31,INFO,230.000, 266.000, 0.444, -39.958, 11.543, 259.550, 320.000, 240.000
22:36:24.872,49151,logger,31,INFO,229.000, 266.000, 0.442, -40.177, 11.479, 258.107, 320.000, 240.000
22:36:24.920,49198,logger,31,INFO,229.000, 265.000, 0.461, -41.931, 11.519, 269.371, 320.000, 240.000
22:36:24.963,49242,logger,31,INFO,229.000, 264.000, 0.443, -40.274, 10.622, 258.730, 320.000, 240.000
22:36:25.048,49326,logger,31,INFO,230.000, 264.000, 0.442, -39.821, 10.619, 258.660, 320.000, 240.000
22:36:25.090,49369,logger,31,INFO,229.000, 263.000, 0.442, -40.225, 10.167, 258.415, 320.000, 240.000
22:36:25.133,49411,logger,31,INFO,229.000, 261.000, 0.442, -40.231, 9.284, 258.453, 320.000, 240.000
22:36:25.180,49458,logger,31,INFO,230.000, 261.000, 0.443, -39.847, 9.298, 258.826, 320.000, 240.000
22:36:25.224,49502,logger,31,INFO,231.000, 261.000, 0.443, -39.397, 9.296, 258.781, 320.000, 240.000
22:36:25.266,49545,logger,31,INFO,232.000, 261.000, 0.443, -38.987, 9.304, 258.998, 320.000, 240.000
22:36:25.314,49593,logger,31,INFO,232.000, 261.000, 0.443, -38.950, 9.295, 258.751, 320.000, 240.000
22:36:25.359,49637,logger,31,INFO,233.000, 261.000, 0.443, -38.560, 9.308, 259.106, 320.000, 240.000
22:36:25.449,49728,logger,31,INFO,235.000, 261.000, 0.443, -37.644, 9.300, 258.904, 320.000, 240.000
22:36:25.492,49771,logger,31,INFO,236.000, 261.000, 0.442, -37.089, 9.272, 258.122, 320.000, 240.000
22:36:25.537,49815,logger,31,INFO,236.000, 260.000, 0.442, -37.122, 8.839, 258.353, 320.000, 240.000
22:36:25.581,49859,logger,31,INFO,235.000, 261.000, 0.441, -37.526, 9.271, 258.093, 320.000, 240.000
22:36:25.626,49904,logger,31,INFO,235.000, 261.000, 0.442, -37.570, 9.282, 258.395, 320.000, 240.000
22:36:25.670,49948,logger,31,INFO,235.000, 261.000, 0.441, -37.524, 9.271, 258.077, 320.000, 240.000
22:36:25.714,49992,logger,31,INFO,234.000, 260.000, 0.444, -38.155, 8.873, 259.366, 320.000, 240.000
22:36:25.771,50050,logger,31,INFO,233.000, 261.000, 0.443, -38.499, 9.293, 258.698, 320.000, 240.000
22:36:25.833,50111,logger,31,INFO,233.000, 261.000, 0.442, -38.495, 9.292, 258.671, 320.000, 240.000
22:36:25.899,50177,logger,31,INFO,233.000, 261.000, 0.442, -38.487, 9.290, 258.614, 320.000, 240.000
22:36:25.942,50220,logger,31,INFO,232.000, 261.000, 0.443, -38.967, 9.299, 258.865, 320.000, 240.000
22:36:25.986,50264,logger,31,INFO,231.000, 261.000, 0.444, -39.498, 9.320, 259.445, 320.000, 240.000
22:36:26.029,50307,logger,31,INFO,231.000, 260.000, 0.443, -39.454, 8.866, 259.153, 320.000, 240.000
22:36:26.076,50354,logger,31,INFO,231.000, 259.000, 0.443, -39.432, 8.418, 259.008, 320.000, 240.000
22:36:26.119,50397,logger,31,INFO,232.000, 258.000, 0.443, -38.953, 7.968, 258.770, 320.000, 240.000
22:36:26.163,50441,logger,31,INFO,231.000, 258.000, 0.463, -41.226, 8.338, 270.797, 320.000, 240.000
22:36:26.246,50525,logger,31,INFO,230.000, 259.000, 0.442, -39.795, 8.401, 258.490, 320.000, 240.000
22:36:26.291,50569,logger,31,INFO,231.000, 259.000, 0.445, -39.613, 8.457, 260.200, 320.000, 240.000
22:36:26.337,50615,logger,31,INFO,232.000, 260.000, 0.444, -39.047, 8.874, 259.393, 320.000, 240.000
22:36:26.380,50658,logger,31,INFO,233.000, 260.000, 0.443, -38.507, 8.852, 258.749, 320.000, 240.000
22:36:26.424,50702,logger,31,INFO,233.000, 261.000, 0.442, -38.463, 9.284, 258.453, 320.000, 240.000
22:36:26.467,50745,logger,31,INFO,233.000, 262.000, 0.442, -38.488, 9.733, 258.624, 320.000, 240.000
22:36:26.511,50789,logger,31,INFO,233.000, 263.000, 0.443, -38.509, 10.181, 258.762, 320.000, 240.000
22:36:26.597,50875,logger,31,INFO,234.000, 262.000, 0.444, -38.141, 9.757, 259.273, 320.000, 240.000
22:36:26.645,50923,logger,31,INFO,236.000, 262.000, 0.444, -37.336, 9.779, 259.843, 320.000, 240.000
22:36:26.688,50966,logger,31,INFO,236.000, 263.000, 0.461, -38.720, 10.602, 269.476, 320.000, 240.000
22:36:26.731,51009,logger,31,INFO,236.000, 264.000, 0.443, -37.221, 10.635, 259.043, 320.000, 240.000
22:36:26.774,51052,logger,31,INFO,237.000, 263.000, 0.446, -36.991, 10.250, 260.538, 320.000, 240.000
22:36:26.820,51098,logger,31,INFO,238.000, 262.000, 0.444, -36.443, 9.777, 259.810, 320.000, 240.000
22:36:26.862,51140,logger,31,INFO,237.000, 262.000, 0.447, -37.117, 9.838, 261.431, 320.000, 240.000
22:36:26.905,51183,logger,31,INFO,235.000, 261.000, 0.444, -37.742, 9.324, 259.574, 320.000, 240.000
22:36:26.994,51273,logger,31,INFO,235.000, 260.000, 0.442, -37.606, 8.849, 258.644, 320.000, 240.000
22:36:27.037,51315,logger,31,INFO,235.000, 259.000, 0.442, -37.585, 8.401, 258.498, 320.000, 240.000
22:36:27.080,51358,logger,31,INFO,234.000, 259.000, 0.444, -38.190, 8.437, 259.604, 320.000, 240.000
22:36:27.123,51401,logger,31,INFO,233.000, 260.000, 0.444, -38.632, 8.881, 259.588, 320.000, 240.000
22:36:27.166,51444,logger,31,INFO,234.000, 259.000, 0.445, -38.230, 8.446, 259.875, 320.000, 240.000
22:36:27.210,51488,logger,31,INFO,235.000, 259.000, 0.442, -37.598, 8.404, 258.585, 320.000, 240.000
22:36:27.296,51574,logger,31,INFO,234.000, 261.000, 0.443, -38.126, 9.310, 259.171, 320.000, 240.000
22:36:27.338,51617,logger,31,INFO,234.000, 262.000, 0.444, -38.220, 9.777, 259.805, 320.000, 240.000
22:36:27.381,51660,logger,31,INFO,234.000, 261.000, 0.463, -39.791, 9.716, 270.488, 320.000, 240.000
22:36:27.426,51704,logger,31,INFO,235.000, 260.000, 0.444, -37.731, 8.878, 259.501, 320.000, 240.000
22:36:27.472,51750,logger,31,INFO,234.000, 261.000, 0.444, -38.159, 9.318, 259.389, 320.000, 240.000
22:36:27.514,51792,logger,31,INFO,235.000, 261.000, 0.446, -37.902, 9.364, 260.679, 320.000, 240.000
22:36:27.557,51835,logger,31,INFO,237.000, 260.000, 0.448, -37.165, 8.955, 261.765, 320.000, 240.000
22:36:27.644,51922,logger,31,INFO,238.000, 261.000, 0.446, -36.538, 9.357, 260.492, 320.000, 240.000
22:36:27.687,51965,logger,31,INFO,237.000, 263.000, 0.447, -37.094, 10.279, 261.264, 320.000, 240.000
22:36:27.729,52007,logger,31,INFO,237.000, 266.000, 0.446, -37.004, 11.592, 260.632, 320.000, 240.000
22:36:27.773,52051,logger,31,INFO,238.000, 266.000, 0.449, -36.830, 11.678, 262.568, 320.000, 240.000
22:36:27.818,52097,logger,31,INFO,240.000, 266.000, 0.450, -36.032, 11.710, 263.304, 320.000, 240.000
22:36:27.861,52140,logger,31,INFO,241.000, 266.000, 0.450, -35.542, 11.697, 263.010, 320.000, 240.000
22:36:27.905,52184,logger,31,INFO,242.000, 266.000, 0.449, -35.049, 11.683, 262.687, 320.000, 240.000
22:36:27.994,52272,logger,31,INFO,242.000, 266.000, 0.449, -35.003, 11.668, 262.340, 320.000, 240.000
22:36:28.036,52314,logger,31,INFO,243.000, 266.000, 0.468, -36.030, 12.166, 273.545, 320.000, 240.000
22:36:28.080,52358,logger,31,INFO,243.000, 265.000, 0.450, -34.631, 11.244, 262.922, 320.000, 240.000
22:36:28.123,52401,logger,31,INFO,244.000, 266.000, 0.449, -34.146, 11.681, 262.654, 320.000, 240.000
22:36:28.170,52449,logger,31,INFO,245.000, 266.000, 0.451, -33.858, 11.737, 263.909, 320.000, 240.000
22:36:28.213,52491,logger,31,INFO,246.000, 265.000, 0.452, -33.421, 11.291, 264.029, 320.000, 240.000
22:36:28.256,52534,logger,31,INFO,248.000, 264.000, 0.453, -32.610, 10.870, 264.779, 320.000, 240.000
22:36:28.342,52620,logger,31,INFO,250.000, 264.000, 0.454, -31.769, 10.892, 265.313, 320.000, 240.000
22:36:28.385,52663,logger,31,INFO,251.000, 264.000, 0.452, -31.170, 10.842, 264.084, 320.000, 240.000
22:36:28.429,52707,logger,31,INFO,251.000, 265.000, 0.452, -31.219, 11.311, 264.505, 320.000, 240.000
22:36:28.473,52751,logger,31,INFO,251.000, 265.000, 0.452, -31.188, 11.300, 264.241, 320.000, 240.000
22:36:28.521,52799,logger,31,INFO,252.000, 265.000, 0.453, -30.786, 11.319, 264.672, 320.000, 240.000
22:36:28.568,52846,logger,31,INFO,253.000, 265.000, 0.452, -30.311, 11.310, 264.472, 320.000, 240.000
22:36:28.610,52888,logger,31,INFO,253.000, 265.000, 0.453, -30.349, 11.324, 264.810, 320.000, 240.000
22:36:28.696,52974,logger,31,INFO,253.000, 265.000, 0.453, -30.354, 11.326, 264.847, 320.000, 240.000
22:36:28.747,53025,logger,31,INFO,254.000, 265.000, 0.454, -29.977, 11.355, 265.525, 320.000, 240.000
22:36:28.793,53072,logger,31,INFO,255.000, 265.000, 0.453, -29.422, 11.316, 264.620, 320.000, 240.000
22:36:28.839,53118,logger,31,INFO,255.000, 266.000, 0.453, -29.439, 11.776, 264.771, 320.000, 240.000
22:36:28.883,53161,logger,31,INFO,255.000, 267.000, 0.455, -29.578, 12.286, 266.021, 320.000, 240.000
22:36:28.927,53205,logger,31,INFO,256.000, 265.000, 0.472, -30.215, 11.803, 275.993, 320.000, 240.000
22:36:28.976,53254,logger,31,INFO,257.000, 265.000, 0.453, -28.560, 11.333, 265.021, 320.000, 240.000
22:36:29.019,53297,logger,31,INFO,257.000, 266.000, 0.454, -28.595, 11.801, 265.343, 320.000, 240.000
22:36:29.062,53340,logger,31,INFO,258.000, 266.000, 0.455, -28.227, 11.837, 266.151, 320.000, 240.000
22:36:29.110,53388,logger,31,INFO,260.000, 266.000, 0.460, -27.593, 11.957, 268.845, 320.000, 240.000
22:36:29.196,53475,logger,31,INFO,262.000, 266.000, 0.456, -26.460, 11.861, 266.697, 320.000, 240.000
22:36:29.240,53519,logger,31,INFO,262.000, 267.000, 0.456, -26.428, 12.303, 266.375, 320.000, 240.000
22:36:29.286,53564,logger,31,INFO,263.000, 266.000, 0.458, -26.104, 11.907, 267.731, 320.000, 240.000
22:36:29.330,53608,logger,31,INFO,264.000, 265.000, 0.460, -25.761, 11.501, 268.931, 320.000, 240.000
22:36:29.373,53652,logger,31,INFO,266.000, 265.000, 0.458, -24.711, 11.440, 267.516, 320.000, 240.000
22:36:29.416,53694,logger,31,INFO,266.000, 265.000, 0.476, -25.685, 11.891, 278.065, 320.000, 240.000
22:36:29.458,53737,logger,31,INFO,266.000, 266.000, 0.476, -25.708, 12.378, 278.317, 320.000, 240.000
22:36:29.545,53823,logger,31,INFO,266.000, 265.000, 0.476, -25.713, 11.904, 278.364, 320.000, 240.000
22:36:29.588,53866,logger,31,INFO,266.000, 265.000, 0.458, -24.721, 11.445, 267.625, 320.000, 240.000
22:36:29.631,53909,logger,31,INFO,266.000, 265.000, 0.458, -24.712, 11.441, 267.532, 320.000, 240.000
22:36:29.676,53954,logger,31,INFO,267.000, 264.000, 0.459, -24.326, 11.015, 268.317, 320.000, 240.000
22:36:29.719,53997,logger,31,INFO,267.000, 264.000, 0.458, -24.275, 10.992, 267.755, 320.000, 240.000
22:36:29.763,54041,logger,31,INFO,267.000, 264.000, 0.458, -24.294, 11.001, 267.968, 320.000, 240.000
22:36:29.805,54083,logger,31,INFO,266.000, 266.000, 0.478, -25.813, 12.429, 279.454, 320.000, 240.000
22:36:29.891,54169,logger,31,INFO,266.000, 266.000, 0.477, -25.776, 12.411, 279.054, 320.000, 240.000
22:36:29.932,54210,logger,31,INFO,266.000, 266.000, 0.459, -24.809, 11.945, 268.577, 320.000, 240.000
22:36:29.977,54255,logger,31,INFO,268.000, 265.000, 0.458, -23.808, 11.446, 267.653, 320.000, 240.000
22:36:30.023,54301,logger,31,INFO,267.000, 265.000, 0.458, -24.287, 11.456, 267.892, 320.000, 240.000
22:36:30.067,54345,logger,31,INFO,267.000, 266.000, 0.459, -24.302, 11.922, 268.061, 320.000, 240.000
22:36:30.111,54389,logger,31,INFO,267.000, 265.000, 0.458, -24.280, 11.453, 267.812, 320.000, 240.000
22:36:30.194,54472,logger,31,INFO,267.000, 266.000, 0.458, -24.285, 11.913, 267.867, 320.000, 240.000
22:36:30.238,54516,logger,31,INFO,268.000, 266.000, 0.459, -23.858, 11.929, 268.224, 320.000, 240.000
22:36:30.281,54559,logger,31,INFO,269.000, 267.000, 0.460, -23.460, 12.420, 268.920, 320.000, 240.000
22:36:30.324,54602,logger,31,INFO,270.000, 267.000, 0.459, -22.972, 12.405, 268.585, 320.000, 240.000
22:36:30.367,54645,logger,31,INFO,271.000, 267.000, 0.460, -22.530, 12.414, 268.792, 320.000, 240.000
22:36:30.410,54689,logger,31,INFO,271.000, 268.000, 0.460, -22.525, 12.872, 268.739, 320.000, 240.000
22:36:30.496,54774,logger,31,INFO,270.000, 268.000, 0.480, -24.010, 13.446, 280.724, 320.000, 240.000
22:36:30.540,54818,logger,31,INFO,270.000, 267.000, 0.460, -23.014, 12.428, 269.082, 320.000, 240.000
22:36:30.588,54867,logger,31,INFO,270.000, 266.000, 0.459, -22.972, 11.945, 268.587, 320.000, 240.000
22:36:30.641,54920,logger,31,INFO,271.000, 267.000, 0.460, -22.523, 12.411, 268.714, 320.000, 240.000
22:36:30.684,54962,logger,31,INFO,271.000, 267.000, 0.460, -22.523, 12.411, 268.712, 320.000, 240.000
22:36:30.728,55006,logger,31,INFO,271.000, 268.000, 0.461, -22.601, 12.915, 269.639, 320.000, 240.000
22:36:30.774,55052,logger,31,INFO,272.000, 268.000, 0.461, -22.113, 12.899, 269.320, 320.000, 240.000
22:36:30.815,55093,logger,31,INFO,273.000, 269.000, 0.460, -21.621, 13.341, 268.932, 320.000, 240.000
22:36:30.860,55138,logger,31,INFO,273.000, 269.000, 0.461, -21.655, 13.361, 269.346, 320.000, 240.000
22:36:30.945,55224,logger,31,INFO,273.000, 269.000, 0.461, -21.657, 13.363, 269.382, 320.000, 240.000
22:36:30.989,55267,logger,31,INFO,273.000, 268.000, 0.461, -21.673, 12.912, 269.577, 320.000, 240.000
22:36:31.034,55312,logger,31,INFO,273.000, 268.000, 0.460, -21.636, 12.889, 269.113, 320.000, 240.000
22:36:31.078,55356,logger,31,INFO,272.000, 268.000, 0.460, -22.089, 12.885, 269.031, 320.000, 240.000
22:36:31.120,55398,logger,31,INFO,272.000, 268.000, 0.461, -22.112, 12.898, 269.302, 320.000, 240.000
22:36:31.174,55452,logger,31,INFO,271.000, 268.000, 0.461, -22.612, 12.921, 269.773, 320.000, 240.000
22:36:31.218,55496,logger,31,INFO,270.000, 268.000, 0.481, -24.071, 13.480, 281.444, 320.000, 240.000
22:36:31.263,55541,logger,31,INFO,270.000, 267.000, 0.460, -23.018, 12.430, 269.124, 320.000, 240.000
22:36:31.311,55589,logger,31,INFO,270.000, 268.000, 0.460, -23.010, 12.886, 269.033, 320.000, 240.000
22:36:31.369,55648,logger,31,INFO,269.000, 267.000, 0.460, -23.452, 12.416, 268.822, 320.000, 240.000
22:36:31.414,55692,logger,31,INFO,270.000, 266.000, 0.461, -23.032, 11.977, 269.287, 320.000, 240.000
22:36:31.456,55734,logger,31,INFO,270.000, 266.000, 0.461, -23.032, 11.977, 269.291, 320.000, 240.000
22:36:31.541,55819,logger,31,INFO,269.000, 267.000, 0.460, -23.475, 12.428, 269.090, 320.000, 240.000
22:36:31.584,55862,logger,31,INFO,270.000, 268.000, 0.463, -23.140, 12.958, 270.550, 320.000, 240.000
22:36:31.627,55906,logger,31,INFO,272.000, 268.000, 0.473, -22.712, 13.249, 276.616, 320.000, 240.000
22:36:31.672,55950,logger,31,INFO,274.000, 268.000, 0.463, -21.301, 12.966, 270.705, 320.000, 240.000
22:36:31.715,55993,logger,31,INFO,273.000, 270.000, 0.466, -21.883, 13.968, 272.191, 320.000, 240.000
22:36:31.764,56042,logger,31,INFO,272.000, 271.000, 0.463, -22.221, 14.351, 270.636, 320.000, 240.000
22:36:31.806,56084,logger,31,INFO,271.000, 272.000, 0.461, -22.613, 14.768, 269.787, 320.000, 240.000
22:36:31.890,56168,logger,31,INFO,270.000, 271.000, 0.462, -23.104, 14.324, 270.129, 320.000, 240.000
22:36:31.933,56211,logger,31,INFO,270.000, 272.000, 0.461, -23.072, 14.766, 269.758, 320.000, 240.000
22:36:31.979,56257,logger,31,INFO,270.000, 273.000, 0.463, -23.175, 15.295, 270.958, 320.000, 240.000
22:36:32.024,56303,logger,31,INFO,269.000, 273.000, 0.462, -23.544, 15.234, 269.877, 320.000, 240.000
22:36:32.070,56348,logger,31,INFO,269.000, 274.000, 0.461, -23.518, 15.679, 269.584, 320.000, 240.000
22:36:32.113,56391,logger,31,INFO,269.000, 274.000, 0.461, -23.513, 15.675, 269.525, 320.000, 240.000
22:36:32.155,56434,logger,31,INFO,269.000, 273.000, 0.462, -23.550, 15.238, 269.950, 320.000, 240.000
22:36:32.243,56521,logger,31,INFO,270.000, 272.000, 0.462, -23.100, 14.784, 270.090, 320.000, 240.000
22:36:32.286,56565,logger,31,INFO,270.000, 272.000, 0.462, -23.112, 14.792, 270.227, 320.000, 240.000
22:36:32.332,56610,logger,31,INFO,272.000, 271.000, 0.461, -22.117, 14.284, 269.368, 320.000, 240.000
22:36:32.377,56656,logger,31,INFO,271.000, 273.000, 0.462, -22.643, 15.250, 270.148, 320.000, 240.000
22:36:32.421,56699,logger,31,INFO,271.000, 274.000, 0.463, -22.673, 15.732, 270.498, 320.000, 240.000
22:36:32.464,56743,logger,31,INFO,271.000, 275.000, 0.462, -22.633, 16.167, 270.030, 320.000, 240.000
22:36:32.509,56787,logger,31,INFO,271.000, 276.000, 0.462, -22.625, 16.623, 269.932, 320.000, 240.000
22:36:32.593,56871,logger,31,INFO,270.000, 278.000, 0.466, -23.293, 17.703, 272.342, 320.000, 240.000
22:36:32.635,56913,logger,31,INFO,268.000, 280.000, 0.463, -24.061, 18.509, 270.504, 320.000, 240.000
22:36:32.678,56956,logger,31,INFO,268.000, 281.000, 0.461, -23.985, 18.911, 269.645, 320.000, 240.000
22:36:32.721,57000,logger,31,INFO,268.000, 281.000, 0.461, -23.968, 18.898, 269.459, 320.000, 240.000
22:36:32.769,57047,logger,31,INFO,268.000, 282.000, 0.481, -25.024, 20.212, 281.328, 320.000, 240.000
22:36:32.808,57086,logger,31,INFO,267.000, 282.000, 0.461, -24.445, 19.371, 269.632, 320.000, 240.000
22:36:32.895,57173,logger,31,INFO,267.000, 283.000, 0.462, -24.467, 19.850, 269.872, 320.000, 240.000
22:36:32.939,57217,logger,31,INFO,267.000, 284.000, 0.464, -24.567, 20.396, 270.983, 320.000, 240.000
22:36:32.982,57260,logger,31,INFO,265.000, 286.000, 0.465, -25.568, 21.385, 271.770, 320.000, 240.000
22:36:33.025,57303,logger,31,INFO,265.000, 289.000, 0.464, -25.500, 22.718, 271.042, 320.000, 240.000
22:36:33.067,57345,logger,31,INFO,266.000, 290.000, 0.482, -26.026, 24.098, 281.757, 320.000, 240.000
22:36:33.110,57389,logger,31,INFO,266.000, 291.000, 0.462, -24.936, 23.551, 269.960, 320.000, 240.000
22:36:33.154,57432,logger,31,INFO,266.000, 290.000, 0.464, -25.053, 23.197, 271.222, 320.000, 240.000
22:36:33.239,57517,logger,31,INFO,266.000, 287.000, 0.462, -24.948, 21.714, 270.086, 320.000, 240.000
22:36:33.282,57561,logger,31,INFO,266.000, 286.000, 0.463, -24.975, 21.275, 270.379, 320.000, 240.000
22:36:33.327,57605,logger,31,INFO,267.000, 285.000, 0.463, -24.540, 20.836, 270.686, 320.000, 240.000
22:36:33.370,57648,logger,31,INFO,268.000, 284.000, 0.460, -23.907, 20.229, 268.764, 320.000, 240.000
22:36:33.414,57692,logger,31,INFO,267.000, 284.000, 0.463, -24.537, 20.370, 270.645, 320.000, 240.000
22:36:33.457,57735,logger,31,INFO,266.000, 284.000, 0.461, -24.911, 20.298, 269.684, 320.000, 240.000
22:36:33.504,57782,logger,31,INFO,266.000, 284.000, 0.461, -24.910, 20.297, 269.677, 320.000, 240.000
22:36:33.590,57869,logger,31,INFO,266.000, 284.000, 0.482, -26.027, 21.208, 281.772, 320.000, 240.000
22:36:33.634,57913,logger,31,INFO,265.000, 284.000, 0.464, -25.539, 20.431, 271.454, 320.000, 240.000
22:36:33.677,57955,logger,31,INFO,264.000, 285.000, 0.461, -25.797, 20.730, 269.304, 320.000, 240.000
22:36:33.719,57998,logger,31,INFO,263.000, 285.000, 0.461, -26.271, 20.741, 269.444, 320.000, 240.000
22:36:33.763,58041,logger,31,INFO,262.000, 286.000, 0.479, -27.789, 22.040, 280.095, 320.000, 240.000
22:36:33.808,58086,logger,31,INFO,262.000, 286.000, 0.479, -27.782, 22.034, 280.021, 320.000, 240.000
22:36:33.899,58177,logger,31,INFO,262.000, 285.000, 0.460, -26.670, 20.692, 268.813, 320.000, 240.000
22:36:33.941,58219,logger,31,INFO,262.000, 285.000, 0.459, -26.647, 20.674, 268.581, 320.000, 240.000
22:36:33.984,58262,logger,31,INFO,262.000, 284.000, 0.462, -26.798, 20.330, 270.108, 320.000, 240.000
22:36:34.029,58307,logger,31,INFO,264.000, 284.000, 0.464, -25.983, 20.415, 271.247, 320.000, 240.000
22:36:34.073,58352,logger,31,INFO,265.000, 283.000, 0.466, -25.606, 20.019, 272.164, 320.000, 240.000
22:36:34.118,58396,logger,31,INFO,266.000, 281.000, 0.481, -25.981, 19.726, 281.268, 320.000, 240.000
22:36:34.162,58440,logger,31,INFO,265.000, 278.000, 0.463, -25.452, 17.585, 270.527, 320.000, 240.000
22:36:34.206,58484,logger,31,INFO,264.000, 276.000, 0.462, -25.854, 16.621, 269.899, 320.000, 240.000
22:36:34.291,58570,logger,31,INFO,264.000, 273.000, 0.461, -25.831, 15.222, 269.661, 320.000, 240.000
22:36:34.335,58613,logger,31,INFO,264.000, 271.000, 0.461, -25.835, 14.301, 269.697, 320.000, 240.000
22:36:34.380,58658,logger,31,INFO,263.000, 269.000, 0.460, -26.245, 13.353, 269.172, 320.000, 240.000
22:36:34.425,58704,logger,31,INFO,263.000, 267.000, 0.460, -26.229, 12.424, 269.010, 320.000, 240.000
22:36:34.470,58748,logger,31,INFO,263.000, 265.000, 0.459, -26.149, 11.469, 268.192, 320.000, 240.000
22:36:34.514,58792,logger,31,INFO,263.000, 263.000, 0.458, -26.126, 10.542, 267.957, 320.000, 240.000
22:36:34.556,58834,logger,31,INFO,263.000, 261.000, 0.460, -26.211, 9.657, 268.826, 320.000, 240.000
22:36:34.643,58922,logger,31,INFO,263.000, 259.000, 0.459, -26.168, 8.723, 268.387, 320.000, 240.000
22:36:34.687,58965,logger,31,INFO,262.000, 258.000, 0.460, -26.679, 8.280, 268.906, 320.000, 240.000
22:36:34.732,59010,logger,31,INFO,261.000, 258.000, 0.459, -27.053, 8.253, 268.050, 320.000, 240.000
22:36:34.775,59053,logger,31,INFO,261.000, 258.000, 0.459, -27.063, 8.257, 268.158, 320.000, 240.000
22:36:34.820,59098,logger,31,INFO,261.000, 257.000, 0.458, -27.029, 7.788, 267.817, 320.000, 240.000
22:36:34.865,59143,logger,31,INFO,261.000, 257.000, 0.458, -27.025, 7.787, 267.778, 320.000, 240.000
22:36:34.908,59186,logger,31,INFO,261.000, 257.000, 0.459, -27.080, 7.803, 268.317, 320.000, 240.000
22:36:34.994,59272,logger,31,INFO,260.000, 258.000, 0.479, -28.748, 8.624, 280.104, 320.000, 240.000
22:36:35.039,59318,logger,31,INFO,259.000, 258.000, 0.459, -27.974, 8.255, 268.093, 320.000, 240.000
22:36:35.082,59360,logger,31,INFO,259.000, 257.000, 0.477, -29.095, 8.108, 278.830, 320.000, 240.000
22:36:35.125,59403,logger,31,INFO,258.000, 257.000, 0.459, -28.435, 7.797, 268.113, 320.000, 240.000
22:36:35.169,59447,logger,31,INFO,257.000, 257.000, 0.459, -28.890, 7.796, 268.084, 320.000, 240.000
22:36:35.214,59492,logger,31,INFO,256.000, 256.000, 0.476, -30.457, 7.614, 278.207, 320.000, 240.000
22:36:35.257,59535,logger,31,INFO,257.000, 255.000, 0.476, -29.986, 7.139, 278.247, 320.000, 240.000
22:36:35.345,59624,logger,31,INFO,257.000, 256.000, 0.457, -28.783, 7.310, 267.087, 320.000, 240.000
22:36:35.389,59667,logger,31,INFO,257.000, 255.000, 0.457, -28.790, 6.855, 267.149, 320.000, 240.000
22:36:35.431,59710,logger,31,INFO,258.000, 255.000, 0.459, -28.458, 6.885, 268.333, 320.000, 240.000
22:36:35.475,59753,logger,31,INFO,260.000, 254.000, 0.459, -27.556, 6.430, 268.483, 320.000, 240.000
22:36:35.518,59796,logger,31,INFO,260.000, 254.000, 0.458, -27.478, 6.412, 267.732, 320.000, 240.000
22:36:35.562,59840,logger,31,INFO,261.000, 253.000, 0.458, -26.998, 5.949, 267.510, 320.000, 240.000
22:36:35.606,59884,logger,31,INFO,261.000, 253.000, 0.458, -27.001, 5.949, 267.542, 320.000, 240.000
22:36:35.694,59972,logger,31,INFO,261.000, 252.000, 0.458, -27.000, 5.492, 267.531, 320.000, 240.000
22:36:35.737,60015,logger,31,INFO,260.000, 252.000, 0.457, -27.447, 5.489, 267.428, 320.000, 240.000
22:36:35.781,60059,logger,31,INFO,261.000, 251.000, 0.457, -26.990, 5.032, 267.429, 320.000, 240.000
22:36:35.823,60101,logger,31,INFO,260.000, 250.000, 0.477, -28.638, 4.773, 279.032, 320.000, 240.000
22:36:35.867,60146,logger,31,INFO,259.000, 251.000, 0.459, -28.004, 5.050, 268.376, 320.000, 240.000
22:36:35.911,60190,logger,31,INFO,257.000, 251.000, 0.459, -28.895, 5.045, 268.129, 320.000, 240.000
22:36:35.956,60234,logger,31,INFO,257.000, 250.000, 0.458, -28.845, 4.579, 267.661, 320.000, 240.000
22:36:36.003,60282,logger,31,INFO,259.000, 249.000, 0.458, -27.961, 4.125, 267.969, 320.000, 240.000
22:36:36.090,60368,logger,31,INFO,259.000, 249.000, 0.457, -27.868, 4.112, 267.073, 320.000, 240.000
22:36:36.133,60411,logger,31,INFO,259.000, 249.000, 0.459, -27.969, 4.127, 268.044, 320.000, 240.000
22:36:36.176,60454,logger,31,INFO,261.000, 248.000, 0.459, -27.078, 3.672, 268.304, 320.000, 240.000
22:36:36.219,60497,logger,31,INFO,261.000, 248.000, 0.458, -27.005, 3.662, 267.575, 320.000, 240.000
22:36:36.262,60540,logger,31,INFO,261.000, 248.000, 0.477, -28.129, 3.814, 278.716, 320.000, 240.000
22:36:36.305,60584,logger,31,INFO,261.000, 249.000, 0.457, -26.989, 4.117, 267.417, 320.000, 240.000
22:36:36.393,60671,logger,31,INFO,260.000, 249.000, 0.458, -27.487, 4.123, 267.812, 320.000, 240.000
22:36:36.435,60714,logger,31,INFO,260.000, 250.000, 0.457, -27.408, 4.568, 267.042, 320.000, 240.000
22:36:36.479,60758,logger,31,INFO,261.000, 251.000, 0.460, -27.132, 5.058, 268.832, 320.000, 240.000
22:36:36.523,60801,logger,31,INFO,263.000, 251.000, 0.460, -26.241, 5.064, 269.127, 320.000, 240.000
22:36:36.567,60845,logger,31,INFO,263.000, 251.000, 0.460, -26.242, 5.064, 269.142, 320.000, 240.000
22:36:36.611,60889,logger,31,INFO,261.000, 254.000, 0.459, -27.078, 6.425, 268.306, 320.000, 240.000
22:36:36.653,60932,logger,31,INFO,262.000, 255.000, 0.461, -26.720, 6.910, 269.315, 320.000, 240.000
22:36:36.740,61018,logger,31,INFO,263.000, 255.000, 0.462, -26.314, 6.925, 269.883, 320.000, 240.000
22:36:36.783,61061,logger,31,INFO,265.000, 255.000, 0.460, -25.294, 6.898, 268.852, 320.000, 240.000
22:36:36.825,61104,logger,31,INFO,265.000, 255.000, 0.460, -25.291, 6.898, 268.820, 320.000, 240.000
22:36:36.870,61148,logger,31,INFO,265.000, 253.000, 0.459, -25.263, 5.971, 268.527, 320.000, 240.000
22:36:36.913,61191,logger,31,INFO,266.000, 251.000, 0.460, -24.838, 5.060, 268.899, 320.000, 240.000
22:36:36.955,61234,logger,31,INFO,267.000, 248.000, 0.460, -24.386, 3.681, 268.986, 320.000, 240.000
22:36:37.043,61321,logger,31,INFO,267.000, 245.000, 0.478, -25.327, 2.389, 279.366, 320.000, 240.000
22:36:37.087,61365,logger,31,INFO,267.000, 243.000, 0.478, -25.348, 1.435, 279.590, 320.000, 240.000
22:36:37.130,61408,logger,31,INFO,267.000, 241.000, 0.459, -24.314, 0.459, 268.183, 320.000, 240.000
22:36:37.175,61454,logger,31,INFO,268.000, 239.000, 0.459, -23.872, -0.459, 268.380, 320.000, 240.000
22:36:37.220,61498,logger,31,INFO,268.000, 239.000, 0.457, -23.778, -0.457, 267.316, 320.000, 240.000
22:36:37.263,61541,logger,31,INFO,268.000, 239.000, 0.457, -23.754, -0.457, 267.048, 320.000, 240.000
22:36:37.306,61585,logger,31,INFO,269.000, 239.000, 0.478, -24.390, -0.478, 279.572, 320.000, 240.000
22:36:37.397,61675,logger,31,INFO,269.000, 238.000, 0.478, -24.366, -0.956, 279.301, 320.000, 240.000
22:36:37.439,61718,logger,31,INFO,269.000, 238.000, 0.458, -23.333, -0.915, 267.457, 320.000, 240.000
22:36:37.485,61764,logger,31,INFO,270.000, 238.000, 0.458, -22.924, -0.917, 268.028, 320.000, 240.000
22:36:37.529,61807,logger,31,INFO,270.000, 239.000, 0.458, -22.893, -0.458, 267.670, 320.000, 240.000
22:36:37.573,61851,logger,31,INFO,269.000, 239.000, 0.457, -23.288, -0.457, 266.945, 320.000, 240.000
22:36:37.616,61895,logger,31,INFO,269.000, 238.000, 0.457, -23.317, -0.914, 267.277, 320.000, 240.000
22:36:37.660,61938,logger,31,INFO,270.000, 237.000, 0.458, -22.875, -1.373, 267.460, 320.000, 240.000
22:36:37.703,61981,logger,31,INFO,269.000, 237.000, 0.457, -23.295, -1.370, 267.023, 320.000, 240.000
22:36:37.788,62066,logger,31,INFO,269.000, 237.000, 0.456, -23.280, -1.369, 266.848, 320.000, 240.000
22:36:37.832,62110,logger,31,INFO,269.000, 237.000, 0.457, -23.318, -1.372, 267.291, 320.000, 240.000
22:36:37.877,62155,logger,31,INFO,269.000, 237.000, 0.457, -23.328, -1.372, 267.399, 320.000, 240.000
22:36:37.920,62198,logger,31,INFO,269.000, 237.000, 0.458, -23.355, -1.374, 267.707, 320.000, 240.000
22:36:37.961,62240,logger,31,INFO,270.000, 237.000, 0.457, -22.867, -1.372, 267.357, 320.000, 240.000
22:36:38.004,62282,logger,31,INFO,270.000, 236.000, 0.457, -22.841, -1.827, 267.056, 320.000, 240.000
22:36:38.091,62369,logger,31,INFO,269.000, 236.000, 0.456, -23.272, -1.825, 266.764, 320.000, 240.000
22:36:38.133,62411,logger,31,INFO,269.000, 236.000, 0.457, -23.299, -1.827, 267.070, 320.000, 240.000
22:36:38.176,62454,logger,31,INFO,269.000, 236.000, 0.456, -23.274, -1.825, 266.785, 320.000, 240.000
22:36:38.223,62502,logger,31,INFO,269.000, 236.000, 0.457, -23.320, -1.829, 267.316, 320.000, 240.000
22:36:38.263,62541,logger,31,INFO,268.000, 236.000, 0.458, -23.841, -1.834, 268.025, 320.000, 240.000
22:36:38.307,62586,logger,31,INFO,267.000, 236.000, 0.457, -24.216, -1.828, 267.109, 320.000, 240.000
22:36:38.394,62673,logger,31,INFO,267.000, 235.000, 0.477, -25.278, -2.385, 278.826, 320.000, 240.000
22:36:38.439,62717,logger,31,INFO,268.000, 234.000, 0.458, -23.794, -2.746, 267.505, 320.000, 240.000
22:36:38.482,62761,logger,31,INFO,268.000, 234.000, 0.455, -23.668, -2.731, 266.080, 320.000, 240.000
22:36:38.525,62804,logger,31,INFO,268.000, 234.000, 0.456, -23.736, -2.739, 266.848, 320.000, 240.000
22:36:38.568,62847,logger,31,INFO,268.000, 235.000, 0.457, -23.781, -2.287, 267.354, 320.000, 240.000
22:36:38.612,62890,logger,31,INFO,268.000, 235.000, 0.457, -23.751, -2.284, 267.013, 320.000, 240.000
22:36:38.656,62934,logger,31,INFO,269.000, 234.000, 0.458, -23.348, -2.747, 267.632, 320.000, 240.000
22:36:38.741,63019,logger,31,INFO,270.000, 234.000, 0.456, -22.819, -2.738, 266.800, 320.000, 240.000
22:36:38.784,63062,logger,31,INFO,269.000, 236.000, 0.458, -23.379, -1.834, 267.988, 320.000, 240.000
22:36:38.829,63107,logger,31,INFO,267.000, 238.000, 0.460, -24.366, -0.919, 268.761, 320.000, 240.000
22:36:38.871,63149,logger,31,INFO,266.000, 240.000, 0.458, -24.754, 0.000, 267.984, 320.000, 240.000
22:36:38.914,63192,logger,31,INFO,265.000, 241.000, 0.459, -25.268, 0.459, 268.574, 320.000, 240.000
22:36:38.956,63235,logger,31,INFO,263.000, 241.000, 0.460, -26.222, 0.460, 268.935, 320.000, 240.000
22:36:39.043,63321,logger,31,INFO,260.000, 240.000, 0.458, -27.452, 0.000, 267.472, 320.000, 240.000
22:36:39.086,63364,logger,31,INFO,258.000, 239.000, 0.455, -28.230, -0.455, 266.181, 320.000, 240.000
22:36:39.129,63407,logger,31,INFO,257.000, 239.000, 0.456, -28.723, -0.456, 266.532, 320.000, 240.000
22:36:39.172,63450,logger,31,INFO,255.000, 241.000, 0.456, -29.656, 0.456, 266.719, 320.000, 240.000
22:36:39.214,63493,logger,31,INFO,254.000, 242.000, 0.455, -30.014, 0.910, 265.851, 320.000, 240.000
22:36:39.258,63536,logger,31,INFO,253.000, 243.000, 0.454, -30.401, 1.361, 265.263, 320.000, 240.000
22:36:39.344,63623,logger,31,INFO,253.000, 244.000, 0.453, -30.374, 1.813, 265.023, 320.000, 240.000
22:36:39.387,63665,logger,31,INFO,253.000, 245.000, 0.472, -31.599, 2.358, 275.712, 320.000, 240.000
22:36:39.429,63708,logger,31,INFO,253.000, 248.000, 0.472, -31.642, 3.778, 276.084, 320.000, 240.000
22:36:39.473,63751,logger,31,INFO,253.000, 249.000, 0.453, -30.345, 4.076, 264.772, 320.000, 240.000
22:36:39.517,63795,logger,31,INFO,252.000, 250.000, 0.453, -30.779, 4.526, 264.611, 320.000, 240.000
22:36:39.561,63840,logger,31,INFO,252.000, 252.000, 0.453, -30.785, 5.433, 264.658, 320.000, 240.000
22:36:39.605,63883,logger,31,INFO,252.000, 254.000, 0.453, -30.803, 6.342, 264.820, 320.000, 240.000
22:36:39.690,63969,logger,31,INFO,252.000, 256.000, 0.472, -32.119, 7.557, 276.131, 320.000, 240.000
22:36:39.734,64012,logger,31,INFO,253.000, 257.000, 0.453, -30.375, 7.707, 265.036, 320.000, 240.000
22:36:39.779,64057,logger,31,INFO,253.000, 257.000, 0.455, -30.497, 7.738, 266.095, 320.000, 240.000
22:36:39.822,64100,logger,31,INFO,256.000, 255.000, 0.459, -29.392, 6.889, 268.476, 320.000, 240.000
22:36:39.866,64145,logger,31,INFO,258.000, 254.000, 0.454, -28.143, 6.355, 265.362, 320.000, 240.000
22:36:39.912,64190,logger,31,INFO,258.000, 253.000, 0.455, -28.207, 5.914, 265.968, 320.000, 240.000
22:36:39.956,64234,logger,31,INFO,256.000, 253.000, 0.456, -29.157, 5.923, 266.331, 320.000, 240.000
22:36:40.044,64322,logger,31,INFO,254.000, 253.000, 0.455, -30.003, 5.910, 265.758, 320.000, 240.000
22:36:40.088,64366,logger,31,INFO,254.000, 251.000, 0.453, -29.868, 4.978, 264.559, 320.000, 240.000
22:36:40.131,64409,logger,31,INFO,253.000, 252.000, 0.454, -30.403, 5.445, 265.281, 320.000, 240.000
22:36:40.175,64453,logger,31,INFO,251.000, 252.000, 0.455, -31.406, 5.462, 266.082, 320.000, 240.000
22:36:40.219,64497,logger,31,INFO,250.000, 251.000, 0.452, -31.674, 4.977, 264.525, 320.000, 240.000
22:36:40.264,64542,logger,31,INFO,251.000, 251.000, 0.455, -31.398, 5.005, 266.015, 320.000, 240.000
22:36:40.307,64585,logger,31,INFO,252.000, 251.000, 0.453, -30.820, 4.986, 264.959, 320.000, 240.000
22:36:40.392,64670,logger,31,INFO,252.000, 252.000, 0.456, -31.021, 5.474, 266.691, 320.000, 240.000
22:36:40.434,64712,logger,31,INFO,250.000, 252.000, 0.454, -31.814, 5.454, 265.691, 320.000, 240.000
22:36:40.477,64755,logger,31,INFO,250.000, 253.000, 0.454, -31.787, 5.903, 265.470, 320.000, 240.000
22:36:40.520,64799,logger,31,INFO,251.000, 253.000, 0.454, -31.338, 5.904, 265.513, 320.000, 240.000
22:36:40.563,64842,logger,31,INFO,251.000, 253.000, 0.454, -31.351, 5.907, 265.623, 320.000, 240.000
22:36:40.606,64884,logger,31,INFO,250.000, 252.000, 0.453, -31.715, 5.437, 264.870, 320.000, 240.000
22:36:40.692,64970,logger,31,INFO,250.000, 251.000, 0.456, -31.893, 5.012, 266.354, 320.000, 240.000
22:36:40.739,65017,logger,31,INFO,251.000, 249.000, 0.455, -31.393, 4.095, 265.978, 320.000, 240.000
22:36:40.782,65060,logger,31,INFO,252.000, 248.000, 0.455, -30.932, 3.639, 265.928, 320.000, 240.000
22:36:40.825,65103,logger,31,INFO,254.000, 247.000, 0.455, -30.043, 3.186, 266.107, 320.000, 240.000
22:36:40.869,65147,logger,31,INFO,254.000, 246.000, 0.454, -29.995, 2.727, 265.679, 320.000, 240.000
22:36:40.913,65191,logger,31,INFO,254.000, 247.000, 0.454, -29.986, 3.180, 265.607, 320.000, 240.000
22:36:40.958,65236,logger,31,INFO,254.000, 247.000, 0.455, -29.999, 3.182, 265.716, 320.000, 240.000
22:36:41.005,65283,logger,31,INFO,254.000, 246.000, 0.456, -30.072, 2.734, 266.364, 320.000, 240.000
22:36:41.095,65373,logger,31,INFO,254.000, 246.000, 0.455, -30.037, 2.731, 266.054, 320.000, 240.000
22:36:41.138,65416,logger,31,INFO,253.000, 247.000, 0.456, -30.536, 3.190, 266.441, 320.000, 240.000
22:36:41.185,65463,logger,31,INFO,254.000, 246.000, 0.459, -30.268, 2.752, 268.106, 320.000, 240.000
22:36:41.229,65507,logger,31,INFO,256.000, 244.000, 0.458, -29.302, 1.831, 267.657, 320.000, 240.000
22:36:41.288,65566,logger,31,INFO,257.000, 242.000, 0.455, -28.639, 0.909, 265.754, 320.000, 240.000
22:36:41.331,65609,logger,31,INFO,258.000, 243.000, 0.456, -28.259, 1.367, 266.451, 320.000, 240.000
22:36:41.374,65652,logger,31,INFO,259.000, 241.000, 0.457, -27.888, 0.457, 267.272, 320.000, 240.000
22:36:41.417,65696,logger,31,INFO,261.000, 238.000, 0.462, -27.265, -0.924, 270.159, 320.000, 240.000
22:36:41.462,65741,logger,31,INFO,264.000, 235.000, 0.461, -25.807, -2.304, 269.406, 320.000, 240.000
22:36:41.506,65784,logger,31,INFO,266.000, 233.000, 0.456, -24.645, -3.195, 266.810, 320.000, 240.000
22:36:41.592,65870,logger,31,INFO,266.000, 231.000, 0.456, -24.601, -4.100, 266.331, 320.000, 240.000
22:36:41.634,65912,logger,31,INFO,268.000, 229.000, 0.459, -23.888, -5.053, 268.561, 320.000, 240.000
22:36:41.677,65956,logger,31,INFO,270.000, 227.000, 0.456, -22.787, -5.925, 266.426, 320.000, 240.000
22:36:41.721,65999,logger,31,INFO,270.000, 227.000, 0.455, -22.740, -5.912, 265.880, 320.000, 240.000
22:36:41.764,66043,logger,31,INFO,271.000, 227.000, 0.457, -22.411, -5.946, 267.378, 320.000, 240.000
22:36:41.807,66086,logger,31,INFO,272.000, 227.000, 0.459, -22.020, -5.964, 268.189, 320.000, 240.000
22:36:41.891,66170,logger,31,INFO,273.000, 226.000, 0.459, -21.559, -6.422, 268.162, 320.000, 240.000
22:36:41.936,66215,logger,31,INFO,274.000, 226.000, 0.459, -21.121, -6.428, 268.426, 320.000, 240.000
22:36:41.982,66261,logger,31,INFO,275.000, 228.000, 0.459, -20.636, -5.503, 268.087, 320.000, 240.000
22:36:42.027,66305,logger,31,INFO,273.000, 230.000, 0.460, -21.605, -4.597, 268.731, 320.000, 240.000
22:36:42.069,66347,logger,31,INFO,273.000, 231.000, 0.458, -21.536, -4.124, 267.869, 320.000, 240.000
22:36:42.114,66393,logger,31,INFO,273.000, 231.000, 0.457, -21.501, -4.117, 267.441, 320.000, 240.000
22:36:42.159,66438,logger,31,INFO,272.000, 231.000, 0.459, -22.033, -4.131, 268.346, 320.000, 240.000
22:36:42.210,66488,logger,31,INFO,270.000, 231.000, 0.457, -22.845, -4.112, 267.102, 320.000, 240.000
22:36:42.261,66539,logger,31,INFO,271.000, 231.000, 0.459, -22.485, -4.130, 268.264, 320.000, 240.000
22:36:42.318,66596,logger,31,INFO,273.000, 233.000, 0.461, -21.651, -3.225, 269.308, 320.000, 240.000
22:36:42.361,66639,logger,31,INFO,274.000, 234.000, 0.458, -21.075, -2.749, 267.839, 320.000, 240.000
22:36:42.405,66683,logger,31,INFO,274.000, 234.000, 0.459, -21.106, -2.753, 268.225, 320.000, 240.000
22:36:42.457,66736,logger,31,INFO,273.000, 235.000, 0.478, -22.468, -2.390, 279.465, 320.000, 240.000
22:36:42.502,66781,logger,31,INFO,273.000, 239.000, 0.479, -22.491, -0.479, 279.746, 320.000, 240.000
22:36:42.588,66867,logger,31,INFO,272.000, 241.000, 0.459, -22.043, 0.459, 268.468, 320.000, 240.000
22:36:42.636,66914,logger,31,INFO,271.000, 243.000, 0.460, -22.554, 1.381, 269.082, 320.000, 240.000
22:36:42.678,66956,logger,31,INFO,271.000, 245.000, 0.458, -22.448, 2.291, 267.816, 320.000, 240.000
22:36:42.723,67001,logger,31,INFO,270.000, 247.000, 0.458, -22.916, 3.208, 267.931, 320.000, 240.000
22:36:42.768,67046,logger,31,INFO,271.000, 248.000, 0.458, -22.431, 3.662, 267.619, 320.000, 240.000
22:36:42.813,67091,logger,31,INFO,270.000, 249.000, 0.459, -22.934, 4.128, 268.148, 320.000, 240.000
22:36:42.856,67135,logger,31,INFO,269.000, 249.000, 0.460, -23.468, 4.141, 269.011, 320.000, 240.000
22:36:42.943,67221,logger,31,INFO,268.000, 250.000, 0.460, -23.919, 4.600, 268.904, 320.000, 240.000
22:36:42.992,67270,logger,31,INFO,266.000, 251.000, 0.459, -24.804, 5.053, 268.530, 320.000, 240.000
22:36:43.035,67313,logger,31,INFO,265.000, 250.000, 0.460, -25.298, 4.600, 268.896, 320.000, 240.000
22:36:43.082,67360,logger,31,INFO,263.000, 250.000, 0.460, -26.210, 4.598, 268.812, 320.000, 240.000
22:36:43.126,67405,logger,31,INFO,262.000, 253.000, 0.460, -26.709, 5.986, 269.207, 320.000, 240.000
22:36:43.171,67449,logger,31,INFO,261.000, 256.000, 0.458, -27.025, 7.329, 267.779, 320.000, 240.000
22:36:43.222,67500,logger,31,INFO,261.000, 257.000, 0.458, -27.008, 7.782, 267.606, 320.000, 240.000
22:36:43.272,67550,logger,31,INFO,261.000, 257.000, 0.461, -27.183, 7.832, 269.345, 320.000, 240.000
22:36:43.317,67595,logger,31,INFO,264.000, 258.000, 0.465, -26.033, 8.368, 271.769, 320.000, 240.000
22:36:43.361,67639,logger,31,INFO,266.000, 256.000, 0.462, -24.959, 7.395, 270.206, 320.000, 240.000
22:36:43.412,67690,logger,31,INFO,267.000, 253.000, 0.460, -24.372, 5.978, 268.831, 320.000, 240.000
22:36:43.460,67738,logger,31,INFO,267.000, 252.000, 0.459, -24.332, 5.509, 268.385, 320.000, 240.000
22:36:43.507,67785,logger,31,INFO,265.000, 253.000, 0.463, -25.454, 6.016, 270.554, 320.000, 240.000
22:36:43.555,67833,logger,31,INFO,263.000, 254.000, 0.459, -26.177, 6.429, 268.471, 320.000, 240.000
22:36:43.608,67886,logger,31,INFO,263.000, 254.000, 0.460, -26.194, 6.434, 268.650, 320.000, 240.000
22:36:43.656,67934,logger,31,INFO,261.000, 252.000, 0.464, -27.372, 5.567, 271.212, 320.000, 240.000
22:36:43.744,68022,logger,31,INFO,255.000, 249.000, 0.487, -31.647, 4.382, 284.628, 320.000, 240.000
22:36:43.787,68065,logger,31,INFO,251.000, 248.000, 0.458, -31.607, 3.665, 267.791, 320.000, 240.000
22:36:43.832,68111,logger,31,INFO,249.000, 249.000, 0.464, -32.919, 4.173, 271.051, 320.000, 240.000
22:36:43.874,68152,logger,31,INFO,243.000, 251.000, 0.491, -37.792, 5.399, 286.926, 320.000, 240.000
22:36:43.917,68196,logger,31,INFO,238.000, 252.000, 0.459, -37.653, 5.510, 268.441, 320.000, 240.000
22:36:43.960,68238,logger,31,INFO,237.000, 252.000, 0.455, -37.733, 5.455, 265.765, 320.000, 240.000
22:36:44.004,68282,logger,31,INFO,240.000, 250.000, 0.455, -36.418, 4.552, 266.125, 320.000, 240.000
22:36:44.092,68371,logger,31,INFO,241.000, 249.000, 0.452, -35.731, 4.071, 264.411, 320.000, 240.000
22:36:44.137,68415,logger,31,INFO,242.000, 249.000, 0.455, -35.468, 4.092, 265.825, 320.000, 240.000
22:36:44.180,68458,logger,31,INFO,245.000, 248.000, 0.481, -36.043, 3.845, 280.943, 320.000, 240.000
22:36:44.224,68502,logger,31,INFO,248.000, 247.000, 0.457, -32.911, 3.200, 267.220, 320.000, 240.000
22:36:44.267,68545,logger,31,INFO,250.000, 248.000, 0.455, -31.844, 3.639, 265.946, 320.000, 240.000
22:36:44.316,68594,logger,31,INFO,252.000, 251.000, 0.471, -32.060, 5.186, 275.623, 320.000, 240.000
22:36:44.360,68638,logger,31,INFO,251.000, 254.000, 0.455, -31.419, 6.375, 266.196, 320.000, 240.000
22:36:44.404,68682,logger,31,INFO,248.000, 258.000, 0.466, -33.567, 8.392, 272.547, 320.000, 240.000
22:36:44.491,68769,logger,31,INFO,244.000, 262.000, 0.486, -36.921, 10.688, 284.002, 320.000, 240.000
22:36:44.535,68813,logger,31,INFO,239.000, 264.000, 0.463, -37.511, 11.114, 270.726, 320.000, 240.000
22:36:44.581,68859,logger,31,INFO,235.000, 263.000, 0.461, -39.148, 10.593, 269.249, 320.000, 240.000
22:36:44.624,68902,logger,31,INFO,232.000, 261.000, 0.457, -40.196, 9.592, 267.027, 320.000, 240.000
22:36:44.668,68946,logger,31,INFO,229.000, 261.000, 0.456, -41.458, 9.567, 266.332, 320.000, 240.000
22:36:44.713,68991,logger,31,INFO,227.000, 261.000, 0.456, -42.387, 9.571, 266.444, 320.000, 240.000
22:36:44.757,69036,logger,31,INFO,224.000, 260.000, 0.454, -43.589, 9.081, 265.439, 320.000, 240.000
22:36:44.841,69119,logger,31,INFO,223.000, 259.000, 0.451, -43.771, 8.574, 263.797, 320.000, 240.000
22:36:44.884,69162,logger,31,INFO,221.000, 258.000, 0.452, -44.761, 8.138, 264.314, 320.000, 240.000
22:36:44.927,69205,logger,31,INFO,218.000, 258.000, 0.455, -46.415, 8.191, 266.024, 320.000, 240.000
22:36:44.971,69250,logger,31,INFO,216.000, 257.000, 0.449, -46.729, 7.638, 262.669, 320.000, 240.000
22:36:45.014,69293,logger,31,INFO,216.000, 256.000, 0.468, -48.684, 7.490, 273.662, 320.000, 240.000
22:36:45.057,69335,logger,31,INFO,217.000, 255.000, 0.449, -46.212, 6.730, 262.287, 320.000, 240.000
22:36:45.103,69381,logger,31,INFO,218.000, 254.000, 0.450, -45.896, 6.299, 263.045, 320.000, 240.000
22:36:45.190,69468,logger,31,INFO,218.000, 253.000, 0.449, -45.842, 5.843, 262.739, 320.000, 240.000
22:36:45.233,69511,logger,31,INFO,219.000, 253.000, 0.450, -45.449, 5.850, 263.065, 320.000, 240.000
22:36:45.277,69555,logger,31,INFO,221.000, 253.000, 0.451, -44.610, 5.858, 263.426, 320.000, 240.000
22:36:45.320,69598,logger,31,INFO,222.000, 253.000, 0.451, -44.208, 5.864, 263.715, 320.000, 240.000
22:36:45.364,69643,logger,31,INFO,224.000, 254.000, 0.454, -43.574, 6.354, 265.345, 320.000, 240.000
22:36:45.409,69687,logger,31,INFO,226.000, 254.000, 0.454, -42.647, 6.352, 265.230, 320.000, 240.000
22:36:45.453,69732,logger,31,INFO,227.000, 254.000, 0.452, -42.026, 6.326, 264.174, 320.000, 240.000
22:36:45.542,69821,logger,31,INFO,228.000, 255.000, 0.453, -41.716, 6.802, 265.080, 320.000, 240.000
22:36:45.587,69865,logger,31,INFO,229.000, 256.000, 0.455, -41.362, 7.272, 265.717, 320.000, 240.000
22:36:45.634,69912,logger,31,INFO,232.000, 258.000, 0.457, -40.213, 8.225, 267.143, 320.000, 240.000
22:36:45.682,69960,logger,31,INFO,235.000, 258.000, 0.458, -38.891, 8.236, 267.477, 320.000, 240.000
22:36:45.726,70004,logger,31,INFO,237.000, 258.000, 0.457, -37.935, 8.227, 267.189, 320.000, 240.000
22:36:45.771,70049,logger,31,INFO,240.000, 258.000, 0.461, -36.841, 8.289, 269.214, 320.000, 240.000
22:36:45.815,70093,logger,31,INFO,243.000, 258.000, 0.458, -35.230, 8.236, 267.477, 320.000, 240.000
22:36:45.858,70137,logger,31,INFO,245.000, 257.000, 0.457, -34.304, 7.776, 267.388, 320.000, 240.000
22:36:45.903,70181,logger,31,INFO,248.000, 256.000, 0.460, -33.089, 7.353, 268.665, 320.000, 240.000
22:36:45.988,70266,logger,31,INFO,251.000, 255.000, 0.458, -31.585, 6.866, 267.600, 320.000, 240.000
22:36:46.031,70309,logger,31,INFO,253.000, 253.000, 0.460, -30.821, 5.980, 268.921, 320.000, 240.000
22:36:46.074,70352,logger,31,INFO,256.000, 252.000, 0.459, -29.386, 5.510, 268.419, 320.000, 240.000
22:36:46.119,70398,logger,31,INFO,259.000, 251.000, 0.462, -28.184, 5.082, 270.104, 320.000, 240.000
22:36:46.163,70441,logger,31,INFO,263.000, 251.000, 0.464, -26.433, 5.101, 271.103, 320.000, 240.000
22:36:46.206,70484,logger,31,INFO,266.000, 250.000, 0.461, -24.909, 4.613, 269.666, 320.000, 240.000
22:36:46.250,70529,logger,31,INFO,268.000, 249.000, 0.458, -23.835, 4.125, 267.960, 320.000, 240.000
22:36:46.335,70613,logger,31,INFO,270.000, 248.000, 0.460, -22.999, 3.680, 268.904, 320.000, 240.000
22:36:46.378,70656,logger,31,INFO,272.000, 246.000, 0.457, -21.932, 2.742, 267.119, 320.000, 240.000
22:36:46.421,70700,logger,31,INFO,272.000, 246.000, 0.456, -21.893, 2.737, 266.643, 320.000, 240.000
22:36:46.465,70743,logger,31,INFO,271.000, 246.000, 0.456, -22.352, 2.737, 266.673, 320.000, 240.000
22:36:46.509,70787,logger,31,INFO,271.000, 246.000, 0.457, -22.391, 2.742, 267.142, 320.000, 240.000
22:36:46.552,70830,logger,31,INFO,270.000, 245.000, 0.455, -22.765, 2.277, 266.169, 320.000, 240.000
22:36:46.640,70918,logger,31,INFO,270.000, 244.000, 0.457, -22.859, 1.829, 267.265, 320.000, 240.000
22:36:46.683,70961,logger,31,INFO,272.000, 243.000, 0.456, -21.909, 1.369, 266.829, 320.000, 240.000
22:36:46.725,71004,logger,31,INFO,273.000, 241.000, 0.457, -21.462, 0.457, 266.955, 320.000, 240.000
22:36:46.771,71049,logger,31,INFO,274.000, 241.000, 0.457, -21.012, 0.457, 267.034, 320.000, 240.000
22:36:46.815,71094,logger,31,INFO,275.000, 240.000, 0.455, -20.477, 0.000, 266.023, 320.000, 240.000
22:36:46.861,71139,logger,31,INFO,276.000, 240.000, 0.455, -20.026, 0.000, 266.076, 320.000, 240.000
22:36:46.903,71182,logger,31,INFO,276.000, 239.000, 0.475, -20.903, -0.475, 277.724, 320.000, 240.000
22:36:46.990,71268,logger,31,INFO,277.000, 240.000, 0.455, -19.585, 0.000, 266.262, 320.000, 240.000
22:36:47.032,71310,logger,31,INFO,277.000, 240.000, 0.455, -19.562, 0.000, 265.946, 320.000, 240.000
22:36:47.077,71355,logger,31,INFO,276.000, 240.000, 0.455, -20.008, 0.000, 265.837, 320.000, 240.000
22:36:47.120,71399,logger,31,INFO,277.000, 239.000, 0.457, -19.632, -0.457, 266.899, 320.000, 240.000
22:36:47.164,71442,logger,31,INFO,278.000, 238.000, 0.474, -19.928, -0.949, 277.376, 320.000, 240.000
22:36:47.207,71485,logger,31,INFO,277.000, 238.000, 0.457, -19.668, -0.915, 267.392, 320.000, 240.000
22:36:47.258,71536,logger,31,INFO,275.000, 238.000, 0.454, -20.443, -0.909, 265.571, 320.000, 240.000
22:36:47.302,71580,logger,31,INFO,276.000, 238.000, 0.453, -19.950, -0.907, 265.062, 320.000, 240.000
22:36:47.388,71666,logger,31,INFO,276.000, 236.000, 0.453, -19.945, -1.813, 264.993, 320.000, 240.000
22:36:47.432,71710,logger,31,INFO,275.000, 234.000, 0.455, -20.470, -2.729, 265.923, 320.000, 240.000
22:36:47.474,71753,logger,31,INFO,274.000, 234.000, 0.456, -20.980, -2.737, 266.630, 320.000, 240.000
22:36:47.517,71795,logger,31,INFO,273.000, 234.000, 0.454, -21.340, -2.724, 265.432, 320.000, 240.000
22:36:47.561,71840,logger,31,INFO,273.000, 234.000, 0.454, -21.344, -2.725, 265.483, 320.000, 240.000
22:36:47.605,71883,logger,31,INFO,273.000, 234.000, 0.453, -21.308, -2.720, 265.038, 320.000, 240.000
22:36:47.693,71972,logger,31,INFO,273.000, 234.000, 0.453, -21.302, -2.719, 264.957, 320.000, 240.000
22:36:47.739,72017,logger,31,INFO,274.000, 235.000, 0.454, -20.900, -2.272, 265.606, 320.000, 240.000
22:36:47.787,72065,logger,31,INFO,275.000, 235.000, 0.454, -20.433, -2.270, 265.446, 320.000, 240.000
22:36:47.844,72122,logger,31,INFO,275.000, 235.000, 0.453, -20.403, -2.267, 265.057, 320.000, 240.000
22:36:47.888,72167,logger,31,INFO,276.000, 235.000, 0.453, -19.944, -2.266, 264.978, 320.000, 240.000
22:36:47.932,72210,logger,31,INFO,277.000, 235.000, 0.452, -19.452, -2.262, 264.459, 320.000, 240.000
22:36:47.977,72255,logger,31,INFO,277.000, 234.000, 0.453, -19.498, -2.721, 265.077, 320.000, 240.000
22:36:48.021,72299,logger,31,INFO,276.000, 234.000, 0.452, -19.905, -2.714, 264.461, 320.000, 240.000
22:36:48.066,72344,logger,31,INFO,277.000, 234.000, 0.453, -19.468, -2.716, 264.675, 320.000, 240.000
22:36:48.117,72395,logger,31,INFO,277.000, 234.000, 0.453, -19.479, -2.718, 264.821, 320.000, 240.000
22:36:48.159,72438,logger,31,INFO,276.000, 233.000, 0.473, -20.825, -3.313, 276.685, 320.000, 240.000
22:36:48.205,72483,logger,31,INFO,276.000, 233.000, 0.452, -19.903, -3.166, 264.443, 320.000, 240.000
22:36:48.252,72530,logger,31,INFO,276.000, 232.000, 0.452, -19.881, -3.615, 264.145, 320.000, 240.000
22:36:48.301,72579,logger,31,INFO,276.000, 231.000, 0.452, -19.882, -4.067, 264.158, 320.000, 240.000
22:36:48.387,72666,logger,31,INFO,275.000, 230.000, 0.457, -20.547, -4.566, 266.928, 320.000, 240.000
22:36:48.432,72710,logger,31,INFO,273.000, 232.000, 0.452, -21.264, -3.619, 264.489, 320.000, 240.000
22:36:48.478,72756,logger,31,INFO,273.000, 233.000, 0.453, -21.272, -3.168, 264.586, 320.000, 240.000
22:36:48.521,72800,logger,31,INFO,275.000, 233.000, 0.457, -20.555, -3.197, 267.032, 320.000, 240.000
22:36:48.565,72843,logger,31,INFO,279.000, 232.000, 0.484, -19.827, -3.869, 282.709, 320.000, 240.000
22:36:48.607,72885,logger,31,INFO,282.000, 231.000, 0.454, -17.261, -4.088, 265.551, 320.000, 240.000
22:36:48.650,72928,logger,31,INFO,281.000, 230.000, 0.456, -17.778, -4.559, 266.493, 320.000, 240.000
22:36:48.736,73015,logger,31,INFO,280.000, 231.000, 0.453, -18.121, -4.077, 264.833, 320.000, 240.000
22:36:48.782,73060,logger,31,INFO,282.000, 231.000, 0.454, -17.254, -4.087, 265.445, 320.000, 240.000
22:36:48.824,73102,logger,31,INFO,282.000, 230.000, 0.454, -17.262, -4.543, 265.570, 320.000, 240.000
22:36:48.868,73146,logger,31,INFO,281.000, 231.000, 0.454, -17.720, -4.089, 265.619, 320.000, 240.000
22:36:48.911,73189,logger,31,INFO,280.000, 231.000, 0.452, -18.093, -4.071, 264.434, 320.000, 240.000
22:36:48.954,73233,logger,31,INFO,281.000, 231.000, 0.454, -17.697, -4.084, 265.272, 320.000, 240.000
22:36:49.041,73319,logger,31,INFO,281.000, 231.000, 0.473, -18.461, -4.260, 276.728, 320.000, 240.000
22:36:49.088,73366,logger,31,INFO,280.000, 232.000, 0.455, -18.203, -3.641, 266.041, 320.000, 240.000
22:36:49.131,73409,logger,31,INFO,279.000, 233.000, 0.452, -18.538, -3.165, 264.328, 320.000, 240.000
22:36:49.175,73453,logger,31,INFO,279.000, 232.000, 0.453, -18.571, -3.624, 264.796, 320.000, 240.000
22:36:49.219,73497,logger,31,INFO,280.000, 233.000, 0.452, -18.087, -3.165, 264.345, 320.000, 240.000
22:36:49.262,73541,logger,31,INFO,279.000, 233.000, 0.454, -18.594, -3.175, 265.123, 320.000, 240.000
22:36:49.306,73584,logger,31,INFO,277.000, 233.000, 0.451, -19.389, -3.156, 263.601, 320.000, 240.000
22:36:49.392,73670,logger,31,INFO,279.000, 231.000, 0.475, -19.489, -4.278, 277.891, 320.000, 240.000
22:36:49.434,73712,logger,31,INFO,281.000, 229.000, 0.452, -17.620, -4.970, 264.112, 320.000, 240.000
22:36:49.478,73756,logger,31,INFO,279.000, 228.000, 0.456, -18.713, -5.477, 266.820, 320.000, 240.000
22:36:49.522,73800,logger,31,INFO,276.000, 228.000, 0.450, -19.817, -5.405, 263.291, 320.000, 240.000
22:36:49.565,73843,logger,31,INFO,276.000, 227.000, 0.449, -19.769, -5.841, 262.662, 320.000, 240.000
22:36:49.608,73887,logger,31,INFO,278.000, 225.000, 0.449, -18.847, -6.731, 262.328, 320.000, 240.000
22:36:49.651,73929,logger,31,INFO,278.000, 223.000, 0.449, -18.841, -7.626, 262.254, 320.000, 240.000
22:36:49.739,74017,logger,31,INFO,276.000, 222.000, 0.448, -19.711, -8.064, 261.894, 320.000, 240.000
22:36:49.784,74063,logger,31,INFO,276.000, 220.000, 0.446, -19.626, -8.921, 260.760, 320.000, 240.000
22:36:49.828,74106,logger,31,INFO,276.000, 216.000, 0.467, -20.529, -11.197, 272.750, 320.000, 240.000
22:36:49.871,74150,logger,31,INFO,275.000, 212.000, 0.468, -21.048, -13.096, 273.435, 320.000, 240.000
22:36:49.917,74196,logger,31,INFO,274.000, 210.000, 0.446, -20.524, -13.385, 260.837, 320.000, 240.000
22:36:49.964,74242,logger,31,INFO,273.000, 209.000, 0.446, -20.964, -13.827, 260.754, 320.000, 240.000
22:36:50.009,74288,logger,31,INFO,273.000, 207.000, 0.446, -20.983, -14.733, 260.996, 320.000, 240.000
22:36:50.053,74331,logger,31,INFO,271.000, 206.000, 0.447, -21.885, -15.185, 261.098, 320.000, 240.000
22:36:50.138,74416,logger,31,INFO,270.000, 206.000, 0.443, -22.129, -15.048, 258.735, 320.000, 240.000
22:36:50.183,74461,logger,31,INFO,269.000, 205.000, 0.441, -22.493, -15.436, 257.829, 320.000, 240.000
22:36:50.229,74507,logger,31,INFO,269.000, 204.000, 0.441, -22.495, -15.879, 257.859, 320.000, 240.000
22:36:50.275,74553,logger,31,INFO,269.000, 204.000, 0.442, -22.532, -15.905, 258.275, 320.000, 240.000
22:36:50.318,74596,logger,31,INFO,270.000, 204.000, 0.443, -22.151, -15.948, 258.986, 320.000, 240.000
22:36:50.361,74640,logger,31,INFO,269.000, 204.000, 0.442, -22.523, -15.899, 258.179, 320.000, 240.000
22:36:50.405,74684,logger,31,INFO,270.000, 205.000, 0.443, -22.147, -15.503, 258.938, 320.000, 240.000
22:36:50.491,74769,logger,31,INFO,271.000, 207.000, 0.445, -21.801, -14.682, 260.100, 320.000, 240.000
22:36:50.534,74813,logger,31,INFO,271.000, 208.000, 0.444, -21.737, -14.196, 259.335, 320.000, 240.000
22:36:50.577,74855,logger,31,INFO,270.000, 209.000, 0.444, -22.190, -13.758, 259.442, 320.000, 240.000
22:36:50.620,74898,logger,31,INFO,271.000, 210.000, 0.444, -21.768, -13.327, 259.704, 320.000, 240.000
22:36:50.663,74941,logger,31,INFO,271.000, 211.000, 0.445, -21.801, -12.902, 260.096, 320.000, 240.000
22:36:50.708,74986,logger,31,INFO,270.000, 211.000, 0.444, -22.200, -12.876, 259.561, 320.000, 240.000
22:36:50.752,75030,logger,31,INFO,269.000, 211.000, 0.446, -22.735, -12.928, 260.605, 320.000, 240.000
22:36:50.837,75115,logger,31,INFO,268.000, 210.000, 0.442, -22.997, -13.267, 258.534, 320.000, 240.000
22:36:50.881,75160,logger,31,INFO,268.000, 209.000, 0.441, -22.911, -13.659, 257.576, 320.000, 240.000
22:36:50.925,75203,logger,31,INFO,267.000, 208.000, 0.441, -23.370, -14.110, 257.780, 320.000, 240.000
22:36:50.969,75247,logger,31,INFO,267.000, 208.000, 0.441, -23.392, -14.123, 258.015, 320.000, 240.000
22:36:51.015,75293,logger,31,INFO,266.000, 207.000, 0.442, -23.872, -14.589, 258.438, 320.000, 240.000
22:36:51.060,75339,logger,31,INFO,266.000, 206.000, 0.442, -23.844, -15.013, 258.136, 320.000, 240.000
22:36:51.103,75381,logger,31,INFO,264.000, 206.000, 0.446, -24.968, -15.159, 260.649, 320.000, 240.000
22:36:51.188,75466,logger,31,INFO,260.000, 208.000, 0.476, -28.582, -15.244, 278.486, 320.000, 240.000
22:36:51.231,75509,logger,31,INFO,254.000, 212.000, 0.452, -29.840, -12.659, 264.309, 320.000, 240.000
22:36:51.274,75552,logger,31,INFO,251.000, 214.000, 0.444, -30.664, -11.555, 259.801, 320.000, 240.000
22:36:51.316,75594,logger,31,INFO,251.000, 212.000, 0.464, -32.013, -12.991, 271.232, 320.000, 240.000
22:36:51.358,75636,logger,31,INFO,250.000, 210.000, 0.446, -31.253, -13.394, 261.004, 320.000, 240.000
22:36:51.404,75682,logger,31,INFO,247.000, 210.000, 0.446, -32.589, -13.393, 260.977, 320.000, 240.000
22:36:51.491,75769,logger,31,INFO,243.000, 211.000, 0.448, -34.510, -12.997, 262.005, 320.000, 240.000
22:36:51.533,75811,logger,31,INFO,240.000, 210.000, 0.446, -35.699, -13.387, 260.867, 320.000, 240.000
22:36:51.576,75854,logger,31,INFO,238.000, 208.000, 0.440, -36.100, -14.088, 257.369, 320.000, 240.000
22:36:51.622,75900,logger,31,INFO,239.000, 207.000, 0.439, -35.596, -14.502, 256.904, 320.000, 240.000
22:36:51.666,75944,logger,31,INFO,239.000, 206.000, 0.440, -35.607, -14.946, 256.988, 320.000, 240.000
22:36:51.709,75987,logger,31,INFO,239.000, 204.000, 0.440, -35.646, -15.842, 257.264, 320.000, 240.000
22:36:51.754,76032,logger,31,INFO,238.000, 204.000, 0.439, -36.011, -15.810, 256.729, 320.000, 240.000
22:36:51.839,76118,logger,31,INFO,239.000, 206.000, 0.442, -35.811, -15.032, 258.457, 320.000, 240.000
22:36:51.883,76162,logger,31,INFO,241.000, 207.000, 0.443, -35.020, -14.629, 259.150, 320.000, 240.000
22:36:51.929,76207,logger,31,INFO,241.000, 207.000, 0.442, -34.932, -14.592, 258.496, 320.000, 240.000
22:36:51.974,76252,logger,31,INFO,240.000, 207.000, 0.442, -35.338, -14.577, 258.235, 320.000, 240.000
22:36:52.016,76294,logger,31,INFO,240.000, 207.000, 0.441, -35.305, -14.563, 257.991, 320.000, 240.000
22:36:52.060,76338,logger,31,INFO,241.000, 206.000, 0.442, -34.932, -15.034, 258.494, 320.000, 240.000
22:36:52.109,76388,logger,31,INFO,241.000, 205.000, 0.442, -34.889, -15.457, 258.180, 320.000, 240.000
22:36:52.151,76430,logger,31,INFO,240.000, 206.000, 0.442, -35.329, -15.015, 258.168, 320.000, 240.000
22:36:52.238,76517,logger,31,INFO,240.000, 207.000, 0.442, -35.351, -14.582, 258.327, 320.000, 240.000
22:36:52.281,76559,logger,31,INFO,241.000, 206.000, 0.442, -34.893, -15.017, 258.212, 320.000, 240.000
22:36:52.324,76602,logger,31,INFO,241.000, 205.000, 0.441, -34.877, -15.452, 258.087, 320.000, 240.000
22:36:52.367,76645,logger,31,INFO,240.000, 206.000, 0.441, -35.240, -14.977, 257.517, 320.000, 240.000
22:36:52.411,76689,logger,31,INFO,241.000, 206.000, 0.441, -34.844, -14.996, 257.847, 320.000, 240.000
22:36:52.458,76737,logger,31,INFO,242.000, 205.000, 0.441, -34.424, -15.447, 258.006, 320.000, 240.000
22:36:52.501,76779,logger,31,INFO,242.000, 206.000, 0.442, -34.448, -15.016, 258.187, 320.000, 240.000
22:36:52.585,76864,logger,31,INFO,241.000, 207.000, 0.441, -34.853, -14.559, 257.913, 320.000, 240.000
22:36:52.632,76910,logger,31,INFO,241.000, 208.000, 0.460, -36.342, -14.721, 268.930, 320.000, 240.000
22:36:52.676,76954,logger,31,INFO,242.000, 208.000, 0.442, -34.461, -14.138, 258.283, 320.000, 240.000
22:36:52.719,76997,logger,31,INFO,242.000, 209.000, 0.442, -34.454, -13.693, 258.228, 320.000, 240.000
22:36:52.762,77041,logger,31,INFO,241.000, 208.000, 0.441, -34.871, -14.125, 258.048, 320.000, 240.000
22:36:52.805,77083,logger,31,INFO,241.000, 208.000, 0.441, -34.870, -14.125, 258.039, 320.000, 240.000
22:36:52.850,77128,logger,31,INFO,241.000, 209.000, 0.441, -34.843, -13.673, 257.838, 320.000, 240.000
22:36:52.934,77213,logger,31,INFO,240.000, 211.000, 0.442, -35.328, -12.806, 258.160, 320.000, 240.000
22:36:52.979,77257,logger,31,INFO,240.000, 213.000, 0.441, -35.269, -11.903, 257.726, 320.000, 240.000
22:36:53.022,77300,logger,31,INFO,240.000, 214.000, 0.442, -35.325, -11.481, 258.138, 320.000, 240.000
22:36:53.066,77345,logger,31,INFO,241.000, 216.000, 0.443, -34.998, -10.632, 258.987, 320.000, 240.000
22:36:53.109,77388,logger,31,INFO,242.000, 218.000, 0.444, -34.639, -9.770, 259.618, 320.000, 240.000
22:36:53.153,77431,logger,31,INFO,243.000, 221.000, 0.443, -34.115, -8.418, 259.011, 320.000, 240.000
22:36:53.201,77480,logger,31,INFO,242.000, 224.000, 0.462, -36.069, -7.399, 270.329, 320.000, 240.000
22:36:53.287,77565,logger,31,INFO,241.000, 227.000, 0.443, -35.029, -5.764, 259.214, 320.000, 240.000
22:36:53.330,77608,logger,31,INFO,241.000, 229.000, 0.444, -35.067, -4.883, 259.496, 320.000, 240.000
22:36:53.374,77652,logger,31,INFO,241.000, 232.000, 0.463, -36.590, -3.705, 270.767, 320.000, 240.000
22:36:53.417,77695,logger,31,INFO,241.000, 234.000, 0.464, -36.662, -2.784, 271.303, 320.000, 240.000
22:36:53.463,77741,logger,31,INFO,240.000, 236.000, 0.445, -35.631, -1.782, 260.371, 320.000, 240.000
22:36:53.505,77783,logger,31,INFO,240.000, 238.000, 0.446, -35.667, -0.892, 260.634, 320.000, 240.000
22:36:53.590,77869,logger,31,INFO,241.000, 239.000, 0.446, -35.241, -0.446, 260.785, 320.000, 240.000
22:36:53.637,77915,logger,31,INFO,241.000, 240.000, 0.445, -35.171, 0.000, 260.267, 320.000, 240.000
22:36:53.680,77959,logger,31,INFO,241.000, 241.000, 0.465, -36.729, 0.465, 271.794, 320.000, 240.000
22:36:53.723,78001,logger,31,INFO,240.000, 242.000, 0.446, -35.684, 0.892, 260.758, 320.000, 240.000
22:36:53.769,78047,logger,31,INFO,240.000, 242.000, 0.446, -35.711, 0.893, 260.960, 320.000, 240.000
22:36:53.815,78094,logger,31,INFO,242.000, 241.000, 0.448, -34.960, 0.448, 262.023, 320.000, 240.000
22:36:53.862,78140,logger,31,INFO,243.000, 240.000, 0.447, -34.383, 0.000, 261.041, 320.000, 240.000
22:36:53.905,78184,logger,31,INFO,244.000, 239.000, 0.446, -33.875, -0.446, 260.569, 320.000, 240.000
22:36:53.990,78268,logger,31,INFO,244.000, 240.000, 0.446, -33.920, 0.000, 260.916, 320.000, 240.000
22:36:54.035,78313,logger,31,INFO,245.000, 239.000, 0.447, -33.521, -0.447, 261.286, 320.000, 240.000
22:36:54.079,78357,logger,31,INFO,245.000, 238.000, 0.447, -33.518, -0.894, 261.264, 320.000, 240.000
22:36:54.124,78402,logger,31,INFO,245.000, 236.000, 0.446, -33.486, -1.786, 261.012, 320.000, 240.000
22:36:54.169,78447,logger,31,INFO,246.000, 234.000, 0.446, -33.030, -2.678, 260.936, 320.000, 240.000
22:36:54.211,78490,logger,31,INFO,247.000, 231.000, 0.468, -34.161, -4.212, 273.569, 320.000, 240.000
22:36:54.254,78532,logger,31,INFO,248.000, 228.000, 0.468, -33.685, -5.614, 273.502, 320.000, 240.000
22:36:54.298,78577,logger,31,INFO,249.000, 224.000, 0.446, -31.635, -7.129, 260.474, 320.000, 240.000
22:36:54.384,78662,logger,31,INFO,250.000, 223.000, 0.446, -31.197, -7.577, 260.543, 320.000, 240.000
22:36:54.429,78708,logger,31,INFO,249.000, 222.000, 0.445, -31.623, -8.017, 260.378, 320.000, 240.000
22:36:54.472,78750,logger,31,INFO,249.000, 220.000, 0.465, -33.039, -9.307, 272.033, 320.000, 240.000
22:36:54.517,78795,logger,31,INFO,249.000, 220.000, 0.446, -31.639, -8.912, 260.512, 320.000, 240.000
22:36:54.563,78841,logger,31,INFO,251.000, 219.000, 0.446, -30.777, -9.367, 260.758, 320.000, 240.000
22:36:54.607,78885,logger,31,INFO,252.000, 218.000, 0.445, -30.258, -9.789, 260.129, 320.000, 240.000
22:36:54.652,78931,logger,31,INFO,252.000, 219.000, 0.463, -31.459, -9.715, 270.459, 320.000, 240.000
22:36:54.738,79016,logger,31,INFO,252.000, 221.000, 0.445, -30.253, -8.453, 260.084, 320.000, 240.000
22:36:54.782,79061,logger,31,INFO,252.000, 222.000, 0.445, -30.260, -8.010, 260.147, 320.000, 240.000
22:36:54.827,79105,logger,31,INFO,251.000, 222.000, 0.444, -30.669, -8.001, 259.843, 320.000, 240.000
22:36:54.871,79149,logger,31,INFO,251.000, 223.000, 0.446, -30.806, -7.590, 261.004, 320.000, 240.000
22:36:54.915,79193,logger,31,INFO,249.000, 223.000, 0.448, -31.813, -7.617, 261.943, 320.000, 240.000
22:36:54.958,79236,logger,31,INFO,247.000, 223.000, 0.448, -32.712, -7.618, 261.965, 320.000, 240.000
22:36:55.001,79280,logger,31,INFO,245.000, 223.000, 0.446, -33.458, -7.584, 260.797, 320.000, 240.000
22:36:55.090,79368,logger,31,INFO,244.000, 223.000, 0.444, -33.744, -7.548, 259.564, 320.000, 240.000
22:36:55.133,79411,logger,31,INFO,243.000, 223.000, 0.445, -34.248, -7.561, 260.018, 320.000, 240.000
22:36:55.176,79455,logger,31,INFO,242.000, 223.000, 0.445, -34.727, -7.569, 260.275, 320.000, 240.000
22:36:55.219,79498,logger,31,INFO,240.000, 224.000, 0.444, -35.485, -7.097, 259.305, 320.000, 240.000
22:36:55.262,79540,logger,31,INFO,240.000, 225.000, 0.443, -35.465, -6.650, 259.164, 320.000, 240.000
22:36:55.307,79585,logger,31,INFO,240.000, 226.000, 0.443, -35.465, -6.206, 259.162, 320.000, 240.000
22:36:55.349,79628,logger,31,INFO,239.000, 227.000, 0.444, -36.000, -5.778, 259.822, 320.000, 240.000
22:36:55.436,79714,logger,31,INFO,239.000, 229.000, 0.444, -35.970, -4.885, 259.604, 320.000, 240.000
22:36:55.479,79757,logger,31,INFO,240.000, 231.000, 0.445, -35.608, -4.006, 260.205, 320.000, 240.000
22:36:55.522,79800,logger,31,INFO,240.000, 232.000, 0.445, -35.617, -3.562, 260.271, 320.000, 240.000
22:36:55.564,79843,logger,31,INFO,238.000, 233.000, 0.447, -36.682, -3.131, 261.517, 320.000, 240.000
22:36:55.613,79891,logger,31,INFO,237.000, 234.000, 0.446, -37.041, -2.678, 260.893, 320.000, 240.000
22:36:55.658,79936,logger,31,INFO,238.000, 238.000, 0.470, -38.526, -0.940, 274.663, 320.000, 240.000
22:36:55.702,79981,logger,31,INFO,241.000, 241.000, 0.453, -35.822, 0.453, 265.081, 320.000, 240.000
22:36:55.748,80026,logger,31,INFO,244.000, 243.000, 0.449, -34.160, 1.348, 262.764, 320.000, 240.000
22:36:55.833,80111,logger,31,INFO,244.000, 246.000, 0.466, -35.441, 2.798, 272.615, 320.000, 240.000
22:36:55.878,80156,logger,31,INFO,243.000, 250.000, 0.466, -35.857, 4.657, 272.234, 320.000, 240.000
22:36:55.930,80209,logger,31,INFO,242.000, 254.000, 0.447, -34.858, 6.257, 261.258, 320.000, 240.000
22:36:55.975,80254,logger,31,INFO,243.000, 257.000, 0.448, -34.513, 7.620, 262.030, 320.000, 240.000
22:36:56.022,80300,logger,31,INFO,242.000, 259.000, 0.449, -35.042, 8.536, 262.633, 320.000, 240.000
22:36:56.066,80344,logger,31,INFO,240.000, 262.000, 0.452, -36.188, 9.952, 264.442, 320.000, 240.000
22:36:56.110,80388,logger,31,INFO,237.000, 265.000, 0.450, -37.348, 11.249, 263.058, 320.000, 240.000
22:36:56.152,80431,logger,31,INFO,236.000, 265.000, 0.470, -39.461, 11.744, 274.630, 320.000, 240.000
22:36:56.240,80518,logger,31,INFO,234.000, 265.000, 0.449, -38.574, 11.213, 262.211, 320.000, 240.000
22:36:56.286,80565,logger,31,INFO,233.000, 267.000, 0.446, -38.796, 12.040, 260.695, 320.000, 240.000
22:36:56.329,80608,logger,31,INFO,233.000, 269.000, 0.447, -38.880, 12.960, 261.258, 320.000, 240.000
22:36:56.372,80650,logger,31,INFO,235.000, 272.000, 0.450, -38.256, 14.402, 263.112, 320.000, 240.000
22:36:56.414,80692,logger,31,INFO,236.000, 273.000, 0.453, -38.014, 14.934, 264.559, 320.000, 240.000
22:36:56.461,80740,logger,31,INFO,239.000, 274.000, 0.454, -36.812, 15.452, 265.685, 320.000, 240.000
22:36:56.508,80786,logger,31,INFO,241.000, 274.000, 0.453, -35.764, 15.392, 264.654, 320.000, 240.000
22:36:56.553,80831,logger,31,INFO,244.000, 274.000, 0.454, -34.498, 15.433, 265.365, 320.000, 240.000
22:36:56.601,80879,logger,31,INFO,246.000, 274.000, 0.453, -33.515, 15.399, 264.767, 320.000, 240.000
22:36:56.692,80970,logger,31,INFO,247.000, 274.000, 0.452, -33.009, 15.374, 264.346, 320.000, 240.000
22:36:56.739,81017,logger,31,INFO,247.000, 274.000, 0.452, -32.984, 15.362, 264.141, 320.000, 240.000
22:36:56.782,81061,logger,31,INFO,246.000, 274.000, 0.455, -33.690, 15.479, 266.151, 320.000, 240.000
22:36:56.824,81102,logger,31,INFO,245.000, 272.000, 0.451, -33.820, 14.430, 263.612, 320.000, 240.000
22:36:56.867,81145,logger,31,INFO,245.000, 270.000, 0.470, -35.244, 14.098, 274.718, 320.000, 240.000
22:36:56.910,81189,logger,31,INFO,246.000, 265.000, 0.470, -34.787, 11.752, 274.817, 320.000, 240.000
22:36:56.955,81233,logger,31,INFO,246.000, 259.000, 0.470, -34.813, 8.938, 275.020, 320.000, 240.000
22:36:56.998,81277,logger,31,INFO,244.000, 255.000, 0.454, -34.476, 6.804, 265.190, 320.000, 240.000
22:36:57.084,81363,logger,31,INFO,242.000, 250.000, 0.468, -36.504, 4.680, 273.595, 320.000, 240.000
22:36:57.128,81407,logger,31,INFO,241.000, 246.000, 0.465, -36.708, 2.788, 271.636, 320.000, 240.000
22:36:57.174,81452,logger,31,INFO,242.000, 242.000, 0.445, -34.739, 0.891, 260.364, 320.000, 240.000
22:36:57.218,81496,logger,31,INFO,241.000, 239.000, 0.447, -35.339, -0.447, 261.507, 320.000, 240.000
22:36:57.263,81541,logger,31,INFO,239.000, 237.000, 0.449, -36.398, -1.348, 262.695, 320.000, 240.000
22:36:57.307,81586,logger,31,INFO,237.000, 235.000, 0.447, -37.087, -2.234, 261.220, 320.000, 240.000
22:36:57.350,81628,logger,31,INFO,237.000, 233.000, 0.446, -37.053, -3.125, 260.980, 320.000, 240.000
22:36:57.400,81679,logger,31,INFO,236.000, 231.000, 0.445, -37.384, -4.005, 260.175, 320.000, 240.000
22:36:57.495,81773,logger,31,INFO,236.000, 230.000, 0.445, -37.347, -4.446, 259.916, 320.000, 240.000
22:36:57.538,81816,logger,31,INFO,237.000, 228.000, 0.446, -37.026, -5.353, 260.785, 320.000, 240.000
22:36:57.580,81858,logger,31,INFO,238.000, 225.000, 0.446, -36.571, -6.690, 260.727, 320.000, 240.000
22:36:57.623,81901,logger,31,INFO,239.000, 224.000, 0.444, -35.995, -7.110, 259.788, 320.000, 240.000
22:36:57.665,81944,logger,31,INFO,239.000, 225.000, 0.444, -35.965, -6.660, 259.571, 320.000, 240.000
22:36:57.708,81987,logger,31,INFO,239.000, 224.000, 0.444, -35.998, -7.111, 259.810, 320.000, 240.000
22:36:57.752,82030,logger,31,INFO,239.000, 224.000, 0.444, -36.001, -7.111, 259.831, 320.000, 240.000
22:36:57.839,82117,logger,31,INFO,238.000, 224.000, 0.444, -36.443, -7.111, 259.810, 320.000, 240.000
22:36:57.882,82161,logger,31,INFO,238.000, 225.000, 0.464, -38.071, -6.964, 271.418, 320.000, 240.000
22:36:57.925,82203,logger,31,INFO,238.000, 226.000, 0.465, -38.096, -6.504, 271.599, 320.000, 240.000
22:36:57.969,82247,logger,31,INFO,239.000, 228.000, 0.445, -36.062, -5.343, 260.272, 320.000, 240.000
22:36:58.012,82291,logger,31,INFO,239.000, 230.000, 0.445, -36.066, -4.453, 260.301, 320.000, 240.000
22:36:58.056,82335,logger,31,INFO,240.000, 231.000, 0.445, -35.608, -4.006, 260.207, 320.000, 240.000
22:36:58.099,82377,logger,31,INFO,238.000, 231.000, 0.450, -36.932, -4.054, 263.299, 320.000, 240.000
22:36:58.187,82465,logger,31,INFO,235.000, 231.000, 0.456, -38.722, -4.100, 266.315, 320.000, 240.000
22:36:58.230,82509,logger,31,INFO,230.000, 232.000, 0.473, -42.544, -3.782, 276.347, 320.000, 240.000
22:36:58.278,82557,logger,31,INFO,226.000, 232.000, 0.449, -42.238, -3.595, 262.685, 320.000, 240.000
22:36:58.324,82602,logger,31,INFO,223.000, 230.000, 0.450, -43.620, -4.497, 262.891, 320.000, 240.000
22:36:58.368,82646,logger,31,INFO,219.000, 230.000, 0.447, -45.181, -4.473, 261.516, 320.000, 240.000
22:36:58.413,82692,logger,31,INFO,217.000, 232.000, 0.445, -45.784, -3.556, 259.857, 320.000, 240.000
22:36:58.457,82735,logger,31,INFO,215.000, 233.000, 0.442, -46.419, -3.095, 258.443, 320.000, 240.000
22:36:58.501,82779,logger,31,INFO,214.000, 232.000, 0.442, -46.905, -3.540, 258.683, 320.000, 240.000
22:36:58.589,82867,logger,31,INFO,210.000, 232.000, 0.449, -49.425, -3.595, 262.671, 320.000, 240.000
22:36:58.633,82911,logger,31,INFO,207.000, 234.000, 0.449, -50.720, -2.693, 262.398, 320.000, 240.000
22:36:58.676,82954,logger,31,INFO,203.000, 234.000, 0.441, -51.571, -2.645, 257.681, 320.000, 240.000
22:36:58.720,82998,logger,31,INFO,203.000, 233.000, 0.438, -51.192, -3.063, 255.784, 320.000, 240.000
22:36:58.767,83045,logger,31,INFO,203.000, 232.000, 0.438, -51.191, -3.500, 255.779, 320.000, 240.000
22:36:58.811,83089,logger,31,INFO,203.000, 233.000, 0.437, -51.138, -3.060, 255.518, 320.000, 240.000
22:36:58.854,83132,logger,31,INFO,202.000, 234.000, 0.437, -51.564, -2.622, 255.459, 320.000, 240.000
22:36:58.898,83176,logger,31,INFO,203.000, 235.000, 0.441, -51.597, -2.205, 257.810, 320.000, 240.000
22:36:58.985,83263,logger,31,INFO,205.000, 235.000, 0.440, -50.577, -2.199, 257.110, 320.000, 240.000
22:36:59.028,83306,logger,31,INFO,205.000, 235.000, 0.440, -50.632, -2.201, 257.385, 320.000, 240.000
22:36:59.072,83350,logger,31,INFO,206.000, 236.000, 0.441, -50.253, -1.763, 257.699, 320.000, 240.000
22:36:59.116,83395,logger,31,INFO,208.000, 236.000, 0.447, -50.101, -1.789, 261.508, 320.000, 240.000
22:36:59.163,83441,logger,31,INFO,212.000, 235.000, 0.449, -48.536, -2.247, 262.724, 320.000, 240.000
22:36:59.209,83487,logger,31,INFO,216.000, 236.000, 0.450, -46.825, -1.801, 263.208, 320.000, 240.000
22:36:59.254,83532,logger,31,INFO,219.000, 237.000, 0.450, -45.462, -1.350, 263.137, 320.000, 240.000
22:36:59.299,83577,logger,31,INFO,224.000, 238.000, 0.469, -45.042, -0.938, 274.286, 320.000, 240.000
22:36:59.383,83661,logger,31,INFO,227.000, 239.000, 0.451, -41.952, -0.451, 263.711, 320.000, 240.000
22:36:59.426,83704,logger,31,INFO,229.000, 240.000, 0.446, -40.613, 0.000, 260.904, 320.000, 240.000
22:36:59.470,83748,logger,31,INFO,231.000, 241.000, 0.445, -39.615, 0.445, 260.210, 320.000, 240.000
22:36:59.516,83794,logger,31,INFO,232.000, 241.000, 0.444, -39.113, 0.444, 259.835, 320.000, 240.000
22:36:59.559,83837,logger,31,INFO,234.000, 241.000, 0.446, -38.389, 0.446, 260.954, 320.000, 240.000
22:36:59.602,83880,logger,31,INFO,236.000, 241.000, 0.449, -37.754, 0.449, 262.750, 320.000, 240.000
22:36:59.687,83965,logger,31,INFO,238.000, 241.000, 0.447, -36.687, 0.447, 261.555, 320.000, 240.000
22:36:59.732,84010,logger,31,INFO,238.000, 242.000, 0.447, -36.639, 0.894, 261.206, 320.000, 240.000
22:36:59.776,84054,logger,31,INFO,239.000, 244.000, 0.466, -37.735, 1.863, 272.341, 320.000, 240.000
22:36:59.823,84101,logger,31,INFO,240.000, 246.000, 0.449, -35.920, 2.694, 262.486, 320.000, 240.000
22:36:59.866,84145,logger,31,INFO,241.000, 246.000, 0.448, -35.364, 2.686, 261.694, 320.000, 240.000
22:36:59.911,84189,logger,31,INFO,243.000, 246.000, 0.446, -34.330, 2.675, 260.638, 320.000, 240.000
22:36:59.961,84239,logger,31,INFO,243.000, 247.000, 0.444, -34.212, 3.110, 259.748, 320.000, 240.000
22:37:00.004,84282,logger,31,INFO,243.000, 249.000, 0.446, -34.355, 4.015, 260.826, 320.000, 240.000
22:37:00.088,84367,logger,31,INFO,245.000, 249.000, 0.449, -33.694, 4.043, 262.635, 320.000, 240.000
22:37:00.131,84409,logger,31,INFO,246.000, 249.000, 0.468, -34.617, 4.210, 273.474, 320.000, 240.000
22:37:00.174,84452,logger,31,INFO,245.000, 249.000, 0.448, -33.605, 4.033, 261.941, 320.000, 240.000
22:37:00.218,84496,logger,31,INFO,245.000, 250.000, 0.447, -33.516, 4.469, 261.245, 320.000, 240.000
22:37:00.262,84540,logger,31,INFO,247.000, 250.000, 0.452, -33.008, 4.522, 264.338, 320.000, 240.000
22:37:00.305,84583,logger,31,INFO,249.000, 250.000, 0.450, -31.931, 4.497, 262.917, 320.000, 240.000
22:37:00.348,84626,logger,31,INFO,250.000, 251.000, 0.448, -31.330, 4.923, 261.652, 320.000, 240.000
22:37:00.437,84715,logger,31,INFO,251.000, 252.000, 0.447, -30.842, 5.364, 261.305, 320.000, 240.000
22:37:00.481,84760,logger,31,INFO,252.000, 253.000, 0.449, -30.557, 5.842, 262.704, 320.000, 240.000
22:37:00.524,84803,logger,31,INFO,254.000, 254.000, 0.452, -29.820, 6.325, 264.133, 320.000, 240.000
22:37:00.567,84845,logger,31,INFO,255.000, 256.000, 0.450, -29.255, 7.201, 263.114, 320.000, 240.000
22:37:00.610,84889,logger,31,INFO,256.000, 257.000, 0.450, -28.807, 7.652, 263.133, 320.000, 240.000
22:37:00.653,84931,logger,31,INFO,257.000, 258.000, 0.452, -28.475, 8.136, 264.225, 320.000, 240.000
22:37:00.739,85017,logger,31,INFO,259.000, 258.000, 0.470, -28.670, 8.460, 274.761, 320.000, 240.000
22:37:00.786,85064,logger,31,INFO,259.000, 259.000, 0.450, -27.432, 8.544, 262.894, 320.000, 240.000
22:37:00.830,85108,logger,31,INFO,259.000, 259.000, 0.451, -27.495, 8.564, 263.498, 320.000, 240.000
22:37:00.874,85153,logger,31,INFO,260.000, 258.000, 0.450, -27.001, 8.100, 263.078, 320.000, 240.000
22:37:00.918,85196,logger,31,INFO,260.000, 257.000, 0.449, -26.912, 7.625, 262.210, 320.000, 240.000
22:37:00.961,85239,logger,31,INFO,260.000, 258.000, 0.469, -28.147, 8.444, 274.243, 320.000, 240.000
22:37:01.005,85283,logger,31,INFO,261.000, 260.000, 0.451, -26.614, 9.022, 263.699, 320.000, 240.000
22:37:01.050,85328,logger,31,INFO,263.000, 261.000, 0.452, -25.762, 9.491, 264.218, 320.000, 240.000
22:37:01.134,85413,logger,31,INFO,265.000, 262.000, 0.454, -24.964, 9.985, 265.340, 320.000, 240.000
22:37:01.182,85461,logger,31,INFO,267.000, 264.000, 0.454, -24.047, 10.889, 265.240, 320.000, 240.000
22:37:01.235,85513,logger,31,INFO,268.000, 265.000, 0.453, -23.538, 11.316, 264.625, 320.000, 240.000
22:37:01.281,85559,logger,31,INFO,270.000, 266.000, 0.453, -22.627, 11.766, 264.559, 320.000, 240.000
22:37:01.325,85603,logger,31,INFO,271.000, 267.000, 0.452, -22.172, 12.217, 264.528, 320.000, 240.000
22:37:01.369,85647,logger,31,INFO,272.000, 268.000, 0.452, -21.684, 12.649, 264.096, 320.000, 240.000
22:37:01.415,85694,logger,31,INFO,272.000, 269.000, 0.451, -21.648, 13.079, 263.655, 320.000, 240.000
22:37:01.463,85741,logger,31,INFO,272.000, 270.000, 0.451, -21.667, 13.542, 263.892, 320.000, 240.000
22:37:01.507,85785,logger,31,INFO,272.000, 271.000, 0.451, -21.637, 13.974, 263.526, 320.000, 240.000
22:37:01.557,85835,logger,31,INFO,273.000, 270.000, 0.452, -21.260, 13.570, 264.437, 320.000, 240.000
22:37:01.601,85879,logger,31,INFO,274.000, 270.000, 0.452, -20.770, 13.546, 263.958, 320.000, 240.000
22:37:01.651,85929,logger,31,INFO,274.000, 271.000, 0.451, -20.756, 13.988, 263.780, 320.000, 240.000
22:37:01.697,85975,logger,31,INFO,274.000, 272.000, 0.452, -20.774, 14.451, 264.009, 320.000, 240.000
22:37:01.783,86062,logger,31,INFO,275.000, 273.000, 0.454, -20.431, 14.982, 265.415, 320.000, 240.000
22:37:01.827,86105,logger,31,INFO,276.000, 274.000, 0.452, -19.900, 15.377, 264.399, 320.000, 240.000
22:37:01.871,86149,logger,31,INFO,276.000, 275.000, 0.473, -20.802, 16.547, 276.380, 320.000, 240.000
22:37:01.917,86195,logger,31,INFO,276.000, 276.000, 0.452, -19.908, 16.288, 264.503, 320.000, 240.000
22:37:01.965,86244,logger,31,INFO,275.000, 276.000, 0.452, -20.346, 16.277, 264.313, 320.000, 240.000
22:37:02.010,86288,logger,31,INFO,275.000, 276.000, 0.451, -20.303, 16.242, 263.759, 320.000, 240.000
22:37:02.052,86330,logger,31,INFO,274.000, 278.000, 0.452, -20.796, 17.180, 264.295, 320.000, 240.000
22:37:02.137,86415,logger,31,INFO,274.000, 278.000, 0.471, -21.648, 17.883, 275.120, 320.000, 240.000
22:37:02.181,86459,logger,31,INFO,273.000, 278.000, 0.451, -21.206, 17.146, 263.770, 320.000, 240.000
22:37:02.225,86503,logger,31,INFO,274.000, 278.000, 0.451, -20.749, 17.141, 263.696, 320.000, 240.000
22:37:02.268,86546,logger,31,INFO,274.000, 278.000, 0.451, -20.759, 17.149, 263.820, 320.000, 240.000
22:37:02.312,86591,logger,31,INFO,274.000, 279.000, 0.451, -20.765, 17.605, 263.899, 320.000, 240.000
22:37:02.356,86634,logger,31,INFO,275.000, 279.000, 0.452, -20.332, 17.621, 264.134, 320.000, 240.000
22:37:02.398,86676,logger,31,INFO,276.000, 280.000, 0.452, -19.906, 18.096, 264.476, 320.000, 240.000
22:37:02.485,86763,logger,31,INFO,276.000, 282.000, 0.452, -19.899, 18.995, 264.389, 320.000, 240.000
22:37:02.529,86807,logger,31,INFO,276.000, 283.000, 0.452, -19.900, 19.448, 264.403, 320.000, 240.000
22:37:02.576,86855,logger,31,INFO,275.000, 284.000, 0.452, -20.329, 19.878, 264.100, 320.000, 240.000
22:37:02.641,86920,logger,31,INFO,276.000, 286.000, 0.454, -19.970, 20.878, 265.335, 320.000, 240.000
22:37:02.685,86963,logger,31,INFO,277.000, 287.000, 0.453, -19.478, 21.290, 264.815, 320.000, 240.000
22:37:02.729,87007,logger,31,INFO,277.000, 287.000, 0.452, -19.450, 21.259, 264.428, 320.000, 240.000
22:37:02.773,87052,logger,31,INFO,276.000, 288.000, 0.453, -19.934, 21.746, 264.851, 320.000, 240.000
22:37:02.817,87095,logger,31,INFO,276.000, 290.000, 0.453, -19.914, 22.630, 264.591, 320.000, 240.000
22:37:02.861,87140,logger,31,INFO,277.000, 290.000, 0.454, -19.520, 22.698, 265.382, 320.000, 240.000
22:37:02.906,87185,logger,31,INFO,278.000, 289.000, 0.452, -18.979, 22.142, 264.168, 320.000, 240.000
22:37:02.951,87229,logger,31,INFO,277.000, 288.000, 0.452, -19.425, 21.684, 264.087, 320.000, 240.000
22:37:03.038,87317,logger,31,INFO,277.000, 288.000, 0.450, -19.367, 21.619, 263.298, 320.000, 240.000
22:37:03.082,87360,logger,31,INFO,277.000, 287.000, 0.450, -19.357, 21.158, 263.165, 320.000, 240.000
22:37:03.128,87406,logger,31,INFO,278.000, 287.000, 0.451, -18.921, 21.174, 263.368, 320.000, 240.000
22:37:03.173,87451,logger,31,INFO,278.000, 288.000, 0.451, -18.939, 21.645, 263.618, 320.000, 240.000
22:37:03.217,87496,logger,31,INFO,278.000, 289.000, 0.451, -18.924, 22.078, 263.407, 320.000, 240.000
22:37:03.261,87539,logger,31,INFO,279.000, 292.000, 0.471, -19.326, 24.511, 275.563, 320.000, 240.000
22:37:03.306,87584,logger,31,INFO,278.000, 294.000, 0.472, -19.813, 25.474, 275.776, 320.000, 240.000
22:37:03.350,87628,logger,31,INFO,278.000, 297.000, 0.453, -19.007, 25.795, 264.560, 320.000, 240.000
22:37:03.435,87714,logger,31,INFO,279.000, 299.000, 0.452, -18.523, 26.656, 264.116, 320.000, 240.000
22:37:03.481,87759,logger,31,INFO,279.000, 301.000, 0.452, -18.543, 27.588, 264.393, 320.000, 240.000
22:37:03.524,87803,logger,31,INFO,279.000, 303.000, 0.452, -18.520, 28.457, 264.063, 320.000, 240.000
22:37:03.574,87852,logger,31,INFO,279.000, 302.000, 0.452, -18.524, 28.012, 264.128, 320.000, 240.000
22:37:03.616,87895,logger,31,INFO,279.000, 301.000, 0.452, -18.515, 27.546, 263.990, 320.000, 240.000
22:37:03.671,87950,logger,31,INFO,279.000, 301.000, 0.452, -18.526, 27.563, 264.151, 320.000, 240.000
22:37:03.718,87997,logger,31,INFO,279.000, 302.000, 0.452, -18.531, 28.023, 264.231, 320.000, 240.000
22:37:03.764,88043,logger,31,INFO,279.000, 301.000, 0.452, -18.514, 27.545, 263.976, 320.000, 240.000
22:37:03.809,88088,logger,31,INFO,280.000, 299.000, 0.454, -18.156, 26.781, 265.357, 320.000, 240.000
22:37:03.852,88130,logger,31,INFO,281.000, 297.000, 0.452, -17.646, 25.791, 264.512, 320.000, 240.000
22:37:03.940,88218,logger,31,INFO,281.000, 296.000, 0.452, -17.645, 25.337, 264.501, 320.000, 240.000
22:37:03.987,88266,logger,31,INFO,283.000, 293.000, 0.454, -16.804, 24.071, 265.508, 320.000, 240.000
22:37:04.046,88324,logger,31,INFO,285.000, 290.000, 0.473, -16.556, 23.651, 276.524, 320.000, 240.000
22:37:04.096,88374,logger,31,INFO,285.000, 286.000, 0.452, -15.809, 20.777, 264.051, 320.000, 240.000
22:37:04.141,88419,logger,31,INFO,284.000, 284.000, 0.455, -16.373, 20.011, 265.873, 320.000, 240.000
22:37:04.197,88475,logger,31,INFO,281.000, 283.000, 0.455, -17.741, 19.560, 265.928, 320.000, 240.000
22:37:04.238,88517,logger,31,INFO,281.000, 281.000, 0.450, -17.565, 18.466, 263.300, 320.000, 240.000
22:37:04.283,88562,logger,31,INFO,282.000, 279.000, 0.452, -17.184, 17.637, 264.368, 320.000, 240.000
22:37:04.328,88606,logger,31,INFO,283.000, 278.000, 0.450, -16.649, 17.099, 263.059, 320.000, 240.000
22:37:04.373,88651,logger,31,INFO,280.000, 277.000, 0.458, -18.314, 16.940, 267.652, 320.000, 240.000
22:37:04.417,88695,logger,31,INFO,276.000, 277.000, 0.456, -20.045, 16.856, 266.326, 320.000, 240.000
22:37:04.461,88739,logger,31,INFO,275.000, 276.000, 0.448, -20.150, 16.120, 261.771, 320.000, 240.000
22:37:04.512,88790,logger,31,INFO,274.000, 274.000, 0.448, -20.603, 15.229, 261.843, 320.000, 240.000
22:37:04.555,88834,logger,31,INFO,273.000, 271.000, 0.452, -21.233, 14.005, 264.107, 320.000, 240.000
22:37:04.599,88877,logger,31,INFO,269.000, 270.000, 0.451, -23.024, 13.543, 263.915, 320.000, 240.000
22:37:04.649,88927,logger,31,INFO,267.000, 269.000, 0.449, -23.785, 13.015, 262.356, 320.000, 240.000
22:37:04.737,89015,logger,31,INFO,267.000, 269.000, 0.466, -24.718, 13.525, 272.644, 320.000, 240.000
22:37:04.785,89063,logger,31,INFO,268.000, 268.000, 0.448, -23.313, 12.553, 262.095, 320.000, 240.000
22:37:04.829,89107,logger,31,INFO,268.000, 269.000, 0.447, -23.225, 12.953, 261.107, 320.000, 240.000
22:37:04.873,89151,logger,31,INFO,267.000, 270.000, 0.447, -23.698, 13.414, 261.392, 320.000, 240.000
22:37:04.915,89193,logger,31,INFO,267.000, 270.000, 0.449, -23.772, 13.456, 262.213, 320.000, 240.000
22:37:04.959,89237,logger,31,INFO,269.000, 270.000, 0.447, -22.816, 13.421, 261.534, 320.000, 240.000
22:37:05.002,89280,logger,31,INFO,269.000, 270.000, 0.446, -22.751, 13.383, 260.792, 320.000, 240.000
22:37:05.046,89324,logger,31,INFO,268.000, 271.000, 0.448, -23.283, 13.880, 261.758, 320.000, 240.000
22:37:05.135,89414,logger,31,INFO,267.000, 272.000, 0.450, -23.843, 14.396, 262.998, 320.000, 240.000
22:37:05.178,89457,logger,31,INFO,265.000, 271.000, 0.445, -24.477, 13.796, 260.170, 320.000, 240.000
22:37:05.221,89499,logger,31,INFO,265.000, 272.000, 0.445, -24.482, 14.244, 260.223, 320.000, 240.000
22:37:05.271,89549,logger,31,INFO,264.000, 272.000, 0.445, -24.903, 14.230, 259.967, 320.000, 240.000
22:37:05.315,89594,logger,31,INFO,264.000, 272.000, 0.444, -24.857, 14.204, 259.490, 320.000, 240.000
22:37:05.361,89639,logger,31,INFO,263.000, 271.000, 0.446, -25.406, 13.818, 260.572, 320.000, 240.000
22:37:05.407,89685,logger,31,INFO,261.000, 272.000, 0.443, -26.112, 14.162, 258.726, 320.000, 240.000
22:37:05.453,89732,logger,31,INFO,261.000, 273.000, 0.443, -26.137, 14.619, 258.975, 320.000, 240.000
22:37:05.497,89775,logger,31,INFO,261.000, 273.000, 0.445, -26.247, 14.681, 260.071, 320.000, 240.000
22:37:05.582,89860,logger,31,INFO,260.000, 274.000, 0.445, -26.679, 15.118, 259.942, 320.000, 240.000
22:37:05.627,89905,logger,31,INFO,258.000, 276.000, 0.465, -28.834, 16.742, 271.873, 320.000, 240.000
22:37:05.671,89949,logger,31,INFO,258.000, 278.000, 0.445, -27.616, 16.926, 260.397, 320.000, 240.000
22:37:05.715,89993,logger,31,INFO,260.000, 279.000, 0.447, -26.838, 17.444, 261.488, 320.000, 240.000
22:37:05.761,90040,logger,31,INFO,261.000, 282.000, 0.444, -26.169, 18.628, 259.290, 320.000, 240.000
22:37:05.804,90082,logger,31,INFO,261.000, 284.000, 0.444, -26.186, 19.528, 259.459, 320.000, 240.000
22:37:05.848,90126,logger,31,INFO,261.000, 285.000, 0.447, -26.394, 20.131, 261.521, 320.000, 240.000
22:37:05.936,90214,logger,31,INFO,265.000, 286.000, 0.478, -26.307, 22.002, 279.617, 320.000, 240.000
22:37:05.979,90257,logger,31,INFO,268.000, 287.000, 0.451, -23.450, 21.196, 263.636, 320.000, 240.000
22:37:06.022,90300,logger,31,INFO,268.000, 291.000, 0.451, -23.473, 23.021, 263.886, 320.000, 240.000
22:37:06.065,90343,logger,31,INFO,266.000, 292.000, 0.449, -24.221, 23.324, 262.218, 320.000, 240.000
22:37:06.108,90386,logger,31,INFO,267.000, 293.000, 0.452, -23.934, 23.934, 263.993, 320.000, 240.000
22:37:06.150,90428,logger,31,INFO,269.000, 293.000, 0.451, -23.000, 23.902, 263.647, 320.000, 240.000
22:37:06.236,90514,logger,31,INFO,270.000, 293.000, 0.448, -22.419, 23.764, 262.119, 320.000, 240.000
22:37:06.280,90558,logger,31,INFO,271.000, 291.000, 0.448, -21.942, 22.837, 261.780, 320.000, 240.000
22:37:06.326,90604,logger,31,INFO,273.000, 289.000, 0.447, -21.025, 21.920, 261.520, 320.000, 240.000
22:37:06.375,90653,logger,31,INFO,271.000, 288.000, 0.451, -22.103, 21.652, 263.708, 320.000, 240.000
22:37:06.421,90699,logger,31,INFO,271.000, 286.000, 0.468, -22.930, 21.526, 273.564, 320.000, 240.000
22:37:06.464,90743,logger,31,INFO,275.000, 282.000, 0.484, -21.800, 20.347, 283.210, 320.000, 240.000
22:37:06.508,90786,logger,31,INFO,280.000, 279.000, 0.457, -18.268, 17.811, 266.988, 320.000, 240.000
22:37:06.559,90837,logger,31,INFO,281.000, 281.000, 0.449, -17.516, 18.414, 262.553, 320.000, 240.000
22:37:06.602,90880,logger,31,INFO,280.000, 283.000, 0.449, -17.966, 19.313, 262.571, 320.000, 240.000
22:37:06.646,90924,logger,31,INFO,284.000, 283.000, 0.479, -17.242, 20.595, 279.993, 320.000, 240.000
22:37:06.733,91012,logger,31,INFO,287.000, 280.000, 0.451, -14.891, 18.050, 263.799, 320.000, 240.000
22:37:06.777,91055,logger,31,INFO,287.000, 279.000, 0.451, -14.897, 17.605, 263.898, 320.000, 240.000
22:37:06.820,91099,logger,31,INFO,285.000, 279.000, 0.452, -15.825, 17.633, 264.316, 320.000, 240.000
22:37:06.864,91142,logger,31,INFO,282.000, 279.000, 0.450, -17.106, 17.556, 263.160, 320.000, 240.000
22:37:06.920,91198,logger,31,INFO,280.000, 280.000, 0.451, -18.022, 18.022, 263.388, 320.000, 240.000
22:37:06.962,91240,logger,31,INFO,278.000, 280.000, 0.451, -18.935, 18.034, 263.564, 320.000, 240.000
22:37:07.004,91283,logger,31,INFO,276.000, 280.000, 0.446, -19.636, 17.851, 260.889, 320.000, 240.000
22:37:07.047,91326,logger,31,INFO,278.000, 280.000, 0.449, -18.863, 17.964, 262.550, 320.000, 240.000
22:37:07.133,91412,logger,31,INFO,279.000, 279.000, 0.448, -18.348, 17.453, 261.616, 320.000, 240.000
22:37:07.178,91456,logger,31,INFO,280.000, 280.000, 0.449, -17.978, 17.978, 262.747, 320.000, 240.000
22:37:07.221,91499,logger,31,INFO,283.000, 280.000, 0.451, -16.684, 18.037, 263.612, 320.000, 240.000
22:37:07.265,91543,logger,31,INFO,284.000, 280.000, 0.450, -16.184, 17.983, 262.816, 320.000, 240.000
22:37:07.308,91587,logger,31,INFO,286.000, 281.000, 0.450, -15.299, 18.449, 263.051, 320.000, 240.000
22:37:07.352,91630,logger,31,INFO,287.000, 281.000, 0.448, -14.771, 18.352, 261.678, 320.000, 240.000
22:37:07.399,91677,logger,31,INFO,285.000, 281.000, 0.450, -15.740, 18.438, 262.896, 320.000, 240.000
22:37:07.486,91764,logger,31,INFO,284.000, 281.000, 0.450, -16.183, 18.430, 262.788, 320.000, 240.000
22:37:07.528,91806,logger,31,INFO,282.000, 280.000, 0.449, -17.076, 17.974, 262.694, 320.000, 240.000
22:37:07.572,91850,logger,31,INFO,281.000, 279.000, 0.447, -17.427, 17.427, 261.231, 320.000, 240.000
22:37:07.621,91899,logger,31,INFO,283.000, 276.000, 0.468, -17.311, 16.843, 273.512, 320.000, 240.000
22:37:07.664,91942,logger,31,INFO,284.000, 274.000, 0.447, -16.107, 15.212, 261.565, 320.000, 240.000
22:37:07.709,91987,logger,31,INFO,282.000, 273.000, 0.448, -17.027, 14.786, 261.940, 320.000, 240.000
22:37:07.757,92035,logger,31,INFO,281.000, 275.000, 0.446, -17.398, 15.614, 260.793, 320.000, 240.000
22:37:07.801,92079,logger,31,INFO,282.000, 275.000, 0.446, -16.954, 15.616, 260.830, 320.000, 240.000
22:37:07.889,92167,logger,31,INFO,282.000, 276.000, 0.446, -16.951, 16.058, 260.772, 320.000, 240.000
22:37:07.933,92211,logger,31,INFO,282.000, 278.000, 0.446, -16.965, 16.965, 261.000, 320.000, 240.000
22:37:07.978,92256,logger,31,INFO,283.000, 278.000, 0.451, -16.688, 17.139, 263.675, 320.000, 240.000
22:37:08.021,92299,logger,31,INFO,286.000, 278.000, 0.449, -15.273, 17.070, 262.610, 320.000, 240.000
22:37:08.065,92343,logger,31,INFO,287.000, 278.000, 0.466, -15.388, 17.720, 272.602, 320.000, 240.000
22:37:08.108,92387,logger,31,INFO,286.000, 279.000, 0.446, -15.155, 17.383, 260.571, 320.000, 240.000
22:37:08.150,92428,logger,31,INFO,287.000, 279.000, 0.467, -15.404, 18.205, 272.892, 320.000, 240.000
22:37:08.239,92517,logger,31,INFO,288.000, 279.000, 0.449, -14.374, 17.518, 262.590, 320.000, 240.000
22:37:08.283,92561,logger,31,INFO,289.000, 278.000, 0.447, -13.862, 16.992, 261.409, 320.000, 240.000
22:37:08.326,92604,logger,31,INFO,290.000, 277.000, 0.449, -13.469, 16.611, 262.461, 320.000, 240.000
22:37:08.369,92647,logger,31,INFO,293.000, 275.000, 0.452, -12.200, 15.815, 264.159, 320.000, 240.000
22:37:08.411,92689,logger,31,INFO,297.000, 272.000, 0.478, -10.999, 15.303, 279.564, 320.000, 240.000
22:37:08.455,92734,logger,31,INFO,300.000, 272.000, 0.452, -9.035, 14.457, 264.104, 320.000, 240.000
22:37:08.503,92781,logger,31,INFO,302.000, 273.000, 0.449, -8.080, 14.814, 262.430, 320.000, 240.000
22:37:08.549,92827,logger,31,INFO,302.000, 275.000, 0.449, -8.073, 15.698, 262.194, 320.000, 240.000
22:37:08.635,92913,logger,31,INFO,303.000, 276.000, 0.455, -7.731, 16.371, 265.843, 320.000, 240.000
22:37:08.678,92957,logger,31,INFO,306.000, 277.000, 0.453, -6.339, 16.753, 264.702, 320.000, 240.000
22:37:08.722,93000,logger,31,INFO,306.000, 277.000, 0.450, -6.300, 16.650, 263.063, 320.000, 240.000
22:37:08.764,93043,logger,31,INFO,304.000, 277.000, 0.452, -7.238, 16.739, 264.474, 320.000, 240.000
22:37:08.809,93087,logger,31,INFO,303.000, 278.000, 0.449, -7.641, 17.079, 262.753, 320.000, 240.000
22:37:08.853,93131,logger,31,INFO,303.000, 277.000, 0.449, -7.631, 16.608, 262.413, 320.000, 240.000
22:37:08.897,93175,logger,31,INFO,303.000, 278.000, 0.452, -7.676, 17.159, 263.974, 320.000, 240.000
22:37:08.992,93270,logger,31,INFO,301.000, 279.000, 0.450, -8.554, 17.558, 263.195, 320.000, 240.000
22:37:09.037,93316,logger,31,INFO,300.000, 279.000, 0.448, -8.960, 17.471, 261.887, 320.000, 240.000
22:37:09.082,93360,logger,31,INFO,301.000, 277.000, 0.448, -8.510, 16.571, 261.828, 320.000, 240.000
22:37:09.129,93407,logger,31,INFO,300.000, 277.000, 0.448, -8.966, 16.587, 262.077, 320.000, 240.000
22:37:09.173,93452,logger,31,INFO,299.000, 278.000, 0.448, -9.415, 17.037, 262.108, 320.000, 240.000
22:37:09.218,93497,logger,31,INFO,299.000, 279.000, 0.468, -9.835, 18.265, 273.789, 320.000, 240.000
22:37:09.262,93540,logger,31,INFO,300.000, 278.000, 0.448, -8.967, 17.038, 262.110, 320.000, 240.000
22:37:09.310,93588,logger,31,INFO,300.000, 278.000, 0.448, -8.951, 17.007, 261.636, 320.000, 240.000
22:37:09.352,93631,logger,31,INFO,300.000, 279.000, 0.448, -8.964, 17.480, 262.020, 320.000, 240.000
22:37:09.395,93673,logger,31,INFO,300.000, 280.000, 0.448, -8.951, 17.903, 261.645, 320.000, 240.000
22:37:09.482,93760,logger,31,INFO,301.000, 280.000, 0.449, -8.539, 17.978, 262.745, 320.000, 240.000
22:37:09.524,93803,logger,31,INFO,302.000, 280.000, 0.448, -8.059, 17.910, 261.749, 320.000, 240.000
22:37:09.577,93855,logger,31,INFO,302.000, 280.000, 0.449, -8.081, 17.959, 262.466, 320.000, 240.000
22:37:09.614,93893,logger,31,INFO,303.000, 280.000, 0.468, -7.952, 18.710, 273.445, 320.000, 240.000
22:37:09.659,93937,logger,31,INFO,303.000, 280.000, 0.450, -7.658, 18.020, 263.360, 320.000, 240.000
22:37:09.704,93982,logger,31,INFO,307.000, 277.000, 0.461, -5.991, 17.050, 269.398, 320.000, 240.000
22:37:09.747,94026,logger,31,INFO,312.000, 274.000, 0.452, -3.619, 15.381, 264.459, 320.000, 240.000
22:37:09.835,94114,logger,31,INFO,312.000, 273.000, 0.451, -3.606, 14.876, 263.535, 320.000, 240.000
22:37:09.878,94156,logger,31,INFO,309.000, 274.000, 0.451, -4.958, 15.326, 263.516, 320.000, 240.000
22:37:09.920,94199,logger,31,INFO,309.000, 274.000, 0.450, -4.947, 15.292, 262.934, 320.000, 240.000
22:37:09.964,94243,logger,31,INFO,312.000, 274.000, 0.452, -3.618, 15.378, 264.405, 320.000, 240.000
22:37:10.007,94285,logger,31,INFO,314.000, 274.000, 0.451, -2.705, 15.326, 263.522, 320.000, 240.000
22:37:10.048,94327,logger,31,INFO,315.000, 275.000, 0.448, -2.240, 15.679, 261.889, 320.000, 240.000
22:37:10.137,94415,logger,31,INFO,315.000, 277.000, 0.450, -2.252, 16.668, 263.358, 320.000, 240.000
22:37:10.182,94460,logger,31,INFO,316.000, 279.000, 0.451, -1.804, 17.588, 263.645, 320.000, 240.000
22:37:10.227,94505,logger,31,INFO,317.000, 282.000, 0.470, -1.409, 19.723, 274.520, 320.000, 240.000
22:37:10.275,94553,logger,31,INFO,317.000, 285.000, 0.449, -1.347, 20.198, 262.398, 320.000, 240.000
22:37:10.318,94596,logger,31,INFO,317.000, 286.000, 0.449, -1.347, 20.653, 262.467, 320.000, 240.000
22:37:10.362,94640,logger,31,INFO,318.000, 287.000, 0.449, -0.899, 21.119, 262.691, 320.000, 240.000
22:37:10.406,94684,logger,31,INFO,317.000, 288.000, 0.449, -1.347, 21.551, 262.474, 320.000, 240.000
22:37:10.449,94727,logger,31,INFO,317.000, 289.000, 0.450, -1.351, 22.062, 263.211, 320.000, 240.000
22:37:10.536,94814,logger,31,INFO,317.000, 288.000, 0.471, -1.412, 22.585, 275.064, 320.000, 240.000
22:37:10.580,94858,logger,31,INFO,317.000, 288.000, 0.449, -1.348, 21.562, 262.610, 320.000, 240.000
22:37:10.624,94903,logger,31,INFO,317.000, 288.000, 0.470, -1.411, 22.582, 275.025, 320.000, 240.000
22:37:10.668,94946,logger,31,INFO,316.000, 288.000, 0.470, -1.880, 22.558, 274.738, 320.000, 240.000
22:37:10.713,94991,logger,31,INFO,317.000, 288.000, 0.452, -1.356, 21.695, 264.222, 320.000, 240.000
22:37:10.756,95034,logger,31,INFO,319.000, 289.000, 0.472, -0.472, 23.128, 275.934, 320.000, 240.000
22:37:10.798,95076,logger,31,INFO,319.000, 290.000, 0.451, -0.451, 22.527, 263.390, 320.000, 240.000
22:37:10.885,95163,logger,31,INFO,318.000, 291.000, 0.451, -0.901, 22.983, 263.444, 320.000, 240.000
22:37:10.938,95217,logger,31,INFO,318.000, 291.000, 0.450, -0.901, 22.969, 263.288, 320.000, 240.000
22:37:10.978,95257,logger,31,INFO,318.000, 292.000, 0.451, -0.901, 23.428, 263.381, 320.000, 240.000
22:37:11.020,95299,logger,31,INFO,317.000, 294.000, 0.473, -1.419, 25.547, 276.572, 320.000, 240.000
22:37:11.064,95343,logger,31,INFO,316.000, 296.000, 0.451, -1.802, 25.230, 263.382, 320.000, 240.000
22:37:11.107,95386,logger,31,INFO,316.000, 296.000, 0.450, -1.801, 25.213, 263.204, 320.000, 240.000
22:37:11.150,95428,logger,31,INFO,316.000, 295.000, 0.450, -1.802, 24.774, 263.321, 320.000, 240.000
22:37:11.198,95476,logger,31,INFO,315.000, 294.000, 0.451, -2.255, 24.356, 263.679, 320.000, 240.000
22:37:11.284,95563,logger,31,INFO,315.000, 294.000, 0.450, -2.252, 24.325, 263.338, 320.000, 240.000
22:37:11.328,95606,logger,31,INFO,315.000, 293.000, 0.450, -2.250, 23.855, 263.120, 320.000, 240.000
22:37:11.371,95650,logger,31,INFO,315.000, 293.000, 0.451, -2.253, 23.887, 263.478, 320.000, 240.000
22:37:11.415,95693,logger,31,INFO,316.000, 293.000, 0.450, -1.802, 23.872, 263.309, 320.000, 240.000
22:37:11.459,95737,logger,31,INFO,316.000, 293.000, 0.450, -1.799, 23.843, 262.992, 320.000, 240.000
22:37:11.501,95780,logger,31,INFO,316.000, 293.000, 0.450, -1.801, 23.865, 263.238, 320.000, 240.000
22:37:11.546,95824,logger,31,INFO,317.000, 293.000, 0.453, -1.358, 23.992, 264.634, 320.000, 240.000
22:37:11.631,95909,logger,31,INFO,318.000, 294.000, 0.451, -0.902, 24.358, 263.698, 320.000, 240.000
22:37:11.674,95953,logger,31,INFO,318.000, 295.000, 0.451, -0.903, 24.827, 263.891, 320.000, 240.000
22:37:11.718,95996,logger,31,INFO,318.000, 295.000, 0.451, -0.903, 24.822, 263.839, 320.000, 240.000
22:37:11.765,96043,logger,31,INFO,317.000, 294.000, 0.455, -1.365, 24.568, 265.972, 320.000, 240.000
22:37:11.809,96087,logger,31,INFO,314.000, 295.000, 0.479, -2.872, 26.327, 279.833, 320.000, 240.000
22:37:11.852,96130,logger,31,INFO,310.000, 296.000, 0.458, -4.576, 25.628, 267.537, 320.000, 240.000
22:37:11.895,96174,logger,31,INFO,307.000, 297.000, 0.452, -5.881, 25.785, 264.450, 320.000, 240.000
22:37:11.979,96257,logger,31,INFO,306.000, 298.000, 0.449, -6.290, 26.061, 262.672, 320.000, 240.000
22:37:12.021,96300,logger,31,INFO,305.000, 299.000, 0.451, -6.769, 26.623, 263.792, 320.000, 240.000
22:37:12.068,96346,logger,31,INFO,304.000, 301.000, 0.450, -7.205, 27.469, 263.251, 320.000, 240.000
22:37:12.114,96392,logger,31,INFO,305.000, 303.000, 0.455, -6.822, 28.653, 265.878, 320.000, 240.000
22:37:12.156,96434,logger,31,INFO,308.000, 302.000, 0.454, -5.451, 28.165, 265.572, 320.000, 240.000
22:37:12.200,96479,logger,31,INFO,309.000, 302.000, 0.451, -4.957, 27.940, 263.446, 320.000, 240.000
22:37:12.289,96567,logger,31,INFO,308.000, 303.000, 0.472, -5.663, 29.732, 275.889, 320.000, 240.000
22:37:12.333,96611,logger,31,INFO,308.000, 305.000, 0.451, -5.418, 29.347, 263.938, 320.000, 240.000
22:37:12.376,96654,logger,31,INFO,308.000, 307.000, 0.452, -5.423, 30.277, 264.175, 320.000, 240.000
22:37:12.419,96698,logger,31,INFO,309.000, 308.000, 0.453, -4.988, 30.834, 265.081, 320.000, 240.000
22:37:12.463,96742,logger,31,INFO,310.000, 308.000, 0.451, -4.511, 30.676, 263.724, 320.000, 240.000
22:37:12.508,96786,logger,31,INFO,310.000, 309.000, 0.452, -4.522, 31.199, 264.332, 320.000, 240.000
22:37:12.553,96832,logger,31,INFO,311.000, 311.000, 0.455, -4.091, 32.273, 265.730, 320.000, 240.000
22:37:12.598,96876,logger,31,INFO,313.000, 312.000, 0.453, -3.168, 32.586, 264.577, 320.000, 240.000
22:37:12.647,96926,logger,31,INFO,314.000, 311.000, 0.452, -2.712, 32.088, 264.209, 320.000, 240.000
22:37:12.737,97015,logger,31,INFO,314.000, 310.000, 0.452, -2.713, 31.654, 264.354, 320.000, 240.000
22:37:12.782,97060,logger,31,INFO,314.000, 308.000, 0.473, -2.838, 32.166, 276.533, 320.000, 240.000
22:37:12.825,97103,logger,31,INFO,316.000, 304.000, 0.473, -1.891, 30.261, 276.411, 320.000, 240.000
22:37:12.869,97148,logger,31,INFO,316.000, 300.000, 0.472, -1.889, 28.337, 276.094, 320.000, 240.000
22:37:12.914,97192,logger,31,INFO,316.000, 297.000, 0.451, -1.804, 25.709, 263.679, 320.000, 240.000
22:37:12.961,97240,logger,31,INFO,317.000, 295.000, 0.454, -1.363, 24.995, 265.676, 320.000, 240.000
22:37:13.005,97283,logger,31,INFO,320.000, 292.000, 0.478, 0.000, 24.841, 279.270, 320.000, 240.000
22:37:13.050,97328,logger,31,INFO,323.000, 289.000, 0.474, 1.423, 23.249, 277.379, 320.000, 240.000
22:37:13.138,97416,logger,31,INFO,324.000, 286.000, 0.451, 1.805, 20.760, 263.832, 320.000, 240.000
22:37:13.181,97459,logger,31,INFO,324.000, 286.000, 0.452, 1.806, 20.771, 263.977, 320.000, 240.000
22:37:13.225,97503,logger,31,INFO,325.000, 285.000, 0.453, 2.263, 20.363, 264.536, 320.000, 240.000
22:37:13.269,97547,logger,31,INFO,325.000, 284.000, 0.452, 2.258, 19.869, 263.993, 320.000, 240.000
22:37:13.314,97592,logger,31,INFO,325.000, 284.000, 0.452, 2.262, 19.904, 264.456, 320.000, 240.000
22:37:13.369,97647,logger,31,INFO,324.000, 284.000, 0.452, 1.809, 19.897, 264.357, 320.000, 240.000
22:37:13.424,97702,logger,31,INFO,323.000, 283.000, 0.452, 1.357, 19.457, 264.531, 320.000, 240.000
22:37:13.467,97745,logger,31,INFO,323.000, 282.000, 0.452, 1.357, 18.993, 264.371, 320.000, 240.000
22:37:13.514,97792,logger,31,INFO,323.000, 281.000, 0.472, 1.416, 19.351, 275.924, 320.000, 240.000
22:37:13.558,97836,logger,31,INFO,323.000, 281.000, 0.452, 1.357, 18.539, 264.340, 320.000, 240.000
22:37:13.607,97885,logger,31,INFO,324.000, 280.000, 0.454, 1.816, 18.163, 265.455, 320.000, 240.000
22:37:13.650,97928,logger,31,INFO,325.000, 280.000, 0.452, 2.261, 18.086, 264.321, 320.000, 240.000
22:37:13.694,97973,logger,31,INFO,325.000, 282.000, 0.453, 2.264, 19.020, 264.744, 320.000, 240.000
22:37:13.799,98077,logger,31,INFO,326.000, 284.000, 0.453, 2.721, 19.952, 265.094, 320.000, 240.000
22:37:13.803,98081,logger,31,INFO,326.000, 285.000, 0.453, 2.717, 20.377, 264.714, 320.000, 240.000
22:37:13.853,98131,logger,31,INFO,326.000, 285.000, 0.454, 2.726, 20.448, 265.638, 320.000, 240.000
22:37:13.901,98180,logger,31,INFO,325.000, 285.000, 0.453, 2.265, 20.383, 264.796, 320.000, 240.000
22:37:13.953,98231,logger,31,INFO,325.000, 285.000, 0.473, 2.363, 21.271, 276.334, 320.000, 240.000
22:37:13.996,98274,logger,31,INFO,324.000, 283.000, 0.453, 1.813, 19.487, 264.938, 320.000, 240.000
22:37:14.083,98361,logger,31,INFO,324.000, 281.000, 0.453, 1.812, 18.574, 264.843, 320.000, 240.000
22:37:14.126,98405,logger,31,INFO,322.000, 279.000, 0.454, 0.908, 17.711, 265.490, 320.000, 240.000
22:37:14.169,98447,logger,31,INFO,321.000, 277.000, 0.452, 0.452, 16.733, 264.383, 320.000, 240.000
22:37:14.212,98490,logger,31,INFO,320.000, 276.000, 0.451, 0.000, 16.233, 263.613, 320.000, 240.000
22:37:14.263,98541,logger,31,INFO,320.000, 274.000, 0.450, 0.000, 15.312, 263.284, 320.000, 240.000
22:37:14.311,98589,logger,31,INFO,320.000, 271.000, 0.450, 0.000, 13.952, 263.103, 320.000, 240.000
22:37:14.355,98633,logger,31,INFO,320.000, 269.000, 0.451, 0.000, 13.065, 263.370, 320.000, 240.000
22:37:14.399,98678,logger,31,INFO,319.000, 269.000, 0.450, -0.450, 13.064, 263.354, 320.000, 240.000
22:37:14.444,98722,logger,31,INFO,318.000, 269.000, 0.450, -0.900, 13.053, 263.125, 320.000, 240.000
22:37:14.529,98807,logger,31,INFO,317.000, 267.000, 0.449, -1.348, 12.129, 262.606, 320.000, 240.000
22:37:14.572,98851,logger,31,INFO,317.000, 266.000, 0.448, -1.344, 11.649, 261.934, 320.000, 240.000
22:37:14.618,98896,logger,31,INFO,316.000, 265.000, 0.449, -1.794, 11.213, 262.212, 320.000, 240.000
22:37:14.662,98940,logger,31,INFO,315.000, 265.000, 0.450, -2.250, 11.249, 263.044, 320.000, 240.000
22:37:14.705,98984,logger,31,INFO,315.000, 264.000, 0.449, -2.243, 10.765, 262.226, 320.000, 240.000
22:37:14.749,99027,logger,31,INFO,316.000, 263.000, 0.448, -1.794, 10.315, 262.175, 320.000, 240.000
22:37:14.795,99073,logger,31,INFO,316.000, 263.000, 0.449, -1.796, 10.326, 262.471, 320.000, 240.000
22:37:14.885,99163,logger,31,INFO,315.000, 263.000, 0.449, -2.244, 10.322, 262.346, 320.000, 240.000
22:37:14.933,99212,logger,31,INFO,315.000, 261.000, 0.448, -2.241, 9.413, 262.029, 320.000, 240.000
22:37:14.978,99256,logger,31,INFO,316.000, 258.000, 0.449, -1.796, 8.081, 262.451, 320.000, 240.000
22:37:15.025,99303,logger,31,INFO,317.000, 256.000, 0.468, -1.404, 7.490, 273.681, 320.000, 240.000
22:37:15.065,99343,logger,31,INFO,316.000, 254.000, 0.450, -1.799, 6.298, 262.968, 320.000, 240.000
22:37:15.109,99387,logger,31,INFO,315.000, 251.000, 0.448, -2.242, 4.933, 262.143, 320.000, 240.000
22:37:15.151,99429,logger,31,INFO,315.000, 249.000, 0.448, -2.241, 4.033, 261.989, 320.000, 240.000
22:37:15.195,99473,logger,31,INFO,315.000, 247.000, 0.447, -2.236, 3.131, 261.490, 320.000, 240.000
22:37:15.282,99560,logger,31,INFO,314.000, 244.000, 0.476, -2.856, 1.904, 278.234, 320.000, 240.000
22:37:15.325,99603,logger,31,INFO,309.000, 242.000, 0.484, -5.324, 0.968, 282.964, 320.000, 240.000
22:37:15.368,99646,logger,31,INFO,303.000, 241.000, 0.453, -7.693, 0.453, 264.538, 320.000, 240.000
22:37:15.412,99690,logger,31,INFO,303.000, 239.000, 0.446, -7.576, -0.446, 260.529, 320.000, 240.000
22:37:15.456,99734,logger,31,INFO,304.000, 236.000, 0.445, -7.118, -1.779, 260.068, 320.000, 240.000
22:37:15.500,99778,logger,31,INFO,302.000, 238.000, 0.447, -8.043, -0.894, 261.212, 320.000, 240.000
22:37:15.543,99822,logger,31,INFO,302.000, 240.000, 0.446, -8.025, 0.000, 260.648, 320.000, 240.000
22:37:15.627,99905,logger,31,INFO,304.000, 239.000, 0.451, -7.215, -0.451, 263.604, 320.000, 240.000
22:37:15.672,99950,logger,31,INFO,307.000, 238.000, 0.448, -5.826, -0.896, 261.970, 320.000, 240.000
22:37:15.717,99995,logger,31,INFO,307.000, 237.000, 0.446, -5.800, -1.338, 260.800, 320.000, 240.000
22:37:15.765,100043,logger,31,INFO,305.000, 239.000, 0.448, -6.716, -0.448, 261.733, 320.000, 240.000
22:37:15.809,100087,logger,31,INFO,305.000, 239.000, 0.446, -6.689, -0.446, 260.705, 320.000, 240.000
22:37:15.852,100131,logger,31,INFO,307.000, 237.000, 0.449, -5.836, -1.347, 262.432, 320.000, 240.000
22:37:15.896,100174,logger,31,INFO,309.000, 238.000, 0.449, -4.937, -0.898, 262.383, 320.000, 240.000
22:37:15.982,100260,logger,31,INFO,309.000, 241.000, 0.448, -4.927, 0.448, 261.828, 320.000, 240.000
22:37:16.030,100308,logger,31,INFO,308.000, 243.000, 0.447, -5.362, 1.340, 261.209, 320.000, 240.000
22:37:16.074,100352,logger,31,INFO,310.000, 243.000, 0.453, -4.525, 1.358, 264.531, 320.000, 240.000
22:37:16.120,100399,logger,31,INFO,312.000, 244.000, 0.448, -3.586, 1.793, 262.057, 320.000, 240.000
22:37:16.164,100443,logger,31,INFO,311.000, 246.000, 0.471, -4.235, 2.823, 275.067, 320.000, 240.000
22:37:16.208,100486,logger,31,INFO,309.000, 249.000, 0.448, -4.933, 4.036, 262.149, 320.000, 240.000
22:37:16.251,100530,logger,31,INFO,309.000, 249.000, 0.448, -4.931, 4.035, 262.063, 320.000, 240.000
22:37:16.295,100573,logger,31,INFO,310.000, 249.000, 0.449, -4.486, 4.037, 262.234, 320.000, 240.000
22:37:16.392,100670,logger,31,INFO,311.000, 248.000, 0.447, -4.027, 3.580, 261.596, 320.000, 240.000
22:37:16.427,100705,logger,31,INFO,311.000, 249.000, 0.448, -4.032, 4.032, 261.878, 320.000, 240.000
22:37:16.469,100747,logger,31,INFO,311.000, 249.000, 0.448, -4.032, 4.032, 261.885, 320.000, 240.000
22:37:16.514,100793,logger,31,INFO,312.000, 250.000, 0.451, -3.607, 4.509, 263.584, 320.000, 240.000
22:37:16.558,100837,logger,31,INFO,314.000, 250.000, 0.451, -2.705, 4.508, 263.547, 320.000, 240.000
22:37:16.602,100881,logger,31,INFO,315.000, 251.000, 0.449, -2.245, 4.938, 262.454, 320.000, 240.000
22:37:16.645,100924,logger,31,INFO,315.000, 252.000, 0.449, -2.244, 5.385, 262.352, 320.000, 240.000
22:37:16.731,101010,logger,31,INFO,315.000, 252.000, 0.449, -2.244, 5.385, 262.324, 320.000, 240.000
22:37:16.776,101054,logger,31,INFO,315.000, 252.000, 0.450, -2.252, 5.405, 263.337, 320.000, 240.000
22:37:16.820,101098,logger,31,INFO,316.000, 251.000, 0.449, -1.797, 4.940, 262.562, 320.000, 240.000
22:37:16.866,101144,logger,31,INFO,315.000, 252.000, 0.452, -2.260, 5.425, 264.266, 320.000, 240.000
22:37:16.909,101187,logger,31,INFO,314.000, 253.000, 0.450, -2.702, 5.854, 263.246, 320.000, 240.000
22:37:16.954,101232,logger,31,INFO,313.000, 253.000, 0.449, -3.145, 5.841, 262.672, 320.000, 240.000
22:37:16.998,101276,logger,31,INFO,314.000, 253.000, 0.449, -2.694, 5.837, 262.478, 320.000, 240.000
22:37:17.041,101319,logger,31,INFO,313.000, 254.000, 0.451, -3.155, 6.310, 263.491, 320.000, 240.000
22:37:17.129,101407,logger,31,INFO,311.000, 256.000, 0.469, -4.222, 7.506, 274.244, 320.000, 240.000
22:37:17.173,101451,logger,31,INFO,311.000, 257.000, 0.450, -4.053, 7.656, 263.264, 320.000, 240.000
22:37:17.215,101494,logger,31,INFO,312.000, 257.000, 0.450, -3.600, 7.649, 263.050, 320.000, 240.000
22:37:17.258,101537,logger,31,INFO,313.000, 258.000, 0.451, -3.157, 8.117, 263.613, 320.000, 240.000
22:37:17.301,101579,logger,31,INFO,313.000, 257.000, 0.452, -3.166, 7.688, 264.386, 320.000, 240.000
22:37:17.345,101623,logger,31,INFO,310.000, 256.000, 0.455, -4.549, 7.279, 265.962, 320.000, 240.000
22:37:17.435,101713,logger,31,INFO,309.000, 256.000, 0.472, -5.188, 7.546, 275.712, 320.000, 240.000
22:37:17.483,101761,logger,31,INFO,310.000, 258.000, 0.450, -4.497, 8.095, 262.911, 320.000, 240.000
22:37:17.526,101805,logger,31,INFO,309.000, 258.000, 0.459, -5.049, 8.262, 268.335, 320.000, 240.000
22:37:17.570,101849,logger,31,INFO,303.000, 258.000, 0.483, -8.207, 8.689, 282.211, 320.000, 240.000
22:37:17.615,101893,logger,31,INFO,301.000, 257.000, 0.449, -8.534, 7.636, 262.590, 320.000, 240.000
22:37:17.657,101935,logger,31,INFO,304.000, 255.000, 0.456, -7.298, 6.842, 266.666, 320.000, 240.000
22:37:17.701,101979,logger,31,INFO,306.000, 254.000, 0.449, -6.285, 6.285, 262.448, 320.000, 240.000
22:37:17.754,102032,logger,31,INFO,305.000, 255.000, 0.454, -6.807, 6.807, 265.301, 320.000, 240.000
22:37:17.792,102070,logger,31,INFO,302.000, 258.000, 0.452, -8.128, 8.128, 263.967, 320.000, 240.000
22:37:17.883,102161,logger,31,INFO,302.000, 258.000, 0.449, -8.089, 8.089, 262.707, 320.000, 240.000
22:37:17.926,102204,logger,31,INFO,303.000, 257.000, 0.453, -7.706, 7.706, 265.006, 320.000, 240.000
22:37:17.971,102249,logger,31,INFO,305.000, 259.000, 0.451, -6.758, 8.561, 263.394, 320.000, 240.000
22:37:18.018,102296,logger,31,INFO,306.000, 260.000, 0.450, -6.295, 8.992, 262.845, 320.000, 240.000
22:37:18.061,102339,logger,31,INFO,305.000, 261.000, 0.451, -6.758, 9.461, 263.377, 320.000, 240.000
22:37:18.104,102382,logger,31,INFO,305.000, 260.000, 0.453, -6.788, 9.051, 264.562, 320.000, 240.000
22:37:18.149,102427,logger,31,INFO,308.000, 260.000, 0.455, -5.462, 9.103, 266.094, 320.000, 240.000
22:37:18.234,102512,logger,31,INFO,309.000, 260.000, 0.451, -4.963, 9.024, 263.783, 320.000, 240.000
22:37:18.279,102557,logger,31,INFO,308.000, 261.000, 0.453, -5.437, 9.515, 264.877, 320.000, 240.000
22:37:18.322,102601,logger,31,INFO,307.000, 262.000, 0.452, -5.878, 9.948, 264.335, 320.000, 240.000
