21:06:59.731,526,logger,31,INFO,5559, 0.0451, 0
21:06:59.732,527,logger,31,INFO,5560, 0.0457, 0
21:06:59.732,527,logger,31,INFO,5557, 0.0439, 0
21:06:59.733,528,logger,31,INFO,5558, 0.0445, 0
21:06:59.733,528,logger,31,INFO,5557, 0.0439, 0
21:06:59.733,528,logger,31,INFO,5557, 0.0439, 0
21:06:59.734,529,logger,31,INFO,5558, 0.0445, 0
21:06:59.734,529,logger,31,INFO,5556, 0.0433, 0
21:06:59.783,578,logger,31,INFO,5557, 0.0439, 0
21:06:59.784,579,logger,31,INFO,5557, 0.0439, 0
21:06:59.784,579,logger,31,INFO,5558, 0.0445, 0
21:06:59.785,579,logger,31,INFO,5557, 0.0439, 0
21:06:59.785,580,logger,31,INFO,5556, 0.0433, 0
21:06:59.837,632,logger,31,INFO,5557, 0.0439, 0
21:06:59.838,633,logger,31,INFO,5558, 0.0445, 0
21:06:59.838,633,logger,31,INFO,5559, 0.0451, 0
21:06:59.838,633,logger,31,INFO,5558, 0.0445, 0
21:06:59.899,694,logger,31,INFO,5557, 0.0439, 0
21:06:59.900,695,logger,31,INFO,5558, 0.0445, 0
21:06:59.900,695,logger,31,INFO,5557, 0.0439, 0
21:06:59.901,696,logger,31,INFO,5559, 0.0451, 0
21:06:59.901,696,logger,31,INFO,5556, 0.0433, 0
21:06:59.971,766,logger,31,INFO,5558, 0.0445, 0
21:06:59.971,766,logger,31,INFO,5557, 0.0439, 0
21:06:59.972,767,logger,31,INFO,5560, 0.0457, 0
21:06:59.972,767,logger,31,INFO,5558, 0.0445, 0
21:06:59.973,767,logger,31,INFO,5557, 0.0439, 0
21:06:59.973,768,logger,31,INFO,5557, 0.0439, 0
21:07:00.026,821,logger,31,INFO,5557, 0.0439, 0
21:07:00.027,822,logger,31,INFO,5557, 0.0439, 0
21:07:00.028,823,logger,31,INFO,5558, 0.0445, 0
21:07:00.028,823,logger,31,INFO,5560, 0.0457, 0
21:07:00.028,823,logger,31,INFO,5560, 0.0457, 0
21:07:00.029,824,logger,31,INFO,5559, 0.0451, 0
21:07:00.029,824,logger,31,INFO,5560, 0.0457, 0
21:07:00.090,885,logger,31,INFO,5559, 0.0451, 0
21:07:00.091,886,logger,31,INFO,5558, 0.0445, 0
21:07:00.092,887,logger,31,INFO,5557, 0.0439, 0
21:07:00.092,887,logger,31,INFO,5557, 0.0439, 0
21:07:00.092,887,logger,31,INFO,5558, 0.0445, 0
21:07:00.145,939,logger,31,INFO,5558, 0.0445, 0
21:07:00.145,940,logger,31,INFO,5557, 0.0439, 0
21:07:00.145,940,logger,31,INFO,5558, 0.0445, 0
21:07:00.146,940,logger,31,INFO,5558, 0.0445, 0
21:07:00.146,941,logger,31,INFO,5557, 0.0439, 0
21:07:00.206,1001,logger,31,INFO,5557, 0.0439, 0
21:07:00.207,1002,logger,31,INFO,5558, 0.0445, 0
21:07:00.208,1002,logger,31,INFO,5557, 0.0439, 0
21:07:00.208,1003,logger,31,INFO,5555, 0.0427, 0
21:07:00.208,1003,logger,31,INFO,5557, 0.0439, 0
21:07:00.208,1003,logger,31,INFO,5559, 0.0451, 0
21:07:00.279,1074,logger,31,INFO,5557, 0.0439, 0
21:07:00.280,1075,logger,31,INFO,5557, 0.0439, 0
21:07:00.280,1075,logger,31,INFO,5557, 0.0439, 0
21:07:00.280,1075,logger,31,INFO,5557, 0.0439, 0
21:07:00.281,1076,logger,31,INFO,5556, 0.0433, 0
21:07:00.281,1076,logger,31,INFO,5559, 0.0451, 0
21:07:00.281,1076,logger,31,INFO,5558, 0.0445, 0
21:07:00.331,1126,logger,31,INFO,5555, 0.0427, 0
21:07:00.331,1126,logger,31,INFO,5557, 0.0439, 0
21:07:00.332,1127,logger,31,INFO,5558, 0.0445, 0
21:07:00.332,1127,logger,31,INFO,5558, 0.0445, 0
21:07:00.387,1182,logger,31,INFO,5557, 0.0439, 0
21:07:00.387,1182,logger,31,INFO,5558, 0.0445, 0
21:07:00.388,1183,logger,31,INFO,5558, 0.0445, 0
21:07:00.389,1184,logger,31,INFO,5556, 0.0433, 0
21:07:00.389,1184,logger,31,INFO,5555, 0.0427, 0
21:07:00.442,1237,logger,31,INFO,5557, 0.0439, 0
21:07:00.443,1238,logger,31,INFO,5557, 0.0439, 0
21:07:00.443,1238,logger,31,INFO,5558, 0.0445, 0
21:07:00.443,1238,logger,31,INFO,5557, 0.0439, 0
21:07:00.444,1239,logger,31,INFO,5558, 0.0445, 0
21:07:00.502,1297,logger,31,INFO,5558, 0.0445, 0
21:07:00.502,1297,logger,31,INFO,5557, 0.0439, 0
21:07:00.503,1298,logger,31,INFO,5559, 0.0451, 0
21:07:00.503,1298,logger,31,INFO,5557, 0.0439, 0
21:07:00.503,1298,logger,31,INFO,5557, 0.0439, 0
21:07:00.558,1353,logger,31,INFO,5555, 0.0427, 0
21:07:00.558,1353,logger,31,INFO,5557, 0.0439, 0
21:07:00.559,1354,logger,31,INFO,5556, 0.0433, 0
21:07:00.559,1354,logger,31,INFO,5557, 0.0439, 0
21:07:00.560,1355,logger,31,INFO,5556, 0.0433, 0
21:07:00.612,1407,logger,31,INFO,5558, 0.0445, 0
21:07:00.612,1407,logger,31,INFO,5555, 0.0427, 0
21:07:00.613,1408,logger,31,INFO,5556, 0.0433, 0
21:07:00.613,1408,logger,31,INFO,5558, 0.0445, 0
21:07:00.613,1408,logger,31,INFO,5556, 0.0433, 0
21:07:00.613,1408,logger,31,INFO,5555, 0.0427, 0
21:07:00.671,1466,logger,31,INFO,5557, 0.0439, 0
21:07:00.672,1467,logger,31,INFO,5558, 0.0445, 0
21:07:00.672,1467,logger,31,INFO,5558, 0.0445, 0
21:07:00.673,1468,logger,31,INFO,5556, 0.0433, 0
21:07:00.732,1527,logger,31,INFO,5556, 0.0433, 0
21:07:00.733,1528,logger,31,INFO,5557, 0.0439, 0
21:07:00.733,1528,logger,31,INFO,5557, 0.0439, 0
21:07:00.734,1529,logger,31,INFO,5557, 0.0439, 0
21:07:00.734,1529,logger,31,INFO,5557, 0.0439, 0
21:07:00.735,1530,logger,31,INFO,5557, 0.0439, 0
21:07:00.791,1586,logger,31,INFO,5555, 0.0427, 0
21:07:00.792,1587,logger,31,INFO,5556, 0.0433, 0
21:07:00.792,1587,logger,31,INFO,5557, 0.0439, 0
21:07:00.793,1587,logger,31,INFO,5555, 0.0427, 0
21:07:00.793,1588,logger,31,INFO,5556, 0.0433, 0
21:07:00.844,1639,logger,31,INFO,5556, 0.0433, 0
21:07:00.845,1640,logger,31,INFO,5555, 0.0427, 0
21:07:00.846,1641,logger,31,INFO,5555, 0.0427, 0
21:07:00.846,1641,logger,31,INFO,5556, 0.0433, 0
21:07:00.847,1642,logger,31,INFO,5555, 0.0427, 0
21:07:00.898,1692,logger,31,INFO,5555, 0.0427, 0
21:07:00.898,1693,logger,31,INFO,5556, 0.0433, 0
21:07:00.898,1693,logger,31,INFO,5556, 0.0433, 0
21:07:00.899,1694,logger,31,INFO,5558, 0.0445, 0
21:07:00.899,1694,logger,31,INFO,5557, 0.0439, 0
21:07:00.956,1751,logger,31,INFO,5556, 0.0433, 0
21:07:00.956,1751,logger,31,INFO,5555, 0.0427, 0
21:07:00.957,1752,logger,31,INFO,5557, 0.0439, 0
21:07:00.957,1752,logger,31,INFO,5555, 0.0427, 0
21:07:00.958,1753,logger,31,INFO,5554, 0.0421, 0
21:07:01.011,1806,logger,31,INFO,5558, 0.0445, 0
21:07:01.011,1806,logger,31,INFO,5556, 0.0433, 0
21:07:01.012,1807,logger,31,INFO,5556, 0.0433, 0
21:07:01.013,1808,logger,31,INFO,5557, 0.0439, 0
21:07:01.013,1808,logger,31,INFO,5557, 0.0439, 0
21:07:01.013,1808,logger,31,INFO,5556, 0.0433, 0
21:07:01.062,1857,logger,31,INFO,5557, 0.0439, 0
21:07:01.063,1858,logger,31,INFO,5556, 0.0433, 0
21:07:01.063,1858,logger,31,INFO,5556, 0.0433, 0
21:07:01.064,1858,logger,31,INFO,5556, 0.0433, 0
21:07:01.130,1925,logger,31,INFO,5556, 0.0433, 0
21:07:01.130,1925,logger,31,INFO,5557, 0.0439, 0
21:07:01.131,1925,logger,31,INFO,5557, 0.0439, 0
21:07:01.131,1926,logger,31,INFO,5554, 0.0421, 0
21:07:01.131,1926,logger,31,INFO,5555, 0.0427, 0
21:07:01.198,1993,logger,31,INFO,5556, 0.0433, 0
21:07:01.199,1994,logger,31,INFO,5554, 0.0421, 0
21:07:01.199,1994,logger,31,INFO,5555, 0.0427, 0
21:07:01.199,1994,logger,31,INFO,5556, 0.0433, 0
21:07:01.200,1995,logger,31,INFO,5556, 0.0433, 0
21:07:01.200,1995,logger,31,INFO,5556, 0.0433, 0
21:07:01.200,1995,logger,31,INFO,5556, 0.0433, 0
21:07:01.260,2055,logger,31,INFO,5555, 0.0427, 0
21:07:01.261,2056,logger,31,INFO,5556, 0.0433, 0
21:07:01.261,2056,logger,31,INFO,5556, 0.0433, 0
21:07:01.262,2057,logger,31,INFO,5555, 0.0427, 0
21:07:01.262,2057,logger,31,INFO,5556, 0.0433, 0
21:07:01.262,2057,logger,31,INFO,5555, 0.0427, 0
21:07:01.322,2117,logger,31,INFO,5556, 0.0433, 0
21:07:01.323,2118,logger,31,INFO,5555, 0.0427, 0
21:07:01.323,2118,logger,31,INFO,5556, 0.0433, 0
21:07:01.323,2118,logger,31,INFO,5557, 0.0439, 0
21:07:01.324,2119,logger,31,INFO,5555, 0.0427, 0
21:07:01.377,2172,logger,31,INFO,5557, 0.0439, 0
21:07:01.377,2172,logger,31,INFO,5557, 0.0439, 0
21:07:01.377,2172,logger,31,INFO,5556, 0.0433, 0
21:07:01.378,2173,logger,31,INFO,5557, 0.0439, 0
21:07:01.378,2173,logger,31,INFO,5557, 0.0439, 0
21:07:01.378,2173,logger,31,INFO,5558, 0.0445, 0
21:07:01.433,2228,logger,31,INFO,5555, 0.0427, 0
21:07:01.434,2229,logger,31,INFO,5557, 0.0439, 0
21:07:01.435,2230,logger,31,INFO,5557, 0.0439, 0
21:07:01.435,2230,logger,31,INFO,5555, 0.0427, 0
21:07:01.436,2231,logger,31,INFO,5556, 0.0433, 0
21:07:01.503,2298,logger,31,INFO,5555, 0.0427, 0
21:07:01.504,2299,logger,31,INFO,5554, 0.0421, 0
21:07:01.504,2299,logger,31,INFO,5555, 0.0427, 0
21:07:01.504,2299,logger,31,INFO,5555, 0.0427, 0
21:07:01.505,2300,logger,31,INFO,5558, 0.0445, 0
21:07:01.563,2358,logger,31,INFO,5555, 0.0427, 0
21:07:01.563,2358,logger,31,INFO,5557, 0.0439, 0
21:07:01.564,2359,logger,31,INFO,5556, 0.0433, 0
21:07:01.564,2359,logger,31,INFO,5555, 0.0427, 0
21:07:01.564,2359,logger,31,INFO,5557, 0.0439, 0
21:07:01.565,2359,logger,31,INFO,5557, 0.0439, 0
21:07:01.630,2424,logger,31,INFO,5555, 0.0427, 0
21:07:01.630,2425,logger,31,INFO,5555, 0.0427, 0
21:07:01.631,2426,logger,31,INFO,5556, 0.0433, 0
21:07:01.631,2426,logger,31,INFO,5555, 0.0427, 0
21:07:01.631,2426,logger,31,INFO,5555, 0.0427, 0
21:07:01.631,2426,logger,31,INFO,5553, 0.0414, 0
21:07:01.684,2479,logger,31,INFO,5556, 0.0433, 0
21:07:01.684,2479,logger,31,INFO,5555, 0.0427, 0
21:07:01.685,2480,logger,31,INFO,5556, 0.0433, 0
21:07:01.685,2480,logger,31,INFO,5557, 0.0439, 0
21:07:01.685,2480,logger,31,INFO,5554, 0.0421, 0
21:07:01.739,2534,logger,31,INFO,5553, 0.0414, 0
21:07:01.740,2535,logger,31,INFO,5554, 0.0421, 0
21:07:01.740,2535,logger,31,INFO,5556, 0.0433, 0
21:07:01.741,2535,logger,31,INFO,5555, 0.0427, 0
21:07:01.741,2536,logger,31,INFO,5554, 0.0421, 0
21:07:01.815,2610,logger,31,INFO,5556, 0.0433, 0
21:07:01.815,2610,logger,31,INFO,5556, 0.0433, 0
21:07:01.816,2611,logger,31,INFO,5555, 0.0427, 0
21:07:01.816,2611,logger,31,INFO,5556, 0.0433, 0
21:07:01.816,2611,logger,31,INFO,5556, 0.0433, 0
21:07:01.817,2612,logger,31,INFO,5556, 0.0433, 0
21:07:01.880,2674,logger,31,INFO,5557, 0.0439, 0
21:07:01.880,2675,logger,31,INFO,5556, 0.0433, 0
21:07:01.880,2675,logger,31,INFO,5555, 0.0427, 0
21:07:01.881,2676,logger,31,INFO,5554, 0.0421, 0
21:07:01.881,2676,logger,31,INFO,5554, 0.0421, 0
21:07:01.881,2676,logger,31,INFO,5556, 0.0433, 0
21:07:01.882,2677,logger,31,INFO,5556, 0.0433, 0
21:07:01.940,2735,logger,31,INFO,5555, 0.0427, 0
21:07:01.941,2736,logger,31,INFO,5554, 0.0421, 0
21:07:01.941,2736,logger,31,INFO,5556, 0.0433, 0
21:07:01.941,2736,logger,31,INFO,5554, 0.0421, 0
21:07:01.942,2737,logger,31,INFO,5559, 0.0451, 0
21:07:01.995,2790,logger,31,INFO,5554, 0.0421, 0
21:07:01.996,2791,logger,31,INFO,5555, 0.0427, 0
21:07:01.996,2791,logger,31,INFO,5555, 0.0427, 0
21:07:01.996,2791,logger,31,INFO,5556, 0.0433, 0
21:07:01.997,2791,logger,31,INFO,5553, 0.0414, 0
21:07:01.997,2792,logger,31,INFO,5556, 0.0433, 0
21:07:02.052,2847,logger,31,INFO,5555, 0.0427, 0
21:07:02.053,2848,logger,31,INFO,5554, 0.0421, 0
21:07:02.054,2849,logger,31,INFO,5555, 0.0427, 0
21:07:02.054,2849,logger,31,INFO,5554, 0.0421, 0
21:07:02.124,2919,logger,31,INFO,5556, 0.0433, 0
21:07:02.125,2920,logger,31,INFO,5556, 0.0433, 0
21:07:02.125,2920,logger,31,INFO,5555, 0.0427, 0
21:07:02.125,2920,logger,31,INFO,5553, 0.0414, 0
21:07:02.126,2921,logger,31,INFO,5556, 0.0433, 0
21:07:02.126,2921,logger,31,INFO,5555, 0.0427, 0
21:07:02.126,2921,logger,31,INFO,5555, 0.0427, 0
21:07:02.183,2978,logger,31,INFO,5557, 0.0439, 0
21:07:02.183,2978,logger,31,INFO,5555, 0.0427, 0
21:07:02.184,2979,logger,31,INFO,5555, 0.0427, 0
21:07:02.184,2979,logger,31,INFO,5556, 0.0433, 0
21:07:02.184,2979,logger,31,INFO,5555, 0.0427, 0
21:07:02.240,3035,logger,31,INFO,5555, 0.0427, 0
21:07:02.241,3036,logger,31,INFO,5557, 0.0439, 0
21:07:02.241,3036,logger,31,INFO,5556, 0.0433, 0
21:07:02.241,3036,logger,31,INFO,5555, 0.0427, 0
21:07:02.242,3036,logger,31,INFO,5556, 0.0433, 0
21:07:02.242,3037,logger,31,INFO,5557, 0.0439, 0
21:07:02.298,3093,logger,31,INFO,5556, 0.0433, 0
21:07:02.299,3094,logger,31,INFO,5556, 0.0433, 0
21:07:02.300,3094,logger,31,INFO,5555, 0.0427, 0
21:07:02.300,3095,logger,31,INFO,5557, 0.0439, 0
21:07:02.300,3095,logger,31,INFO,5557, 0.0439, 0
21:07:02.358,3153,logger,31,INFO,5555, 0.0427, 0
21:07:02.359,3154,logger,31,INFO,5556, 0.0433, 0
21:07:02.359,3154,logger,31,INFO,5556, 0.0433, 0
21:07:02.360,3154,logger,31,INFO,5555, 0.0427, 0
21:07:02.360,3155,logger,31,INFO,5555, 0.0427, 0
21:07:02.426,3221,logger,31,INFO,5554, 0.0421, 0
21:07:02.427,3222,logger,31,INFO,5554, 0.0421, 0
21:07:02.427,3222,logger,31,INFO,5555, 0.0427, 0
21:07:02.427,3222,logger,31,INFO,5554, 0.0421, 0
21:07:02.428,3223,logger,31,INFO,5554, 0.0421, 0
21:07:02.428,3223,logger,31,INFO,5555, 0.0427, 0
21:07:02.483,3278,logger,31,INFO,5556, 0.0433, 0
21:07:02.483,3278,logger,31,INFO,5557, 0.0439, 0
21:07:02.484,3279,logger,31,INFO,5555, 0.0427, 0
21:07:02.484,3279,logger,31,INFO,5557, 0.0439, 0
21:07:02.485,3280,logger,31,INFO,5553, 0.0414, 0
21:07:02.485,3280,logger,31,INFO,5554, 0.0421, 0
21:07:02.536,3330,logger,31,INFO,5554, 0.0421, 0
21:07:02.536,3331,logger,31,INFO,5554, 0.0421, 0
21:07:02.536,3331,logger,31,INFO,5555, 0.0427, 0
21:07:02.537,3332,logger,31,INFO,5555, 0.0427, 0
21:07:02.593,3387,logger,31,INFO,5556, 0.0433, 0
21:07:02.593,3388,logger,31,INFO,5554, 0.0421, 0
21:07:02.594,3389,logger,31,INFO,5555, 0.0427, 0
21:07:02.594,3389,logger,31,INFO,5553, 0.0414, 0
21:07:02.594,3389,logger,31,INFO,5553, 0.0414, 0
21:07:02.595,3390,logger,31,INFO,5554, 0.0421, 0
21:07:02.655,3450,logger,31,INFO,5556, 0.0433, 0
21:07:02.663,3457,logger,31,INFO,5555, 0.0427, 0
21:07:02.663,3458,logger,31,INFO,5554, 0.0421, 0
21:07:02.663,3458,logger,31,INFO,5555, 0.0427, 0
21:07:02.664,3458,logger,31,INFO,5555, 0.0427, 0
21:07:02.730,3525,logger,31,INFO,5553, 0.0414, 0
21:07:02.731,3526,logger,31,INFO,5554, 0.0421, 0
21:07:02.731,3526,logger,31,INFO,5555, 0.0427, 0
21:07:02.732,3527,logger,31,INFO,5557, 0.0439, 0
21:07:02.732,3527,logger,31,INFO,5554, 0.0421, 0
21:07:02.782,3577,logger,31,INFO,5553, 0.0414, 0
21:07:02.783,3578,logger,31,INFO,5555, 0.0427, 0
21:07:02.783,3578,logger,31,INFO,5556, 0.0433, 0
21:07:02.784,3578,logger,31,INFO,5555, 0.0427, 0
21:07:02.784,3579,logger,31,INFO,5554, 0.0421, 0
21:07:02.784,3579,logger,31,INFO,5553, 0.0414, 0
21:07:02.784,3579,logger,31,INFO,5553, 0.0414, 0
21:07:02.837,3632,logger,31,INFO,5556, 0.0433, 0
21:07:02.838,3633,logger,31,INFO,5555, 0.0427, 0
21:07:02.838,3633,logger,31,INFO,5556, 0.0433, 0
21:07:02.839,3633,logger,31,INFO,5554, 0.0421, 0
21:07:02.839,3634,logger,31,INFO,5553, 0.0414, 0
21:07:02.893,3688,logger,31,INFO,5554, 0.0421, 0
21:07:02.894,3689,logger,31,INFO,5553, 0.0414, 0
21:07:02.894,3689,logger,31,INFO,5553, 0.0414, 0
21:07:02.894,3689,logger,31,INFO,5553, 0.0414, 0
21:07:02.894,3689,logger,31,INFO,5555, 0.0427, 0
21:07:02.945,3740,logger,31,INFO,5553, 0.0414, 0
21:07:02.946,3741,logger,31,INFO,5556, 0.0433, 0
21:07:02.946,3741,logger,31,INFO,5552, 0.0408, 0
21:07:02.947,3742,logger,31,INFO,5555, 0.0427, 0
21:07:03.001,3796,logger,31,INFO,5553, 0.0414, 0
21:07:03.002,3797,logger,31,INFO,5553, 0.0414, 0
21:07:03.002,3797,logger,31,INFO,5555, 0.0427, 0
21:07:03.002,3797,logger,31,INFO,5555, 0.0427, 0
21:07:03.003,3797,logger,31,INFO,5556, 0.0433, 0
21:07:03.060,3855,logger,31,INFO,5555, 0.0427, 0
21:07:03.060,3855,logger,31,INFO,5555, 0.0427, 0
21:07:03.061,3856,logger,31,INFO,5552, 0.0408, 0
21:07:03.061,3856,logger,31,INFO,5553, 0.0414, 0
21:07:03.061,3856,logger,31,INFO,5555, 0.0427, 0
21:07:03.062,3857,logger,31,INFO,5555, 0.0427, 0
21:07:03.115,3910,logger,31,INFO,5556, 0.0433, 0
21:07:03.115,3910,logger,31,INFO,5555, 0.0427, 0
21:07:03.115,3910,logger,31,INFO,5555, 0.0427, 0
21:07:03.116,3911,logger,31,INFO,5552, 0.0408, 0
21:07:03.116,3911,logger,31,INFO,5555, 0.0427, 0
21:07:03.164,3959,logger,31,INFO,5552, 0.0408, 0
21:07:03.165,3960,logger,31,INFO,5552, 0.0408, 0
21:07:03.165,3960,logger,31,INFO,5554, 0.0421, 0
21:07:03.165,3960,logger,31,INFO,5553, 0.0414, 0
21:07:03.219,4014,logger,31,INFO,5555, 0.0427, 0
21:07:03.220,4015,logger,31,INFO,5555, 0.0427, 0
21:07:03.220,4015,logger,31,INFO,5553, 0.0414, 0
21:07:03.221,4016,logger,31,INFO,5553, 0.0414, 0
21:07:03.221,4016,logger,31,INFO,5554, 0.0421, 0
21:07:03.269,4064,logger,31,INFO,5553, 0.0414, 0
21:07:03.270,4065,logger,31,INFO,5551, 0.0402, 0
21:07:03.270,4065,logger,31,INFO,5556, 0.0433, 0
21:07:03.270,4065,logger,31,INFO,5554, 0.0421, 0
21:07:03.271,4066,logger,31,INFO,5553, 0.0414, 0
21:07:03.330,4125,logger,31,INFO,5555, 0.0427, 0
21:07:03.330,4125,logger,31,INFO,5557, 0.0439, 0
21:07:03.331,4126,logger,31,INFO,5553, 0.0414, 0
21:07:03.331,4126,logger,31,INFO,5553, 0.0414, 0
21:07:03.332,4127,logger,31,INFO,5556, 0.0433, 0
21:07:03.392,4187,logger,31,INFO,5553, 0.0414, 0
21:07:03.393,4188,logger,31,INFO,5553, 0.0414, 0
21:07:03.393,4188,logger,31,INFO,5553, 0.0414, 0
21:07:03.393,4188,logger,31,INFO,5554, 0.0421, 0
21:07:03.394,4189,logger,31,INFO,5555, 0.0427, 0
21:07:03.394,4189,logger,31,INFO,5556, 0.0433, 0
21:07:03.443,4238,logger,31,INFO,5556, 0.0433, 0
21:07:03.443,4238,logger,31,INFO,5554, 0.0421, 0
21:07:03.444,4239,logger,31,INFO,5556, 0.0433, 0
21:07:03.444,4239,logger,31,INFO,5553, 0.0414, 0
21:07:03.502,4297,logger,31,INFO,5554, 0.0421, 0
21:07:03.502,4297,logger,31,INFO,5555, 0.0427, 0
21:07:03.503,4298,logger,31,INFO,5554, 0.0421, 0
21:07:03.503,4298,logger,31,INFO,5554, 0.0421, 0
21:07:03.504,4299,logger,31,INFO,5554, 0.0421, 0
21:07:03.504,4299,logger,31,INFO,5552, 0.0408, 0
21:07:03.552,4347,logger,31,INFO,5555, 0.0427, 0
21:07:03.552,4347,logger,31,INFO,5554, 0.0421, 0
21:07:03.552,4347,logger,31,INFO,5556, 0.0433, 0
21:07:03.553,4348,logger,31,INFO,5554, 0.0421, 0
21:07:03.608,4402,logger,31,INFO,5554, 0.0421, 0
21:07:03.608,4403,logger,31,INFO,5554, 0.0421, 0
21:07:03.609,4403,logger,31,INFO,5553, 0.0414, 0
21:07:03.609,4404,logger,31,INFO,5553, 0.0414, 0
21:07:03.609,4404,logger,31,INFO,5555, 0.0427, 0
21:07:03.682,4476,logger,31,INFO,5554, 0.0421, 0
21:07:03.682,4477,logger,31,INFO,5556, 0.0433, 0
21:07:03.682,4477,logger,31,INFO,5555, 0.0427, 0
21:07:03.683,4478,logger,31,INFO,5555, 0.0427, 0
21:07:03.683,4478,logger,31,INFO,5554, 0.0421, 0
21:07:03.683,4478,logger,31,INFO,5554, 0.0421, 0
21:07:03.684,4479,logger,31,INFO,5553, 0.0414, 0
21:07:03.747,4542,logger,31,INFO,5554, 0.0421, 0
21:07:03.747,4542,logger,31,INFO,5553, 0.0414, 0
21:07:03.748,4542,logger,31,INFO,5555, 0.0427, 0
21:07:03.748,4543,logger,31,INFO,5554, 0.0421, 0
21:07:03.748,4543,logger,31,INFO,5556, 0.0433, 0
21:07:03.748,4543,logger,31,INFO,5554, 0.0421, 0
21:07:03.800,4595,logger,31,INFO,5554, 0.0421, 0
21:07:03.801,4596,logger,31,INFO,5556, 0.0433, 0
21:07:03.801,4596,logger,31,INFO,5552, 0.0408, 0
21:07:03.802,4597,logger,31,INFO,5555, 0.0427, 0
21:07:03.855,4650,logger,31,INFO,5553, 0.0414, 0
21:07:03.855,4650,logger,31,INFO,5555, 0.0427, 0
21:07:03.856,4651,logger,31,INFO,5555, 0.0427, 0
21:07:03.856,4651,logger,31,INFO,5555, 0.0427, 0
21:07:03.856,4651,logger,31,INFO,5554, 0.0421, 0
21:07:03.857,4652,logger,31,INFO,5552, 0.0408, 0
21:07:03.913,4708,logger,31,INFO,5555, 0.0427, 0
21:07:03.914,4709,logger,31,INFO,5555, 0.0427, 0
21:07:03.914,4709,logger,31,INFO,5556, 0.0433, 0
21:07:03.914,4709,logger,31,INFO,5554, 0.0421, 0
21:07:03.915,4710,logger,31,INFO,5553, 0.0414, 0
21:07:03.971,4765,logger,31,INFO,5554, 0.0421, 0
21:07:03.971,4766,logger,31,INFO,5552, 0.0408, 0
21:07:03.971,4766,logger,31,INFO,5553, 0.0414, 0
21:07:03.972,4767,logger,31,INFO,5556, 0.0433, 0
21:07:03.972,4767,logger,31,INFO,5553, 0.0414, 0
21:07:04.030,4825,logger,31,INFO,5555, 0.0427, 0
21:07:04.031,4825,logger,31,INFO,5553, 0.0414, 0
21:07:04.031,4826,logger,31,INFO,5555, 0.0427, 0
21:07:04.032,4827,logger,31,INFO,5552, 0.0408, 0
21:07:04.032,4827,logger,31,INFO,5553, 0.0414, 0
21:07:04.088,4883,logger,31,INFO,5555, 0.0427, 0
21:07:04.088,4883,logger,31,INFO,5555, 0.0427, 0
21:07:04.089,4884,logger,31,INFO,5554, 0.0421, 0
21:07:04.089,4884,logger,31,INFO,5553, 0.0414, 0
21:07:04.089,4884,logger,31,INFO,5554, 0.0421, 0
21:07:04.144,4939,logger,31,INFO,5552, 0.0408, 0
21:07:04.144,4939,logger,31,INFO,5555, 0.0427, 0
21:07:04.145,4940,logger,31,INFO,5554, 0.0421, 0
21:07:04.145,4940,logger,31,INFO,5554, 0.0421, 0
21:07:04.145,4940,logger,31,INFO,5553, 0.0414, 0
21:07:04.145,4940,logger,31,INFO,5555, 0.0427, 0
21:07:04.199,4994,logger,31,INFO,5555, 0.0427, 0
21:07:04.199,4994,logger,31,INFO,5556, 0.0433, 0
21:07:04.199,4994,logger,31,INFO,5553, 0.0414, 0
21:07:04.200,4995,logger,31,INFO,5553, 0.0414, 0
21:07:04.200,4995,logger,31,INFO,5556, 0.0433, 0
21:07:04.268,5063,logger,31,INFO,5555, 0.0427, 0
21:07:04.269,5063,logger,31,INFO,5553, 0.0414, 0
21:07:04.269,5064,logger,31,INFO,5555, 0.0427, 0
21:07:04.269,5064,logger,31,INFO,5555, 0.0427, 0
21:07:04.270,5065,logger,31,INFO,5554, 0.0421, 0
21:07:04.325,5120,logger,31,INFO,5555, 0.0427, 0
21:07:04.325,5120,logger,31,INFO,5553, 0.0414, 0
21:07:04.326,5120,logger,31,INFO,5554, 0.0421, 0
21:07:04.326,5121,logger,31,INFO,5556, 0.0433, 0
21:07:04.326,5121,logger,31,INFO,5552, 0.0408, 0
21:07:04.327,5122,logger,31,INFO,5555, 0.0427, 0
21:07:04.380,5175,logger,31,INFO,5555, 0.0427, 0
21:07:04.380,5175,logger,31,INFO,5554, 0.0421, 0
21:07:04.380,5175,logger,31,INFO,5551, 0.0402, 0
21:07:04.381,5176,logger,31,INFO,5552, 0.0408, 0
21:07:04.381,5176,logger,31,INFO,5555, 0.0427, 0
21:07:04.437,5232,logger,31,INFO,5555, 0.0427, 0
21:07:04.438,5232,logger,31,INFO,5551, 0.0402, 0
21:07:04.438,5233,logger,31,INFO,5555, 0.0427, 0
21:07:04.438,5233,logger,31,INFO,5555, 0.0427, 0
21:07:04.439,5234,logger,31,INFO,5551, 0.0402, 0
21:07:04.494,5289,logger,31,INFO,5554, 0.0421, 0
21:07:04.494,5289,logger,31,INFO,5553, 0.0414, 0
21:07:04.494,5289,logger,31,INFO,5554, 0.0421, 0
21:07:04.495,5290,logger,31,INFO,5554, 0.0421, 0
21:07:04.495,5290,logger,31,INFO,5554, 0.0421, 0
21:07:04.551,5346,logger,31,INFO,5554, 0.0421, 0
21:07:04.552,5347,logger,31,INFO,5553, 0.0414, 0
21:07:04.553,5348,logger,31,INFO,5551, 0.0402, 0
21:07:04.554,5348,logger,31,INFO,5556, 0.0433, 0
21:07:04.554,5349,logger,31,INFO,5552, 0.0408, 0
21:07:04.601,5395,logger,31,INFO,5552, 0.0408, 0
21:07:04.601,5396,logger,31,INFO,5554, 0.0421, 0
21:07:04.601,5396,logger,31,INFO,5552, 0.0408, 0
21:07:04.602,5397,logger,31,INFO,5553, 0.0414, 0
21:07:04.602,5397,logger,31,INFO,5554, 0.0421, 0
21:07:04.662,5457,logger,31,INFO,5552, 0.0408, 0
21:07:04.663,5458,logger,31,INFO,5553, 0.0414, 0
21:07:04.663,5458,logger,31,INFO,5551, 0.0402, 0
21:07:04.664,5458,logger,31,INFO,5552, 0.0408, 0
21:07:04.664,5459,logger,31,INFO,5554, 0.0421, 0
21:07:04.720,5515,logger,31,INFO,5554, 0.0421, 0
21:07:04.721,5516,logger,31,INFO,5557, 0.0439, 0
21:07:04.721,5516,logger,31,INFO,5553, 0.0414, 0
21:07:04.722,5517,logger,31,INFO,5555, 0.0427, 0
21:07:04.722,5517,logger,31,INFO,5554, 0.0421, 0
21:07:04.771,5566,logger,31,INFO,5556, 0.0433, 0
21:07:04.771,5566,logger,31,INFO,5555, 0.0427, 0
21:07:04.772,5567,logger,31,INFO,5553, 0.0414, 0
21:07:04.772,5567,logger,31,INFO,5554, 0.0421, 0
21:07:04.772,5567,logger,31,INFO,5552, 0.0408, 0
21:07:04.821,5616,logger,31,INFO,5554, 0.0421, 0
21:07:04.822,5617,logger,31,INFO,5554, 0.0421, 0
21:07:04.822,5617,logger,31,INFO,5552, 0.0408, 0
21:07:04.823,5618,logger,31,INFO,5554, 0.0421, 0
21:07:04.823,5618,logger,31,INFO,5552, 0.0408, 0
21:07:04.887,5682,logger,31,INFO,5555, 0.0427, 0
21:07:04.887,5682,logger,31,INFO,5553, 0.0414, 0
21:07:04.887,5682,logger,31,INFO,5554, 0.0421, 0
21:07:04.888,5683,logger,31,INFO,5554, 0.0421, 0
21:07:04.888,5683,logger,31,INFO,5554, 0.0421, 0
21:07:04.961,5756,logger,31,INFO,5554, 0.0421, 0
21:07:04.962,5757,logger,31,INFO,5553, 0.0414, 0
21:07:04.962,5757,logger,31,INFO,5553, 0.0414, 0
21:07:04.962,5757,logger,31,INFO,5555, 0.0427, 0
21:07:04.963,5758,logger,31,INFO,5553, 0.0414, 0
21:07:04.963,5758,logger,31,INFO,5554, 0.0421, 0
21:07:04.963,5758,logger,31,INFO,5553, 0.0414, 0
21:07:05.010,5805,logger,31,INFO,5553, 0.0414, 0
21:07:05.011,5806,logger,31,INFO,5555, 0.0427, 0
21:07:05.012,5807,logger,31,INFO,5554, 0.0421, 0
21:07:05.012,5807,logger,31,INFO,5551, 0.0402, 0
21:07:05.012,5807,logger,31,INFO,5551, 0.0402, 0
21:07:05.063,5858,logger,31,INFO,5551, 0.0402, 0
21:07:05.063,5858,logger,31,INFO,5553, 0.0414, 0
21:07:05.064,5858,logger,31,INFO,5555, 0.0427, 0
21:07:05.064,5859,logger,31,INFO,5552, 0.0408, 0
21:07:05.127,5921,logger,31,INFO,5552, 0.0408, 0
21:07:05.127,5922,logger,31,INFO,5552, 0.0408, 0
21:07:05.128,5923,logger,31,INFO,5555, 0.0427, 0
21:07:05.128,5923,logger,31,INFO,5553, 0.0414, 0
21:07:05.128,5923,logger,31,INFO,5553, 0.0414, 0
21:07:05.129,5924,logger,31,INFO,5555, 0.0427, 0
21:07:05.193,5988,logger,31,INFO,5553, 0.0414, 0
21:07:05.194,5989,logger,31,INFO,5555, 0.0427, 0
21:07:05.194,5989,logger,31,INFO,5552, 0.0408, 0
21:07:05.194,5989,logger,31,INFO,5554, 0.0421, 0
21:07:05.195,5990,logger,31,INFO,5553, 0.0414, 0
21:07:05.195,5990,logger,31,INFO,5551, 0.0402, 0
21:07:05.254,6049,logger,31,INFO,5553, 0.0414, 0
21:07:05.255,6049,logger,31,INFO,5553, 0.0414, 0
21:07:05.255,6050,logger,31,INFO,5552, 0.0408, 0
21:07:05.255,6050,logger,31,INFO,5553, 0.0414, 0
21:07:05.255,6050,logger,31,INFO,5551, 0.0402, 0
21:07:05.313,6107,logger,31,INFO,5553, 0.0414, 0
21:07:05.313,6108,logger,31,INFO,5554, 0.0421, 0
21:07:05.314,6109,logger,31,INFO,5553, 0.0414, 0
21:07:05.314,6109,logger,31,INFO,5552, 0.0408, 0
21:07:05.314,6109,logger,31,INFO,5555, 0.0427, 0
21:07:05.315,6109,logger,31,INFO,5555, 0.0427, 0
21:07:05.375,6170,logger,31,INFO,5550, 0.0396, 0
21:07:05.376,6171,logger,31,INFO,5553, 0.0414, 0
21:07:05.376,6171,logger,31,INFO,5553, 0.0414, 0
21:07:05.377,6172,logger,31,INFO,5552, 0.0408, 0
21:07:05.377,6172,logger,31,INFO,5553, 0.0414, 0
21:07:05.429,6224,logger,31,INFO,5554, 0.0421, 0
21:07:05.430,6225,logger,31,INFO,5554, 0.0421, 0
21:07:05.430,6225,logger,31,INFO,5551, 0.0402, 0
21:07:05.430,6225,logger,31,INFO,5554, 0.0421, 0
21:07:05.430,6225,logger,31,INFO,5554, 0.0421, 0
21:07:05.495,6290,logger,31,INFO,5554, 0.0421, 0
21:07:05.496,6291,logger,31,INFO,5553, 0.0414, 0
21:07:05.496,6291,logger,31,INFO,5554, 0.0421, 0
21:07:05.496,6291,logger,31,INFO,5556, 0.0433, 0
21:07:05.497,6292,logger,31,INFO,5555, 0.0427, 0
21:07:05.497,6292,logger,31,INFO,5552, 0.0408, 0
21:07:05.547,6342,logger,31,INFO,5552, 0.0408, 0
21:07:05.547,6342,logger,31,INFO,5555, 0.0427, 0
21:07:05.547,6342,logger,31,INFO,5554, 0.0421, 0
21:07:05.548,6343,logger,31,INFO,5556, 0.0433, 0
21:07:05.548,6343,logger,31,INFO,5554, 0.0421, 0
21:07:05.600,6395,logger,31,INFO,5552, 0.0408, 0
21:07:05.600,6395,logger,31,INFO,5554, 0.0421, 0
21:07:05.601,6396,logger,31,INFO,5553, 0.0414, 0
21:07:05.601,6396,logger,31,INFO,5554, 0.0421, 0
21:07:05.601,6396,logger,31,INFO,5555, 0.0427, 0
21:07:05.662,6456,logger,31,INFO,5552, 0.0408, 0
21:07:05.662,6457,logger,31,INFO,5552, 0.0408, 0
21:07:05.662,6457,logger,31,INFO,5555, 0.0427, 0
21:07:05.663,6458,logger,31,INFO,5553, 0.0414, 0
21:07:05.663,6458,logger,31,INFO,5554, 0.0421, 0
21:07:05.722,6517,logger,31,INFO,5554, 0.0421, 0
21:07:05.722,6517,logger,31,INFO,5554, 0.0421, 0
21:07:05.723,6517,logger,31,INFO,5554, 0.0421, 0
21:07:05.723,6518,logger,31,INFO,5553, 0.0414, 0
21:07:05.723,6518,logger,31,INFO,5553, 0.0414, 0
21:07:05.723,6518,logger,31,INFO,5553, 0.0414, 0
21:07:05.783,6578,logger,31,INFO,5551, 0.0402, 0
21:07:05.784,6579,logger,31,INFO,5554, 0.0421, 0
21:07:05.784,6579,logger,31,INFO,5552, 0.0408, 0
21:07:05.784,6579,logger,31,INFO,5553, 0.0414, 0
21:07:05.784,6579,logger,31,INFO,5554, 0.0421, 0
21:07:05.839,6634,logger,31,INFO,5553, 0.0414, 0
21:07:05.839,6634,logger,31,INFO,5555, 0.0427, 0
21:07:05.840,6635,logger,31,INFO,5553, 0.0414, 0
21:07:05.840,6635,logger,31,INFO,5555, 0.0427, 0
21:07:05.841,6635,logger,31,INFO,5553, 0.0414, 0
21:07:05.895,6690,logger,31,INFO,5553, 0.0414, 0
21:07:05.896,6691,logger,31,INFO,5555, 0.0427, 0
21:07:05.896,6691,logger,31,INFO,5553, 0.0414, 0
21:07:05.896,6691,logger,31,INFO,5552, 0.0408, 0
21:07:05.896,6691,logger,31,INFO,5553, 0.0414, 0
21:07:05.945,6739,logger,31,INFO,5553, 0.0414, 0
21:07:05.945,6740,logger,31,INFO,5552, 0.0408, 0
21:07:05.945,6740,logger,31,INFO,5554, 0.0421, 0
21:07:05.946,6741,logger,31,INFO,5554, 0.0421, 0
21:07:05.946,6741,logger,31,INFO,5551, 0.0402, 0
21:07:06.001,6796,logger,31,INFO,5554, 0.0421, 0
21:07:06.002,6797,logger,31,INFO,5553, 0.0414, 0
21:07:06.002,6797,logger,31,INFO,5553, 0.0414, 0
21:07:06.003,6797,logger,31,INFO,5555, 0.0427, 0
21:07:06.003,6798,logger,31,INFO,5554, 0.0421, 0
21:07:06.055,6850,logger,31,INFO,5552, 0.0408, 0
21:07:06.055,6850,logger,31,INFO,5552, 0.0408, 0
21:07:06.056,6851,logger,31,INFO,5555, 0.0427, 0
21:07:06.056,6851,logger,31,INFO,5552, 0.0408, 0
21:07:06.057,6851,logger,31,INFO,5552, 0.0408, 0
21:07:06.110,6905,logger,31,INFO,5553, 0.0414, 0
21:07:06.111,6906,logger,31,INFO,5553, 0.0414, 0
21:07:06.111,6906,logger,31,INFO,5554, 0.0421, 0
21:07:06.112,6907,logger,31,INFO,5554, 0.0421, 0
21:07:06.112,6907,logger,31,INFO,5556, 0.0433, 0
21:07:06.165,6960,logger,31,INFO,5555, 0.0427, 0
21:07:06.166,6961,logger,31,INFO,5553, 0.0414, 0
21:07:06.166,6961,logger,31,INFO,5554, 0.0421, 0
21:07:06.166,6961,logger,31,INFO,5551, 0.0402, 0
21:07:06.167,6962,logger,31,INFO,5555, 0.0427, 0
21:07:06.235,7030,logger,31,INFO,5553, 0.0414, 0
21:07:06.235,7030,logger,31,INFO,5555, 0.0427, 0
21:07:06.236,7031,logger,31,INFO,5554, 0.0421, 0
21:07:06.236,7031,logger,31,INFO,5554, 0.0421, 0
21:07:06.237,7032,logger,31,INFO,5552, 0.0408, 0
21:07:06.237,7032,logger,31,INFO,5551, 0.0402, 0
21:07:06.293,7088,logger,31,INFO,5552, 0.0408, 0
21:07:06.294,7089,logger,31,INFO,5553, 0.0414, 0
21:07:06.294,7089,logger,31,INFO,5552, 0.0408, 0
21:07:06.295,7090,logger,31,INFO,5551, 0.0402, 0
21:07:06.295,7090,logger,31,INFO,5555, 0.0427, 0
21:07:06.355,7150,logger,31,INFO,5553, 0.0414, 0
21:07:06.356,7151,logger,31,INFO,5551, 0.0402, 0
21:07:06.357,7151,logger,31,INFO,5551, 0.0402, 0
21:07:06.357,7152,logger,31,INFO,5552, 0.0408, 0
21:07:06.357,7152,logger,31,INFO,5552, 0.0408, 0
21:07:06.357,7152,logger,31,INFO,5554, 0.0421, 0
21:07:06.422,7217,logger,31,INFO,5555, 0.0427, 0
21:07:06.423,7218,logger,31,INFO,5552, 0.0408, 0
21:07:06.423,7218,logger,31,INFO,5554, 0.0421, 0
21:07:06.424,7218,logger,31,INFO,5554, 0.0421, 0
21:07:06.424,7219,logger,31,INFO,5551, 0.0402, 0
21:07:06.485,7280,logger,31,INFO,5554, 0.0421, 0
21:07:06.486,7281,logger,31,INFO,5554, 0.0421, 0
21:07:06.487,7282,logger,31,INFO,5554, 0.0421, 0
21:07:06.487,7282,logger,31,INFO,5553, 0.0414, 0
21:07:06.487,7282,logger,31,INFO,5552, 0.0408, 0
21:07:06.488,7283,logger,31,INFO,5554, 0.0421, 0
21:07:06.488,7283,logger,31,INFO,5553, 0.0414, 0
21:07:06.540,7335,logger,31,INFO,5554, 0.0421, 0
21:07:06.541,7336,logger,31,INFO,5554, 0.0421, 0
21:07:06.542,7336,logger,31,INFO,5555, 0.0427, 0
21:07:06.542,7337,logger,31,INFO,5552, 0.0408, 0
21:07:06.542,7337,logger,31,INFO,5553, 0.0414, 0
21:07:06.599,7394,logger,31,INFO,5552, 0.0408, 0
21:07:06.599,7394,logger,31,INFO,5553, 0.0414, 0
21:07:06.600,7394,logger,31,INFO,5551, 0.0402, 0
21:07:06.600,7395,logger,31,INFO,5552, 0.0408, 0
21:07:06.600,7395,logger,31,INFO,5554, 0.0421, 0
21:07:06.646,7441,logger,31,INFO,5553, 0.0414, 0
21:07:06.646,7441,logger,31,INFO,5553, 0.0414, 0
21:07:06.646,7441,logger,31,INFO,5555, 0.0427, 0
21:07:06.647,7442,logger,31,INFO,5554, 0.0421, 0
21:07:06.699,7494,logger,31,INFO,5553, 0.0414, 0
21:07:06.699,7494,logger,31,INFO,5553, 0.0414, 0
21:07:06.700,7494,logger,31,INFO,5553, 0.0414, 0
21:07:06.700,7495,logger,31,INFO,5552, 0.0408, 0
21:07:06.700,7495,logger,31,INFO,5553, 0.0414, 0
21:07:06.750,7545,logger,31,INFO,5554, 0.0421, 0
21:07:06.751,7546,logger,31,INFO,5552, 0.0408, 0
21:07:06.752,7546,logger,31,INFO,5552, 0.0408, 0
21:07:06.752,7547,logger,31,INFO,5554, 0.0421, 0
21:07:06.807,7601,logger,31,INFO,5554, 0.0421, 0
21:07:06.808,7602,logger,31,INFO,5554, 0.0421, 0
21:07:06.808,7603,logger,31,INFO,5554, 0.0421, 0
21:07:06.809,7604,logger,31,INFO,5552, 0.0408, 0
21:07:06.809,7604,logger,31,INFO,5553, 0.0414, 0
21:07:06.810,7604,logger,31,INFO,5551, 0.0402, 0
21:07:06.864,7659,logger,31,INFO,5552, 0.0408, 0
21:07:06.865,7660,logger,31,INFO,5553, 0.0414, 0
21:07:06.865,7660,logger,31,INFO,5553, 0.0414, 0
21:07:06.866,7661,logger,31,INFO,5552, 0.0408, 0
21:07:06.866,7661,logger,31,INFO,5552, 0.0408, 0
21:07:06.928,7723,logger,31,INFO,5550, 0.0396, 0
21:07:06.928,7723,logger,31,INFO,5551, 0.0402, 0
21:07:06.929,7724,logger,31,INFO,5554, 0.0421, 0
21:07:06.929,7724,logger,31,INFO,5553, 0.0414, 0
21:07:06.930,7725,logger,31,INFO,5553, 0.0414, 0
21:07:06.985,7780,logger,31,INFO,5551, 0.0402, 0
21:07:06.986,7781,logger,31,INFO,5553, 0.0414, 0
21:07:06.986,7781,logger,31,INFO,5551, 0.0402, 0
21:07:06.986,7781,logger,31,INFO,5551, 0.0402, 0
21:07:06.987,7782,logger,31,INFO,5551, 0.0402, 0
21:07:07.058,7853,logger,31,INFO,5554, 0.0421, 0
21:07:07.059,7854,logger,31,INFO,5552, 0.0408, 0
21:07:07.059,7854,logger,31,INFO,5551, 0.0402, 0
21:07:07.060,7855,logger,31,INFO,5552, 0.0408, 0
21:07:07.060,7855,logger,31,INFO,5552, 0.0408, 0
21:07:07.060,7855,logger,31,INFO,5550, 0.0396, 0
21:07:07.111,7906,logger,31,INFO,5554, 0.0421, 0
21:07:07.112,7907,logger,31,INFO,5553, 0.0414, 0
21:07:07.113,7908,logger,31,INFO,5553, 0.0414, 0
21:07:07.113,7908,logger,31,INFO,5552, 0.0408, 0
21:07:07.114,7908,logger,31,INFO,5554, 0.0421, 0
21:07:07.114,7909,logger,31,INFO,5553, 0.0414, 0
21:07:07.164,7959,logger,31,INFO,5552, 0.0408, 0
21:07:07.164,7959,logger,31,INFO,5552, 0.0408, 0
21:07:07.165,7960,logger,31,INFO,5553, 0.0414, 0
21:07:07.165,7960,logger,31,INFO,5552, 0.0408, 0
21:07:07.165,7960,logger,31,INFO,5552, 0.0408, 0
21:07:07.217,8012,logger,31,INFO,5551, 0.0402, 0
21:07:07.218,8013,logger,31,INFO,5551, 0.0402, 0
21:07:07.218,8013,logger,31,INFO,5554, 0.0421, 0
21:07:07.218,8013,logger,31,INFO,5552, 0.0408, 0
21:07:07.280,8075,logger,31,INFO,5550, 0.0396, 0
21:07:07.281,8076,logger,31,INFO,5552, 0.0408, 0
21:07:07.281,8076,logger,31,INFO,5552, 0.0408, 0
21:07:07.282,8077,logger,31,INFO,5553, 0.0414, 0
21:07:07.282,8077,logger,31,INFO,5556, 0.0433, 0
21:07:07.282,8077,logger,31,INFO,5551, 0.0402, 0
21:07:07.365,8160,logger,31,INFO,5554, 0.0421, 0
21:07:07.366,8160,logger,31,INFO,5554, 0.0421, 0
21:07:07.366,8161,logger,31,INFO,5552, 0.0408, 0
21:07:07.366,8161,logger,31,INFO,5554, 0.0421, 0
21:07:07.367,8161,logger,31,INFO,5552, 0.0408, 0
21:07:07.367,8162,logger,31,INFO,5551, 0.0402, 0
21:07:07.367,8162,logger,31,INFO,5553, 0.0414, 0
21:07:07.367,8162,logger,31,INFO,5555, 0.0427, 0
21:07:07.422,8217,logger,31,INFO,5552, 0.0408, 0
21:07:07.422,8217,logger,31,INFO,5552, 0.0408, 0
21:07:07.422,8217,logger,31,INFO,5551, 0.0402, 0
21:07:07.423,8218,logger,31,INFO,5552, 0.0408, 0
21:07:07.423,8218,logger,31,INFO,5552, 0.0408, 0
21:07:07.476,8271,logger,31,INFO,5552, 0.0408, 0
21:07:07.477,8271,logger,31,INFO,5554, 0.0421, 0
21:07:07.477,8272,logger,31,INFO,5550, 0.0396, 0
21:07:07.477,8272,logger,31,INFO,5552, 0.0408, 0
21:07:07.478,8273,logger,31,INFO,5552, 0.0408, 0
21:07:07.531,8326,logger,31,INFO,5550, 0.0396, 0
21:07:07.532,8327,logger,31,INFO,5552, 0.0408, 0
21:07:07.532,8327,logger,31,INFO,5552, 0.0408, 0
21:07:07.532,8327,logger,31,INFO,5555, 0.0427, 0
21:07:07.533,8328,logger,31,INFO,5551, 0.0402, 0
21:07:07.583,8378,logger,31,INFO,5553, 0.0414, 0
21:07:07.583,8378,logger,31,INFO,5553, 0.0414, 0
21:07:07.584,8379,logger,31,INFO,5552, 0.0408, 0
21:07:07.584,8379,logger,31,INFO,5552, 0.0408, 0
21:07:07.585,8380,logger,31,INFO,5550, 0.0396, 0
21:07:07.647,8442,logger,31,INFO,5551, 0.0402, 0
21:07:07.648,8443,logger,31,INFO,5553, 0.0414, 0
21:07:07.648,8443,logger,31,INFO,5554, 0.0421, 0
21:07:07.648,8443,logger,31,INFO,5552, 0.0408, 0
21:07:07.649,8444,logger,31,INFO,5551, 0.0402, 0
21:07:07.700,8495,logger,31,INFO,5552, 0.0408, 0
21:07:07.701,8496,logger,31,INFO,5551, 0.0402, 0
21:07:07.701,8496,logger,31,INFO,5552, 0.0408, 0
21:07:07.702,8497,logger,31,INFO,5552, 0.0408, 0
21:07:07.702,8497,logger,31,INFO,5553, 0.0414, 0
21:07:07.702,8497,logger,31,INFO,5553, 0.0414, 0
21:07:07.757,8552,logger,31,INFO,5554, 0.0421, 0
21:07:07.757,8552,logger,31,INFO,5553, 0.0414, 0
21:07:07.758,8553,logger,31,INFO,5552, 0.0408, 0
21:07:07.758,8553,logger,31,INFO,5551, 0.0402, 0
21:07:07.758,8553,logger,31,INFO,5552, 0.0408, 0
21:07:07.812,8607,logger,31,INFO,5553, 0.0414, 0
21:07:07.812,8607,logger,31,INFO,5551, 0.0402, 0
21:07:07.813,8607,logger,31,INFO,5553, 0.0414, 0
21:07:07.813,8608,logger,31,INFO,5554, 0.0421, 0
21:07:07.813,8608,logger,31,INFO,5553, 0.0414, 0
21:07:07.861,8656,logger,31,INFO,5554, 0.0421, 0
21:07:07.861,8656,logger,31,INFO,5553, 0.0414, 0
21:07:07.862,8656,logger,31,INFO,5553, 0.0414, 0
21:07:07.862,8657,logger,31,INFO,5554, 0.0421, 0
21:07:07.928,8723,logger,31,INFO,5553, 0.0414, 0
21:07:07.929,8724,logger,31,INFO,5551, 0.0402, 0
21:07:07.929,8724,logger,31,INFO,5552, 0.0408, 0
21:07:07.930,8724,logger,31,INFO,5552, 0.0408, 0
21:07:07.930,8725,logger,31,INFO,5552, 0.0408, 0
21:07:07.930,8725,logger,31,INFO,5554, 0.0421, 0
21:07:07.985,8780,logger,31,INFO,5554, 0.0421, 0
21:07:07.986,8780,logger,31,INFO,5553, 0.0414, 0
21:07:07.986,8781,logger,31,INFO,5553, 0.0414, 0
21:07:07.986,8781,logger,31,INFO,5551, 0.0402, 0
21:07:07.987,8782,logger,31,INFO,5552, 0.0408, 0
21:07:07.987,8782,logger,31,INFO,5552, 0.0408, 0
21:07:08.050,8845,logger,31,INFO,5553, 0.0414, 0
21:07:08.050,8845,logger,31,INFO,5552, 0.0408, 0
21:07:08.051,8845,logger,31,INFO,5553, 0.0414, 0
21:07:08.051,8846,logger,31,INFO,5551, 0.0402, 0
21:07:08.051,8846,logger,31,INFO,5553, 0.0414, 0
21:07:08.052,8847,logger,31,INFO,5552, 0.0408, 0
21:07:08.118,8913,logger,31,INFO,5554, 0.0421, 0
21:07:08.119,8914,logger,31,INFO,5552, 0.0408, 0
21:07:08.120,8915,logger,31,INFO,5552, 0.0408, 0
21:07:08.120,8915,logger,31,INFO,5550, 0.0396, 0
21:07:08.120,8915,logger,31,INFO,5551, 0.0402, 0
21:07:08.120,8915,logger,31,INFO,5552, 0.0408, 0
21:07:08.170,8964,logger,31,INFO,5552, 0.0408, 0
21:07:08.170,8965,logger,31,INFO,5553, 0.0414, 0
21:07:08.170,8965,logger,31,INFO,5552, 0.0408, 0
21:07:08.171,8966,logger,31,INFO,5552, 0.0408, 0
21:07:08.224,9019,logger,31,INFO,5554, 0.0421, 0
21:07:08.225,9020,logger,31,INFO,5551, 0.0402, 0
21:07:08.225,9020,logger,31,INFO,5552, 0.0408, 0
21:07:08.226,9021,logger,31,INFO,5552, 0.0408, 0
21:07:08.226,9021,logger,31,INFO,5552, 0.0408, 0
21:07:08.280,9075,logger,31,INFO,5554, 0.0421, 0
21:07:08.281,9076,logger,31,INFO,5552, 0.0408, 0
21:07:08.281,9076,logger,31,INFO,5554, 0.0421, 0
21:07:08.281,9076,logger,31,INFO,5551, 0.0402, 0
21:07:08.282,9077,logger,31,INFO,5551, 0.0402, 0
21:07:08.282,9077,logger,31,INFO,5551, 0.0402, 0
21:07:08.341,9136,logger,31,INFO,5552, 0.0408, 0
21:07:08.341,9136,logger,31,INFO,5554, 0.0421, 0
21:07:08.342,9136,logger,31,INFO,5551, 0.0402, 0
21:07:08.342,9137,logger,31,INFO,5554, 0.0421, 0
21:07:08.342,9137,logger,31,INFO,5552, 0.0408, 0
21:07:08.399,9194,logger,31,INFO,5553, 0.0414, 0
21:07:08.400,9195,logger,31,INFO,5552, 0.0408, 0
21:07:08.400,9195,logger,31,INFO,5551, 0.0402, 0
21:07:08.400,9195,logger,31,INFO,5552, 0.0408, 0
21:07:08.401,9195,logger,31,INFO,5553, 0.0414, 0
21:07:08.456,9251,logger,31,INFO,5553, 0.0414, 0
21:07:08.457,9252,logger,31,INFO,5553, 0.0414, 0
21:07:08.457,9252,logger,31,INFO,5553, 0.0414, 0
21:07:08.457,9252,logger,31,INFO,5555, 0.0427, 0
21:07:08.458,9253,logger,31,INFO,5552, 0.0408, 0
21:07:08.458,9253,logger,31,INFO,5552, 0.0408, 0
21:07:08.518,9313,logger,31,INFO,5551, 0.0402, 0
21:07:08.518,9313,logger,31,INFO,5552, 0.0408, 0
21:07:08.519,9314,logger,31,INFO,5551, 0.0402, 0
21:07:08.519,9314,logger,31,INFO,5552, 0.0408, 0
21:07:08.519,9314,logger,31,INFO,5551, 0.0402, 0
21:07:08.581,9376,logger,31,INFO,5553, 0.0414, 0
21:07:08.581,9376,logger,31,INFO,5553, 0.0414, 0
21:07:08.582,9376,logger,31,INFO,5550, 0.0396, 0
21:07:08.582,9377,logger,31,INFO,5554, 0.0421, 0
21:07:08.583,9377,logger,31,INFO,5550, 0.0396, 0
21:07:08.583,9378,logger,31,INFO,5553, 0.0414, 0
21:07:08.630,9425,logger,31,INFO,5550, 0.0396, 0
21:07:08.631,9426,logger,31,INFO,5554, 0.0421, 0
21:07:08.631,9426,logger,31,INFO,5551, 0.0402, 0
21:07:08.631,9426,logger,31,INFO,5551, 0.0402, 0
21:07:08.632,9426,logger,31,INFO,5552, 0.0408, 0
21:07:08.692,9486,logger,31,INFO,5553, 0.0414, 0
21:07:08.692,9487,logger,31,INFO,5553, 0.0414, 0
21:07:08.693,9488,logger,31,INFO,5552, 0.0408, 0
21:07:08.693,9488,logger,31,INFO,5552, 0.0408, 0
21:07:08.694,9488,logger,31,INFO,5554, 0.0421, 0
21:07:08.694,9489,logger,31,INFO,5552, 0.0408, 0
21:07:08.745,9540,logger,31,INFO,5553, 0.0414, 0
21:07:08.746,9541,logger,31,INFO,5553, 0.0414, 0
21:07:08.746,9541,logger,31,INFO,5552, 0.0408, 0
21:07:08.746,9541,logger,31,INFO,5554, 0.0421, 0
21:07:08.747,9542,logger,31,INFO,5550, 0.0396, 0
21:07:08.799,9593,logger,31,INFO,5552, 0.0408, 0
21:07:08.799,9594,logger,31,INFO,5553, 0.0414, 0
21:07:08.799,9594,logger,31,INFO,5552, 0.0408, 0
21:07:08.800,9594,logger,31,INFO,5552, 0.0408, 0
21:07:08.853,9648,logger,31,INFO,5552, 0.0408, 0
21:07:08.853,9648,logger,31,INFO,5554, 0.0421, 0
21:07:08.854,9648,logger,31,INFO,5550, 0.0396, 0
21:07:08.854,9649,logger,31,INFO,5553, 0.0414, 0
21:07:08.854,9649,logger,31,INFO,5552, 0.0408, 0
21:07:08.855,9650,logger,31,INFO,5552, 0.0408, 0
21:07:08.907,9702,logger,31,INFO,5552, 0.0408, 0
21:07:08.907,9702,logger,31,INFO,5553, 0.0414, 0
21:07:08.908,9702,logger,31,INFO,5553, 0.0414, 0
21:07:08.908,9703,logger,31,INFO,5554, 0.0421, 0
21:07:08.983,9778,logger,31,INFO,5552, 0.0408, 0
21:07:08.984,9779,logger,31,INFO,5552, 0.0408, 0
21:07:08.984,9779,logger,31,INFO,5551, 0.0402, 0
21:07:08.984,9779,logger,31,INFO,5552, 0.0408, 0
21:07:08.985,9780,logger,31,INFO,5552, 0.0408, 0
21:07:08.986,9780,logger,31,INFO,5552, 0.0408, 0
21:07:08.986,9781,logger,31,INFO,5552, 0.0408, 0
21:07:09.038,9833,logger,31,INFO,5552, 0.0408, 0
21:07:09.039,9834,logger,31,INFO,5549, 0.0390, 0
21:07:09.039,9834,logger,31,INFO,5551, 0.0402, 0
21:07:09.039,9834,logger,31,INFO,5551, 0.0402, 0
21:07:09.039,9834,logger,31,INFO,5549, 0.0390, 0
21:07:09.093,9887,logger,31,INFO,5553, 0.0414, 0
21:07:09.094,9889,logger,31,INFO,5551, 0.0402, 0
21:07:09.094,9889,logger,31,INFO,5551, 0.0402, 0
21:07:09.094,9889,logger,31,INFO,5552, 0.0408, 0
21:07:09.095,9890,logger,31,INFO,5551, 0.0402, 0
21:07:09.148,9943,logger,31,INFO,5552, 0.0408, 0
21:07:09.149,9944,logger,31,INFO,5553, 0.0414, 0
21:07:09.149,9944,logger,31,INFO,5553, 0.0414, 0
21:07:09.149,9944,logger,31,INFO,5553, 0.0414, 0
21:07:09.150,9945,logger,31,INFO,5553, 0.0414, 0
21:07:09.202,9997,logger,31,INFO,5550, 0.0396, 0
21:07:09.203,9998,logger,31,INFO,5555, 0.0427, 0
21:07:09.203,9998,logger,31,INFO,5555, 0.0427, 0
21:07:09.204,9998,logger,31,INFO,5552, 0.0408, 0
21:07:09.204,9999,logger,31,INFO,5550, 0.0396, 0
21:07:09.204,9999,logger,31,INFO,5552, 0.0408, 0
21:07:09.261,10056,logger,31,INFO,5551, 0.0402, 0
21:07:09.262,10057,logger,31,INFO,5551, 0.0402, 0
21:07:09.262,10057,logger,31,INFO,5552, 0.0408, 0
21:07:09.263,10058,logger,31,INFO,5553, 0.0414, 0
21:07:09.263,10058,logger,31,INFO,5552, 0.0408, 0
21:07:09.319,10114,logger,31,INFO,5554, 0.0421, 0
21:07:09.320,10115,logger,31,INFO,5553, 0.0414, 0
21:07:09.320,10115,logger,31,INFO,5552, 0.0408, 0
21:07:09.320,10115,logger,31,INFO,5552, 0.0408, 0
21:07:09.321,10116,logger,31,INFO,5552, 0.0408, 0
21:07:09.382,10177,logger,31,INFO,5552, 0.0408, 0
21:07:09.383,10178,logger,31,INFO,5554, 0.0421, 0
21:07:09.384,10179,logger,31,INFO,5554, 0.0421, 0
21:07:09.384,10179,logger,31,INFO,5554, 0.0421, 0
21:07:09.384,10179,logger,31,INFO,5555, 0.0427, 0
21:07:09.385,10179,logger,31,INFO,5551, 0.0402, 0
21:07:09.435,10230,logger,31,INFO,5553, 0.0414, 0
21:07:09.435,10230,logger,31,INFO,5552, 0.0408, 0
21:07:09.436,10231,logger,31,INFO,5553, 0.0414, 0
21:07:09.436,10231,logger,31,INFO,5550, 0.0396, 0
21:07:09.436,10231,logger,31,INFO,5552, 0.0408, 0
21:07:09.495,10290,logger,31,INFO,5553, 0.0414, 0
21:07:09.495,10290,logger,31,INFO,5553, 0.0414, 0
21:07:09.495,10290,logger,31,INFO,5553, 0.0414, 0
21:07:09.496,10291,logger,31,INFO,5553, 0.0414, 0
21:07:09.496,10291,logger,31,INFO,5553, 0.0414, 0
21:07:09.559,10354,logger,31,INFO,5551, 0.0402, 0
21:07:09.560,10354,logger,31,INFO,5552, 0.0408, 0
21:07:09.560,10355,logger,31,INFO,5552, 0.0408, 0
21:07:09.560,10355,logger,31,INFO,5553, 0.0414, 0
21:07:09.561,10356,logger,31,INFO,5550, 0.0396, 0
21:07:09.614,10409,logger,31,INFO,5553, 0.0414, 0
21:07:09.615,10410,logger,31,INFO,5553, 0.0414, 0
21:07:09.615,10410,logger,31,INFO,5551, 0.0402, 0
21:07:09.616,10411,logger,31,INFO,5552, 0.0408, 0
21:07:09.616,10411,logger,31,INFO,5552, 0.0408, 0
21:07:09.616,10411,logger,31,INFO,5552, 0.0408, 0
21:07:09.671,10466,logger,31,INFO,5552, 0.0408, 0
21:07:09.672,10467,logger,31,INFO,5553, 0.0414, 0
21:07:09.673,10468,logger,31,INFO,5552, 0.0408, 0
21:07:09.674,10469,logger,31,INFO,5551, 0.0402, 0
21:07:09.674,10469,logger,31,INFO,5551, 0.0402, 0
21:07:09.674,10469,logger,31,INFO,5553, 0.0414, 0
21:07:09.731,10526,logger,31,INFO,5554, 0.0421, 0
21:07:09.732,10527,logger,31,INFO,5550, 0.0396, 0
21:07:09.732,10527,logger,31,INFO,5553, 0.0414, 0
21:07:09.733,10527,logger,31,INFO,5554, 0.0421, 0
21:07:09.733,10528,logger,31,INFO,5552, 0.0408, 0
21:07:09.786,10581,logger,31,INFO,5553, 0.0414, 0
21:07:09.787,10582,logger,31,INFO,5554, 0.0421, 0
21:07:09.788,10583,logger,31,INFO,5551, 0.0402, 0
21:07:09.788,10583,logger,31,INFO,5553, 0.0414, 0
21:07:09.788,10583,logger,31,INFO,5553, 0.0414, 0
21:07:09.842,10637,logger,31,INFO,5551, 0.0402, 0
21:07:09.843,10638,logger,31,INFO,5549, 0.0390, 0
21:07:09.843,10638,logger,31,INFO,5551, 0.0402, 0
21:07:09.843,10638,logger,31,INFO,5553, 0.0414, 0
21:07:09.844,10639,logger,31,INFO,5552, 0.0408, 0
21:07:09.902,10696,logger,31,INFO,5552, 0.0408, 0
21:07:09.902,10697,logger,31,INFO,5552, 0.0408, 0
21:07:09.903,10698,logger,31,INFO,5551, 0.0402, 0
21:07:09.903,10698,logger,31,INFO,5553, 0.0414, 0
21:07:09.903,10698,logger,31,INFO,5552, 0.0408, 0
21:07:09.904,10698,logger,31,INFO,5552, 0.0408, 0
21:07:09.961,10756,logger,31,INFO,5552, 0.0408, 0
21:07:09.961,10756,logger,31,INFO,5554, 0.0421, 0
21:07:09.961,10756,logger,31,INFO,5552, 0.0408, 0
21:07:09.962,10757,logger,31,INFO,5551, 0.0402, 0
21:07:09.962,10757,logger,31,INFO,5551, 0.0402, 0
21:07:10.017,10811,logger,31,INFO,5551, 0.0402, 0
21:07:10.017,10812,logger,31,INFO,5549, 0.0390, 0
21:07:10.017,10812,logger,31,INFO,5552, 0.0408, 0
21:07:10.018,10813,logger,31,INFO,5550, 0.0396, 0
21:07:10.018,10813,logger,31,INFO,5551, 0.0402, 0
21:07:10.018,10813,logger,31,INFO,5551, 0.0402, 0
21:07:10.077,10872,logger,31,INFO,5552, 0.0408, 0
21:07:10.077,10872,logger,31,INFO,5553, 0.0414, 0
21:07:10.078,10873,logger,31,INFO,5552, 0.0408, 0
21:07:10.079,10874,logger,31,INFO,5552, 0.0408, 0
21:07:10.079,10874,logger,31,INFO,5551, 0.0402, 0
21:07:10.127,10922,logger,31,INFO,5551, 0.0402, 0
21:07:10.128,10923,logger,31,INFO,5551, 0.0402, 0
21:07:10.128,10923,logger,31,INFO,5553, 0.0414, 0
21:07:10.128,10923,logger,31,INFO,5553, 0.0414, 0
21:07:10.129,10923,logger,31,INFO,5551, 0.0402, 0
21:07:10.184,10979,logger,31,INFO,5552, 0.0408, 0
21:07:10.185,10980,logger,31,INFO,5551, 0.0402, 0
21:07:10.185,10980,logger,31,INFO,5551, 0.0402, 0
21:07:10.186,10981,logger,31,INFO,5550, 0.0396, 0
21:07:10.186,10981,logger,31,INFO,5551, 0.0402, 0
21:07:10.244,11039,logger,31,INFO,5551, 0.0402, 0
21:07:10.245,11039,logger,31,INFO,5550, 0.0396, 0
21:07:10.245,11040,logger,31,INFO,5550, 0.0396, 0
21:07:10.245,11040,logger,31,INFO,5552, 0.0408, 0
21:07:10.245,11040,logger,31,INFO,5553, 0.0414, 0
21:07:10.302,11097,logger,31,INFO,5552, 0.0408, 0
21:07:10.303,11098,logger,31,INFO,5552, 0.0408, 0
21:07:10.303,11098,logger,31,INFO,5553, 0.0414, 0
21:07:10.304,11099,logger,31,INFO,5552, 0.0408, 0
21:07:10.304,11099,logger,31,INFO,5553, 0.0414, 0
21:07:10.304,11099,logger,31,INFO,5551, 0.0402, 0
21:07:10.363,11158,logger,31,INFO,5551, 0.0402, 0
21:07:10.364,11159,logger,31,INFO,5552, 0.0408, 0
21:07:10.364,11159,logger,31,INFO,5556, 0.0433, 0
21:07:10.365,11160,logger,31,INFO,5555, 0.0427, 0
21:07:10.365,11160,logger,31,INFO,5564, 0.0482, 0
21:07:10.413,11208,logger,31,INFO,5569, 0.0512, 0
21:07:10.414,11209,logger,31,INFO,5574, 0.0542, 0
21:07:10.414,11209,logger,31,INFO,5579, 0.0573, 0
21:07:10.414,11209,logger,31,INFO,5583, 0.0597, 0
21:07:10.415,11210,logger,31,INFO,5588, 0.0628, 0
21:07:10.468,11263,logger,31,INFO,5597, 0.0683, 0
21:07:10.468,11263,logger,31,INFO,5602, 0.0713, 0
21:07:10.469,11264,logger,31,INFO,5637, 0.0927, 0
21:07:10.469,11264,logger,31,INFO,5663, 0.1085, 0
21:07:10.469,11264,logger,31,INFO,5699, 0.1304, 0
21:07:10.525,11320,logger,31,INFO,5782, 0.1810, 0
21:07:10.526,11321,logger,31,INFO,5841, 0.2170, 0
21:07:10.527,11322,logger,31,INFO,5885, 0.2438, 0
21:07:10.527,11322,logger,31,INFO,6005, 0.3170, 0
21:07:10.527,11322,logger,31,INFO,6080, 0.3627, 0
21:07:10.575,11370,logger,31,INFO,6227, 0.4523, 0
21:07:10.575,11370,logger,31,INFO,6303, 0.4986, 0
21:07:10.576,11371,logger,31,INFO,6400, 0.5577, 0
21:07:10.576,11371,logger,31,INFO,6611, 0.6864, 0
21:07:10.576,11371,logger,31,INFO,6714, 0.7491, 0
21:07:10.629,11424,logger,31,INFO,6989, 0.9168, 0
21:07:10.630,11425,logger,31,INFO,7134, 1.0051, 0
21:07:10.631,11426,logger,31,INFO,7273, 1.0899, 0
21:07:10.631,11426,logger,31,INFO,7585, 1.2801, 0
21:07:10.687,11482,logger,31,INFO,7758, 1.3855, 0
21:07:10.687,11482,logger,31,INFO,8103, 1.5958, 0
21:07:10.687,11482,logger,31,INFO,8263, 1.6933, 0
21:07:10.688,11482,logger,31,INFO,8470, 1.8195, 0
21:07:10.688,11483,logger,31,INFO,8856, 2.0548, 0
21:07:10.688,11483,logger,31,INFO,9052, 2.1743, 0
21:07:10.742,11537,logger,31,INFO,9472, 2.4303, 0
21:07:10.742,11537,logger,31,INFO,9697, 2.5674, 0
21:07:10.743,11538,logger,31,INFO,9903, 2.6930, 0
21:07:10.743,11538,logger,31,INFO,10384, 2.9862, 0
21:07:10.743,11538,logger,31,INFO,10615, 3.1270, 0
21:07:10.798,11593,logger,31,INFO,11100, 3.4226, 0
21:07:10.799,11594,logger,31,INFO,11346, 3.5726, 0
21:07:10.800,11595,logger,31,INFO,11596, 3.7250, 0
21:07:10.800,11595,logger,31,INFO,12106, 4.0358, 0
21:07:10.801,11595,logger,31,INFO,12380, 4.2028, 0
21:07:10.852,11647,logger,31,INFO,12887, 4.5119, 0
21:07:10.852,11647,logger,31,INFO,13123, 4.6557, 0
21:07:10.853,11648,logger,31,INFO,13374, 4.8087, 0
21:07:10.853,11648,logger,31,INFO,13852, 5.1001, 1
21:07:10.853,11648,logger,31,INFO,14084, 5.2415, 1
21:07:10.916,11711,logger,31,INFO,14329, 5.3909, 1
21:07:10.917,11712,logger,31,INFO,14834, 5.6987, 1
21:07:10.917,11712,logger,31,INFO,15049, 5.8297, 1
21:07:10.918,11713,logger,31,INFO,15513, 6.1126, 1
21:07:10.919,11713,logger,31,INFO,15745, 6.2540, 1
21:07:10.983,11778,logger,31,INFO,15952, 6.3802, 1
21:07:10.984,11779,logger,31,INFO,16362, 6.6301, 1
21:07:10.984,11779,logger,31,INFO,16589, 6.7684, 1
21:07:10.984,11779,logger,31,INFO,16957, 6.9928, 1
21:07:10.985,11780,logger,31,INFO,17108, 7.0848, 1
21:07:11.042,11837,logger,31,INFO,17297, 7.2000, 1
21:07:11.043,11838,logger,31,INFO,17616, 7.3944, 1
21:07:11.043,11838,logger,31,INFO,17754, 7.4786, 1
21:07:11.044,11839,logger,31,INFO,18048, 7.6578, 1
21:07:11.044,11839,logger,31,INFO,18209, 7.7559, 1
21:07:11.045,11840,logger,31,INFO,18315, 7.8205, 1
21:07:11.045,11840,logger,31,INFO,18556, 7.9674, 1
21:07:11.095,11890,logger,31,INFO,18678, 8.0418, 1
21:07:11.096,11891,logger,31,INFO,18867, 8.1570, 1
21:07:11.096,11891,logger,31,INFO,18947, 8.2058, 1
21:07:11.096,11891,logger,31,INFO,19039, 8.2618, 1
21:07:11.096,11891,logger,31,INFO,19175, 8.3447, 1
21:07:11.152,11947,logger,31,INFO,19226, 8.3758, 1
21:07:11.153,11948,logger,31,INFO,19329, 8.4386, 1
21:07:11.153,11948,logger,31,INFO,19378, 8.4685, 1
21:07:11.153,11948,logger,31,INFO,19414, 8.4904, 1
21:07:11.153,11948,logger,31,INFO,19473, 8.5264, 1
21:07:11.207,12002,logger,31,INFO,19491, 8.5374, 1
21:07:11.208,12003,logger,31,INFO,19504, 8.5453, 1
21:07:11.208,12003,logger,31,INFO,19505, 8.5459, 1
21:07:11.209,12004,logger,31,INFO,19489, 8.5361, 1
21:07:11.262,12057,logger,31,INFO,19435, 8.5032, 1
21:07:11.263,12058,logger,31,INFO,19413, 8.4898, 1
21:07:11.263,12058,logger,31,INFO,19315, 8.4301, 1
21:07:11.263,12058,logger,31,INFO,19222, 8.3734, 1
21:07:11.264,12059,logger,31,INFO,19175, 8.3447, 1
21:07:11.264,12059,logger,31,INFO,19011, 8.2448, 1
21:07:11.320,12115,logger,31,INFO,18882, 8.1661, 1
21:07:11.321,12116,logger,31,INFO,18813, 8.1241, 1
21:07:11.321,12116,logger,31,INFO,18571, 7.9766, 1
21:07:11.321,12116,logger,31,INFO,18370, 7.8540, 1
21:07:11.322,12117,logger,31,INFO,18049, 7.6584, 1
21:07:11.376,12171,logger,31,INFO,17940, 7.5919, 1
21:07:11.376,12171,logger,31,INFO,17685, 7.4365, 1
21:07:11.377,12172,logger,31,INFO,17260, 7.1774, 1
21:07:11.377,12172,logger,31,INFO,17147, 7.1086, 1
21:07:11.378,12172,logger,31,INFO,16694, 6.8324, 1
21:07:11.438,12233,logger,31,INFO,16350, 6.6228, 1
21:07:11.439,12234,logger,31,INFO,16206, 6.5350, 1
21:07:11.439,12234,logger,31,INFO,15686, 6.2180, 1
21:07:11.439,12234,logger,31,INFO,15296, 5.9803, 1
21:07:11.440,12235,logger,31,INFO,14680, 5.6048, 1
21:07:11.498,12293,logger,31,INFO,14521, 5.5079, 1
21:07:11.499,12294,logger,31,INFO,14084, 5.2415, 1
21:07:11.499,12294,logger,31,INFO,13493, 4.8813, 0
21:07:11.500,12295,logger,31,INFO,13325, 4.7789, 0
21:07:11.500,12295,logger,31,INFO,12739, 4.4217, 0
21:07:11.500,12295,logger,31,INFO,12293, 4.1498, 0
21:07:11.550,12345,logger,31,INFO,12157, 4.0669, 0
21:07:11.551,12345,logger,31,INFO,11588, 3.7201, 0
21:07:11.552,12346,logger,31,INFO,11170, 3.4653, 0
21:07:11.552,12347,logger,31,INFO,11031, 3.3806, 0
21:07:11.552,12347,logger,31,INFO,10486, 3.0484, 0
21:07:11.599,12394,logger,31,INFO,10064, 2.7911, 0
21:07:11.599,12394,logger,31,INFO,9556, 2.4815, 0
21:07:11.600,12395,logger,31,INFO,9448, 2.4156, 0
21:07:11.600,12395,logger,31,INFO,9070, 2.1852, 0
21:07:11.669,12464,logger,31,INFO,8606, 1.9024, 0
21:07:11.669,12464,logger,31,INFO,8498, 1.8366, 0
21:07:11.670,12464,logger,31,INFO,8062, 1.5708, 0
21:07:11.671,12466,logger,31,INFO,7730, 1.3684, 0
21:07:11.671,12466,logger,31,INFO,7653, 1.3215, 0
21:07:11.672,12466,logger,31,INFO,7279, 1.0935, 0
21:07:11.734,12529,logger,31,INFO,7015, 0.9326, 0
21:07:11.734,12529,logger,31,INFO,6720, 0.7528, 0
21:07:11.735,12530,logger,31,INFO,6656, 0.7138, 0
21:07:11.735,12530,logger,31,INFO,6448, 0.5870, 0
21:07:11.735,12530,logger,31,INFO,6232, 0.4553, 0
21:07:11.735,12530,logger,31,INFO,6194, 0.4322, 0
21:07:11.790,12585,logger,31,INFO,6016, 0.3237, 0
21:07:11.790,12585,logger,31,INFO,5901, 0.2536, 0
21:07:11.790,12585,logger,31,INFO,5872, 0.2359, 0
21:07:11.791,12586,logger,31,INFO,5776, 0.1774, 0
21:07:11.791,12586,logger,31,INFO,5735, 0.1524, 0
21:07:11.849,12643,logger,31,INFO,5729, 0.1487, 0
21:07:11.849,12644,logger,31,INFO,5720, 0.1432, 0
21:07:11.849,12644,logger,31,INFO,5719, 0.1426, 0
21:07:11.850,12645,logger,31,INFO,5721, 0.1439, 0
21:07:11.850,12645,logger,31,INFO,5721, 0.1439, 0
21:07:11.901,12695,logger,31,INFO,5720, 0.1432, 0
21:07:11.902,12697,logger,31,INFO,5721, 0.1439, 0
21:07:11.902,12697,logger,31,INFO,5720, 0.1432, 0
21:07:11.902,12697,logger,31,INFO,5720, 0.1432, 0
21:07:11.903,12698,logger,31,INFO,5722, 0.1445, 0
21:07:11.970,12765,logger,31,INFO,5722, 0.1445, 0
21:07:11.971,12766,logger,31,INFO,5721, 0.1439, 0
21:07:11.972,12766,logger,31,INFO,5719, 0.1426, 0
21:07:11.972,12767,logger,31,INFO,5720, 0.1432, 0
21:07:11.972,12767,logger,31,INFO,5720, 0.1432, 0
21:07:11.973,12768,logger,31,INFO,5717, 0.1414, 0
21:07:12.019,12814,logger,31,INFO,5721, 0.1439, 0
21:07:12.019,12814,logger,31,INFO,5719, 0.1426, 0
21:07:12.020,12815,logger,31,INFO,5721, 0.1439, 0
21:07:12.020,12815,logger,31,INFO,5718, 0.1420, 0
21:07:12.020,12815,logger,31,INFO,5720, 0.1432, 0
21:07:12.075,12870,logger,31,INFO,5719, 0.1426, 0
21:07:12.075,12870,logger,31,INFO,5718, 0.1420, 0
21:07:12.075,12870,logger,31,INFO,5719, 0.1426, 0
21:07:12.076,12871,logger,31,INFO,5718, 0.1420, 0
21:07:12.076,12871,logger,31,INFO,5718, 0.1420, 0
21:07:12.129,12924,logger,31,INFO,5715, 0.1402, 0
21:07:12.129,12924,logger,31,INFO,5715, 0.1402, 0
21:07:12.130,12925,logger,31,INFO,5719, 0.1426, 0
21:07:12.130,12925,logger,31,INFO,5716, 0.1408, 0
21:07:12.184,12979,logger,31,INFO,5719, 0.1426, 0
21:07:12.185,12980,logger,31,INFO,5716, 0.1408, 0
21:07:12.185,12980,logger,31,INFO,5715, 0.1402, 0
21:07:12.185,12980,logger,31,INFO,5717, 0.1414, 0
21:07:12.186,12981,logger,31,INFO,5716, 0.1408, 0
21:07:12.187,12982,logger,31,INFO,5717, 0.1414, 0
21:07:12.259,13054,logger,31,INFO,5717, 0.1414, 0
21:07:12.260,13055,logger,31,INFO,5715, 0.1402, 0
21:07:12.260,13055,logger,31,INFO,5713, 0.1390, 0
21:07:12.260,13055,logger,31,INFO,5713, 0.1390, 0
21:07:12.261,13056,logger,31,INFO,5717, 0.1414, 0
21:07:12.318,13113,logger,31,INFO,5717, 0.1414, 0
21:07:12.319,13114,logger,31,INFO,5713, 0.1390, 0
21:07:12.320,13115,logger,31,INFO,5715, 0.1402, 0
21:07:12.320,13115,logger,31,INFO,5713, 0.1390, 0
21:07:12.321,13116,logger,31,INFO,5714, 0.1396, 0
21:07:12.321,13116,logger,31,INFO,5713, 0.1390, 0
21:07:12.375,13170,logger,31,INFO,5712, 0.1384, 0
21:07:12.376,13171,logger,31,INFO,5712, 0.1384, 0
21:07:12.376,13171,logger,31,INFO,5713, 0.1390, 0
21:07:12.376,13171,logger,31,INFO,5711, 0.1378, 0
21:07:12.377,13171,logger,31,INFO,5710, 0.1371, 0
21:07:12.429,13224,logger,31,INFO,5711, 0.1378, 0
21:07:12.430,13225,logger,31,INFO,5713, 0.1390, 0
21:07:12.430,13225,logger,31,INFO,5711, 0.1378, 0
21:07:12.431,13226,logger,31,INFO,5710, 0.1371, 0
21:07:12.431,13226,logger,31,INFO,5711, 0.1378, 0
21:07:12.431,13226,logger,31,INFO,5713, 0.1390, 0
21:07:12.481,13276,logger,31,INFO,5710, 0.1371, 0
21:07:12.481,13276,logger,31,INFO,5706, 0.1347, 0
21:07:12.482,13277,logger,31,INFO,5708, 0.1359, 0
21:07:12.482,13277,logger,31,INFO,5709, 0.1365, 0
21:07:12.530,13325,logger,31,INFO,5707, 0.1353, 0
21:07:12.530,13325,logger,31,INFO,5707, 0.1353, 0
21:07:12.531,13325,logger,31,INFO,5708, 0.1359, 0
21:07:12.531,13326,logger,31,INFO,5705, 0.1341, 0
21:07:12.531,13326,logger,31,INFO,5705, 0.1341, 0
21:07:12.587,13382,logger,31,INFO,5708, 0.1359, 0
21:07:12.587,13382,logger,31,INFO,5704, 0.1335, 0
21:07:12.588,13382,logger,31,INFO,5708, 0.1359, 0
21:07:12.588,13383,logger,31,INFO,5704, 0.1335, 0
21:07:12.588,13383,logger,31,INFO,5706, 0.1347, 0
21:07:12.653,13448,logger,31,INFO,5705, 0.1341, 0
21:07:12.654,13449,logger,31,INFO,5704, 0.1335, 0
21:07:12.654,13449,logger,31,INFO,5703, 0.1329, 0
21:07:12.654,13449,logger,31,INFO,5704, 0.1335, 0
21:07:12.655,13450,logger,31,INFO,5703, 0.1329, 0
21:07:12.655,13450,logger,31,INFO,5703, 0.1329, 0
21:07:12.707,13502,logger,31,INFO,5702, 0.1323, 0
21:07:12.707,13502,logger,31,INFO,5702, 0.1323, 0
21:07:12.708,13502,logger,31,INFO,5704, 0.1335, 0
21:07:12.709,13503,logger,31,INFO,5703, 0.1329, 0
21:07:12.760,13555,logger,31,INFO,5701, 0.1317, 0
21:07:12.761,13556,logger,31,INFO,5701, 0.1317, 0
21:07:12.762,13557,logger,31,INFO,5698, 0.1298, 0
21:07:12.762,13557,logger,31,INFO,5699, 0.1304, 0
21:07:12.762,13557,logger,31,INFO,5698, 0.1298, 0
21:07:12.824,13619,logger,31,INFO,5698, 0.1298, 0
21:07:12.825,13619,logger,31,INFO,5698, 0.1298, 0
21:07:12.825,13620,logger,31,INFO,5700, 0.1311, 0
21:07:12.825,13620,logger,31,INFO,5696, 0.1286, 0
21:07:12.826,13621,logger,31,INFO,5698, 0.1298, 0
21:07:12.826,13621,logger,31,INFO,5695, 0.1280, 0
21:07:12.882,13677,logger,31,INFO,5695, 0.1280, 0
21:07:12.883,13678,logger,31,INFO,5696, 0.1286, 0
21:07:12.883,13678,logger,31,INFO,5695, 0.1280, 0
21:07:12.884,13679,logger,31,INFO,5694, 0.1274, 0
21:07:12.884,13679,logger,31,INFO,5694, 0.1274, 0
21:07:12.945,13740,logger,31,INFO,5692, 0.1262, 0
21:07:12.945,13740,logger,31,INFO,5691, 0.1256, 0
21:07:12.947,13742,logger,31,INFO,5691, 0.1256, 0
21:07:12.947,13742,logger,31,INFO,5690, 0.1250, 0
21:07:12.947,13742,logger,31,INFO,5691, 0.1256, 0
21:07:12.948,13742,logger,31,INFO,5690, 0.1250, 0
21:07:12.997,13792,logger,31,INFO,5693, 0.1268, 0
21:07:12.997,13792,logger,31,INFO,5691, 0.1256, 0
21:07:12.997,13792,logger,31,INFO,5689, 0.1243, 0
21:07:12.998,13793,logger,31,INFO,5687, 0.1231, 0
21:07:12.998,13793,logger,31,INFO,5688, 0.1237, 0
21:07:13.053,13848,logger,31,INFO,5688, 0.1237, 0
21:07:13.054,13849,logger,31,INFO,5686, 0.1225, 0
21:07:13.054,13849,logger,31,INFO,5685, 0.1219, 0
21:07:13.055,13850,logger,31,INFO,5686, 0.1225, 0
21:07:13.055,13850,logger,31,INFO,5689, 0.1243, 0
21:07:13.117,13912,logger,31,INFO,5685, 0.1219, 0
21:07:13.118,13913,logger,31,INFO,5683, 0.1207, 0
21:07:13.118,13913,logger,31,INFO,5683, 0.1207, 0
21:07:13.119,13914,logger,31,INFO,5682, 0.1201, 0
21:07:13.119,13914,logger,31,INFO,5686, 0.1225, 0
21:07:13.189,13984,logger,31,INFO,5683, 0.1207, 0
21:07:13.189,13984,logger,31,INFO,5684, 0.1213, 0
21:07:13.190,13984,logger,31,INFO,5680, 0.1189, 0
21:07:13.190,13985,logger,31,INFO,5680, 0.1189, 0
21:07:13.190,13985,logger,31,INFO,5679, 0.1183, 0
21:07:13.191,13985,logger,31,INFO,5679, 0.1183, 0
21:07:13.246,14041,logger,31,INFO,5678, 0.1176, 0
21:07:13.247,14042,logger,31,INFO,5678, 0.1176, 0
21:07:13.247,14042,logger,31,INFO,5677, 0.1170, 0
21:07:13.247,14042,logger,31,INFO,5680, 0.1189, 0
21:07:13.248,14043,logger,31,INFO,5677, 0.1170, 0
21:07:13.249,14044,logger,31,INFO,5676, 0.1164, 0
21:07:13.308,14103,logger,31,INFO,5676, 0.1164, 0
21:07:13.309,14104,logger,31,INFO,5678, 0.1176, 0
21:07:13.310,14104,logger,31,INFO,5675, 0.1158, 0
21:07:13.310,14105,logger,31,INFO,5675, 0.1158, 0
21:07:13.310,14105,logger,31,INFO,5672, 0.1140, 0
21:07:13.365,14160,logger,31,INFO,5674, 0.1152, 0
21:07:13.366,14161,logger,31,INFO,5674, 0.1152, 0
21:07:13.366,14161,logger,31,INFO,5671, 0.1134, 0
21:07:13.367,14162,logger,31,INFO,5671, 0.1134, 0
21:07:13.367,14162,logger,31,INFO,5672, 0.1140, 0
21:07:13.418,14213,logger,31,INFO,5671, 0.1134, 0
21:07:13.419,14214,logger,31,INFO,5668, 0.1115, 0
21:07:13.419,14214,logger,31,INFO,5670, 0.1128, 0
21:07:13.419,14214,logger,31,INFO,5669, 0.1122, 0
21:07:13.420,14215,logger,31,INFO,5668, 0.1115, 0
21:07:13.493,14288,logger,31,INFO,5668, 0.1115, 0
21:07:13.494,14289,logger,31,INFO,5666, 0.1103, 0
21:07:13.495,14290,logger,31,INFO,5665, 0.1097, 0
21:07:13.495,14290,logger,31,INFO,5665, 0.1097, 0
21:07:13.496,14291,logger,31,INFO,5665, 0.1097, 0
21:07:13.496,14291,logger,31,INFO,5663, 0.1085, 0
21:07:13.550,14344,logger,31,INFO,5665, 0.1097, 0
21:07:13.550,14345,logger,31,INFO,5664, 0.1091, 0
21:07:13.550,14345,logger,31,INFO,5663, 0.1085, 0
21:07:13.551,14346,logger,31,INFO,5664, 0.1091, 0
21:07:13.551,14346,logger,31,INFO,5660, 0.1067, 0
21:07:13.605,14399,logger,31,INFO,5663, 0.1085, 0
21:07:13.606,14401,logger,31,INFO,5660, 0.1067, 0
21:07:13.606,14401,logger,31,INFO,5661, 0.1073, 0
21:07:13.606,14401,logger,31,INFO,5658, 0.1055, 0
21:07:13.606,14401,logger,31,INFO,5658, 0.1055, 0
21:07:13.607,14402,logger,31,INFO,5658, 0.1055, 0
21:07:13.663,14458,logger,31,INFO,5658, 0.1055, 0
21:07:13.664,14458,logger,31,INFO,5657, 0.1048, 0
21:07:13.664,14459,logger,31,INFO,5658, 0.1055, 0
21:07:13.664,14459,logger,31,INFO,5654, 0.1030, 0
21:07:13.665,14460,logger,31,INFO,5656, 0.1042, 0
21:07:13.720,14515,logger,31,INFO,5656, 0.1042, 0
21:07:13.720,14515,logger,31,INFO,5653, 0.1024, 0
21:07:13.721,14516,logger,31,INFO,5652, 0.1018, 0
21:07:13.721,14516,logger,31,INFO,5653, 0.1024, 0
21:07:13.721,14516,logger,31,INFO,5651, 0.1012, 0
21:07:13.775,14570,logger,31,INFO,5651, 0.1012, 0
21:07:13.776,14571,logger,31,INFO,5650, 0.1006, 0
21:07:13.777,14572,logger,31,INFO,5650, 0.1006, 0
21:07:13.777,14572,logger,31,INFO,5650, 0.1006, 0
21:07:13.828,14623,logger,31,INFO,5648, 0.0994, 0
21:07:13.828,14623,logger,31,INFO,5648, 0.0994, 0
21:07:13.828,14623,logger,31,INFO,5648, 0.0994, 0
21:07:13.829,14624,logger,31,INFO,5647, 0.0987, 0
21:07:13.829,14624,logger,31,INFO,5647, 0.0987, 0
21:07:13.829,14624,logger,31,INFO,5642, 0.0957, 0
21:07:13.912,14706,logger,31,INFO,5646, 0.0981, 0
21:07:13.912,14707,logger,31,INFO,5645, 0.0975, 0
21:07:13.913,14708,logger,31,INFO,5644, 0.0969, 0
21:07:13.913,14708,logger,31,INFO,5643, 0.0963, 0
21:07:13.914,14709,logger,31,INFO,5643, 0.0963, 0
21:07:13.964,14759,logger,31,INFO,5643, 0.0963, 0
21:07:13.964,14759,logger,31,INFO,5641, 0.0951, 0
21:07:13.965,14760,logger,31,INFO,5640, 0.0945, 0
21:07:13.965,14760,logger,31,INFO,5639, 0.0939, 0
21:07:13.965,14760,logger,31,INFO,5639, 0.0939, 0
21:07:13.966,14761,logger,31,INFO,5637, 0.0927, 0
21:07:13.966,14761,logger,31,INFO,5638, 0.0933, 0
21:07:14.018,14813,logger,31,INFO,5637, 0.0927, 0
21:07:14.019,14814,logger,31,INFO,5638, 0.0933, 0
21:07:14.020,14815,logger,31,INFO,5636, 0.0920, 0
21:07:14.020,14815,logger,31,INFO,5635, 0.0914, 0
21:07:14.074,14869,logger,31,INFO,5636, 0.0920, 0
21:07:14.075,14870,logger,31,INFO,5634, 0.0908, 0
21:07:14.076,14871,logger,31,INFO,5635, 0.0914, 0
21:07:14.076,14871,logger,31,INFO,5632, 0.0896, 0
21:07:14.077,14872,logger,31,INFO,5632, 0.0896, 0
21:07:14.077,14872,logger,31,INFO,5630, 0.0884, 0
21:07:14.130,14925,logger,31,INFO,5630, 0.0884, 0
21:07:14.130,14925,logger,31,INFO,5630, 0.0884, 0
21:07:14.131,14926,logger,31,INFO,5631, 0.0890, 0
21:07:14.131,14926,logger,31,INFO,5629, 0.0878, 0
21:07:14.132,14927,logger,31,INFO,5627, 0.0866, 0
21:07:14.184,14979,logger,31,INFO,5628, 0.0872, 0
21:07:14.185,14980,logger,31,INFO,5627, 0.0866, 0
21:07:14.185,14980,logger,31,INFO,5625, 0.0853, 0
21:07:14.186,14980,logger,31,INFO,5626, 0.0859, 0
21:07:14.186,14981,logger,31,INFO,5628, 0.0872, 0
21:07:14.237,15032,logger,31,INFO,5622, 0.0835, 0
21:07:14.238,15033,logger,31,INFO,5624, 0.0847, 0
21:07:14.239,15033,logger,31,INFO,5623, 0.0841, 0
21:07:14.239,15034,logger,31,INFO,5622, 0.0835, 0
21:07:14.296,15091,logger,31,INFO,5620, 0.0823, 0
21:07:14.297,15091,logger,31,INFO,5621, 0.0829, 0
21:07:14.297,15092,logger,31,INFO,5622, 0.0835, 0
21:07:14.297,15092,logger,31,INFO,5617, 0.0805, 0
21:07:14.297,15092,logger,31,INFO,5619, 0.0817, 0
21:07:14.298,15093,logger,31,INFO,5619, 0.0817, 0
21:07:14.351,15146,logger,31,INFO,5618, 0.0811, 0
21:07:14.353,15147,logger,31,INFO,5619, 0.0817, 0
21:07:14.353,15148,logger,31,INFO,5619, 0.0817, 0
21:07:14.353,15148,logger,31,INFO,5617, 0.0805, 0
21:07:14.438,15233,logger,31,INFO,5614, 0.0786, 0
21:07:14.439,15234,logger,31,INFO,5615, 0.0792, 0
21:07:14.439,15234,logger,31,INFO,5614, 0.0786, 0
21:07:14.439,15234,logger,31,INFO,5612, 0.0774, 0
21:07:14.440,15235,logger,31,INFO,5612, 0.0774, 0
21:07:14.440,15235,logger,31,INFO,5612, 0.0774, 0
21:07:14.440,15235,logger,31,INFO,5611, 0.0768, 0
21:07:14.441,15236,logger,31,INFO,5612, 0.0774, 0
21:07:14.499,15294,logger,31,INFO,5611, 0.0768, 0
21:07:14.500,15295,logger,31,INFO,5612, 0.0774, 0
21:07:14.500,15295,logger,31,INFO,5607, 0.0744, 0
21:07:14.501,15295,logger,31,INFO,5606, 0.0738, 0
21:07:14.501,15296,logger,31,INFO,5611, 0.0768, 0
21:07:14.501,15296,logger,31,INFO,5609, 0.0756, 0
21:07:14.555,15350,logger,31,INFO,5608, 0.0750, 0
21:07:14.555,15350,logger,31,INFO,5606, 0.0738, 0
21:07:14.556,15351,logger,31,INFO,5605, 0.0731, 0
21:07:14.557,15351,logger,31,INFO,5606, 0.0738, 0
21:07:14.557,15352,logger,31,INFO,5604, 0.0725, 0
21:07:14.617,15412,logger,31,INFO,5607, 0.0744, 0
21:07:14.618,15413,logger,31,INFO,5605, 0.0731, 0
21:07:14.618,15413,logger,31,INFO,5604, 0.0725, 0
21:07:14.618,15413,logger,31,INFO,5605, 0.0731, 0
21:07:14.619,15414,logger,31,INFO,5603, 0.0719, 0
21:07:14.673,15467,logger,31,INFO,5602, 0.0713, 0
21:07:14.673,15468,logger,31,INFO,5603, 0.0719, 0
21:07:14.674,15469,logger,31,INFO,5600, 0.0701, 0
21:07:14.674,15469,logger,31,INFO,5602, 0.0713, 0
21:07:14.674,15469,logger,31,INFO,5599, 0.0695, 0
21:07:14.675,15469,logger,31,INFO,5600, 0.0701, 0
21:07:14.728,15523,logger,31,INFO,5599, 0.0695, 0
21:07:14.729,15524,logger,31,INFO,5599, 0.0695, 0
21:07:14.729,15524,logger,31,INFO,5598, 0.0689, 0
21:07:14.729,15524,logger,31,INFO,5596, 0.0677, 0
21:07:14.779,15573,logger,31,INFO,5599, 0.0695, 0
21:07:14.780,15575,logger,31,INFO,5596, 0.0677, 0
21:07:14.780,15575,logger,31,INFO,5596, 0.0677, 0
21:07:14.780,15575,logger,31,INFO,5594, 0.0664, 0
21:07:14.781,15576,logger,31,INFO,5594, 0.0664, 0
21:07:14.833,15628,logger,31,INFO,5593, 0.0658, 0
21:07:14.834,15628,logger,31,INFO,5594, 0.0664, 0
21:07:14.834,15629,logger,31,INFO,5592, 0.0652, 0
21:07:14.834,15629,logger,31,INFO,5592, 0.0652, 0
21:07:14.834,15629,logger,31,INFO,5592, 0.0652, 0
21:07:14.882,15677,logger,31,INFO,5595, 0.0671, 0
21:07:14.884,15679,logger,31,INFO,5592, 0.0652, 0
21:07:14.884,15679,logger,31,INFO,5592, 0.0652, 0
21:07:14.885,15679,logger,31,INFO,5593, 0.0658, 0
21:07:14.885,15680,logger,31,INFO,5590, 0.0640, 0
21:07:14.931,15726,logger,31,INFO,5588, 0.0628, 0
21:07:14.932,15727,logger,31,INFO,5589, 0.0634, 0
21:07:14.932,15727,logger,31,INFO,5590, 0.0640, 0
21:07:14.932,15727,logger,31,INFO,5588, 0.0628, 0
21:07:14.982,15777,logger,31,INFO,5588, 0.0628, 0
21:07:14.983,15777,logger,31,INFO,5588, 0.0628, 0
21:07:14.983,15778,logger,31,INFO,5590, 0.0640, 0
21:07:14.984,15779,logger,31,INFO,5588, 0.0628, 0
21:07:14.984,15779,logger,31,INFO,5587, 0.0622, 0
21:07:15.040,15835,logger,31,INFO,5586, 0.0616, 0
21:07:15.040,15835,logger,31,INFO,5585, 0.0610, 0
21:07:15.041,15836,logger,31,INFO,5586, 0.0616, 0
21:07:15.041,15836,logger,31,INFO,5586, 0.0616, 0
21:07:15.041,15836,logger,31,INFO,5586, 0.0616, 0
21:07:15.096,15890,logger,31,INFO,5583, 0.0597, 0
21:07:15.097,15892,logger,31,INFO,5583, 0.0597, 0
21:07:15.097,15892,logger,31,INFO,5585, 0.0610, 0
21:07:15.097,15892,logger,31,INFO,5582, 0.0591, 0
21:07:15.098,15893,logger,31,INFO,5584, 0.0603, 0
21:07:15.152,15947,logger,31,INFO,5584, 0.0603, 0
21:07:15.153,15948,logger,31,INFO,5584, 0.0603, 0
21:07:15.153,15948,logger,31,INFO,5582, 0.0591, 0
21:07:15.154,15948,logger,31,INFO,5584, 0.0603, 0
21:07:15.207,16002,logger,31,INFO,5581, 0.0585, 0
21:07:15.208,16003,logger,31,INFO,5582, 0.0591, 0
21:07:15.208,16003,logger,31,INFO,5581, 0.0585, 0
21:07:15.209,16004,logger,31,INFO,5579, 0.0573, 0
21:07:15.209,16004,logger,31,INFO,5579, 0.0573, 0
21:07:15.209,16004,logger,31,INFO,5580, 0.0579, 0
21:07:15.262,16057,logger,31,INFO,5580, 0.0579, 0
21:07:15.263,16058,logger,31,INFO,5579, 0.0573, 0
21:07:15.263,16058,logger,31,INFO,5580, 0.0579, 0
21:07:15.263,16058,logger,31,INFO,5578, 0.0567, 0
21:07:15.264,16058,logger,31,INFO,5578, 0.0567, 0
21:07:15.315,16110,logger,31,INFO,5579, 0.0573, 0
21:07:15.316,16111,logger,31,INFO,5580, 0.0579, 0
21:07:15.316,16111,logger,31,INFO,5577, 0.0561, 0
21:07:15.316,16111,logger,31,INFO,5577, 0.0561, 0
21:07:15.365,16160,logger,31,INFO,5576, 0.0555, 0
21:07:15.366,16161,logger,31,INFO,5575, 0.0549, 0
21:07:15.366,16161,logger,31,INFO,5575, 0.0549, 0
21:07:15.366,16161,logger,31,INFO,5576, 0.0555, 0
21:07:15.366,16161,logger,31,INFO,5577, 0.0561, 0
21:07:15.420,16215,logger,31,INFO,5573, 0.0536, 0
21:07:15.421,16216,logger,31,INFO,5573, 0.0536, 0
21:07:15.421,16216,logger,31,INFO,5576, 0.0555, 0
21:07:15.421,16216,logger,31,INFO,5574, 0.0542, 0
21:07:15.469,16264,logger,31,INFO,5574, 0.0542, 0
21:07:15.469,16264,logger,31,INFO,5574, 0.0542, 0
21:07:15.470,16265,logger,31,INFO,5572, 0.0530, 0
21:07:15.470,16265,logger,31,INFO,5573, 0.0536, 0
21:07:15.470,16265,logger,31,INFO,5575, 0.0549, 0
21:07:15.523,16318,logger,31,INFO,5574, 0.0542, 0
21:07:15.524,16319,logger,31,INFO,5572, 0.0530, 0
21:07:15.525,16320,logger,31,INFO,5572, 0.0530, 0
21:07:15.525,16320,logger,31,INFO,5574, 0.0542, 0
21:07:15.525,16320,logger,31,INFO,5572, 0.0530, 0
21:07:15.583,16377,logger,31,INFO,5572, 0.0530, 0
21:07:15.583,16378,logger,31,INFO,5571, 0.0524, 0
21:07:15.583,16378,logger,31,INFO,5572, 0.0530, 0
21:07:15.584,16379,logger,31,INFO,5571, 0.0524, 0
21:07:15.584,16379,logger,31,INFO,5570, 0.0518, 0
21:07:15.639,16434,logger,31,INFO,5571, 0.0524, 0
21:07:15.640,16435,logger,31,INFO,5570, 0.0518, 0
21:07:15.640,16435,logger,31,INFO,5572, 0.0530, 0
21:07:15.641,16436,logger,31,INFO,5572, 0.0530, 0
21:07:15.641,16436,logger,31,INFO,5571, 0.0524, 0
21:07:15.690,16485,logger,31,INFO,5570, 0.0518, 0
21:07:15.691,16486,logger,31,INFO,5571, 0.0524, 0
21:07:15.691,16486,logger,31,INFO,5568, 0.0506, 0
21:07:15.691,16486,logger,31,INFO,5569, 0.0512, 0
21:07:15.692,16487,logger,31,INFO,5568, 0.0506, 0
21:07:15.740,16535,logger,31,INFO,5571, 0.0524, 0
21:07:15.741,16536,logger,31,INFO,5567, 0.0500, 0
21:07:15.741,16536,logger,31,INFO,5569, 0.0512, 0
21:07:15.742,16536,logger,31,INFO,5567, 0.0500, 0
21:07:15.797,16592,logger,31,INFO,5568, 0.0506, 0
21:07:15.798,16593,logger,31,INFO,5569, 0.0512, 0
21:07:15.798,16593,logger,31,INFO,5569, 0.0512, 0
21:07:15.798,16593,logger,31,INFO,5571, 0.0524, 0
21:07:15.799,16594,logger,31,INFO,5569, 0.0512, 0
21:07:15.859,16654,logger,31,INFO,5568, 0.0506, 0
21:07:15.861,16655,logger,31,INFO,5569, 0.0512, 0
21:07:15.861,16656,logger,31,INFO,5570, 0.0518, 0
21:07:15.862,16657,logger,31,INFO,5570, 0.0518, 0
21:07:15.862,16657,logger,31,INFO,5567, 0.0500, 0
21:07:15.862,16657,logger,31,INFO,5567, 0.0500, 0
21:07:15.912,16707,logger,31,INFO,5568, 0.0506, 0
21:07:15.913,16708,logger,31,INFO,5567, 0.0500, 0
21:07:15.913,16708,logger,31,INFO,5567, 0.0500, 0
21:07:15.913,16708,logger,31,INFO,5568, 0.0506, 0
21:07:15.913,16708,logger,31,INFO,5567, 0.0500, 0
21:07:15.968,16763,logger,31,INFO,5567, 0.0500, 0
21:07:15.968,16763,logger,31,INFO,5565, 0.0488, 0
21:07:15.969,16764,logger,31,INFO,5567, 0.0500, 0
21:07:15.969,16764,logger,31,INFO,5567, 0.0500, 0
21:07:15.969,16764,logger,31,INFO,5566, 0.0494, 0
21:07:16.026,16821,logger,31,INFO,5568, 0.0506, 0
21:07:16.026,16821,logger,31,INFO,5567, 0.0500, 0
21:07:16.027,16822,logger,31,INFO,5568, 0.0506, 0
21:07:16.027,16822,logger,31,INFO,5566, 0.0494, 0
21:07:16.027,16822,logger,31,INFO,5568, 0.0506, 0
21:07:16.080,16875,logger,31,INFO,5566, 0.0494, 0
21:07:16.080,16875,logger,31,INFO,5567, 0.0500, 0
21:07:16.081,16876,logger,31,INFO,5567, 0.0500, 0
21:07:16.081,16876,logger,31,INFO,5568, 0.0506, 0
21:07:16.081,16876,logger,31,INFO,5566, 0.0494, 0
21:07:16.139,16934,logger,31,INFO,5565, 0.0488, 0
21:07:16.140,16935,logger,31,INFO,5568, 0.0506, 0
21:07:16.140,16935,logger,31,INFO,5566, 0.0494, 0
21:07:16.140,16935,logger,31,INFO,5564, 0.0482, 0
21:07:16.141,16936,logger,31,INFO,5565, 0.0488, 0
21:07:16.190,16984,logger,31,INFO,5564, 0.0482, 0
21:07:16.190,16985,logger,31,INFO,5567, 0.0500, 0
21:07:16.190,16985,logger,31,INFO,5566, 0.0494, 0
21:07:16.191,16986,logger,31,INFO,5564, 0.0482, 0
21:07:16.191,16986,logger,31,INFO,5568, 0.0506, 0
21:07:16.260,17055,logger,31,INFO,5567, 0.0500, 0
21:07:16.261,17056,logger,31,INFO,5566, 0.0494, 0
21:07:16.261,17056,logger,31,INFO,5563, 0.0475, 0
21:07:16.262,17057,logger,31,INFO,5567, 0.0500, 0
21:07:16.262,17057,logger,31,INFO,5563, 0.0475, 0
21:07:16.328,17123,logger,31,INFO,5564, 0.0482, 0
21:07:16.328,17123,logger,31,INFO,5565, 0.0488, 0
21:07:16.329,17124,logger,31,INFO,5565, 0.0488, 0
21:07:16.329,17124,logger,31,INFO,5565, 0.0488, 0
21:07:16.329,17124,logger,31,INFO,5564, 0.0482, 0
21:07:16.330,17125,logger,31,INFO,5565, 0.0488, 0
21:07:16.330,17125,logger,31,INFO,5566, 0.0494, 0
21:07:16.388,17183,logger,31,INFO,5566, 0.0494, 0
21:07:16.388,17183,logger,31,INFO,5563, 0.0475, 0
21:07:16.389,17184,logger,31,INFO,5565, 0.0488, 0
21:07:16.390,17184,logger,31,INFO,5564, 0.0482, 0
21:07:16.390,17185,logger,31,INFO,5565, 0.0488, 0
21:07:16.390,17185,logger,31,INFO,5563, 0.0475, 0
21:07:16.440,17235,logger,31,INFO,5566, 0.0494, 0
21:07:16.441,17236,logger,31,INFO,5566, 0.0494, 0
21:07:16.441,17236,logger,31,INFO,5564, 0.0482, 0
21:07:16.442,17237,logger,31,INFO,5563, 0.0475, 0
21:07:16.442,17237,logger,31,INFO,5565, 0.0488, 0
21:07:16.512,17306,logger,31,INFO,5564, 0.0482, 0
21:07:16.513,17308,logger,31,INFO,5563, 0.0475, 0
21:07:16.513,17308,logger,31,INFO,5564, 0.0482, 0
21:07:16.514,17308,logger,31,INFO,5563, 0.0475, 0
21:07:16.514,17309,logger,31,INFO,5563, 0.0475, 0
21:07:16.570,17365,logger,31,INFO,5566, 0.0494, 0
21:07:16.570,17365,logger,31,INFO,5563, 0.0475, 0
21:07:16.570,17365,logger,31,INFO,5565, 0.0488, 0
21:07:16.571,17366,logger,31,INFO,5565, 0.0488, 0
21:07:16.571,17366,logger,31,INFO,5565, 0.0488, 0
21:07:16.572,17367,logger,31,INFO,5563, 0.0475, 0
21:07:16.627,17422,logger,31,INFO,5564, 0.0482, 0
21:07:16.628,17423,logger,31,INFO,5563, 0.0475, 0
21:07:16.628,17423,logger,31,INFO,5561, 0.0463, 0
21:07:16.629,17424,logger,31,INFO,5565, 0.0488, 0
21:07:16.629,17424,logger,31,INFO,5564, 0.0482, 0
21:07:16.684,17479,logger,31,INFO,5563, 0.0475, 0
21:07:16.684,17479,logger,31,INFO,5564, 0.0482, 0
21:07:16.684,17479,logger,31,INFO,5563, 0.0475, 0
21:07:16.685,17480,logger,31,INFO,5564, 0.0482, 0
21:07:16.686,17481,logger,31,INFO,5561, 0.0463, 0
21:07:16.735,17530,logger,31,INFO,5563, 0.0475, 0
21:07:16.736,17531,logger,31,INFO,5564, 0.0482, 0
21:07:16.736,17531,logger,31,INFO,5562, 0.0469, 0
21:07:16.737,17532,logger,31,INFO,5565, 0.0488, 0
21:07:16.737,17532,logger,31,INFO,5563, 0.0475, 0
21:07:16.793,17588,logger,31,INFO,5563, 0.0475, 0
21:07:16.794,17588,logger,31,INFO,5564, 0.0482, 0
21:07:16.794,17589,logger,31,INFO,5566, 0.0494, 0
21:07:16.795,17590,logger,31,INFO,5561, 0.0463, 0
21:07:16.795,17590,logger,31,INFO,5562, 0.0469, 0
21:07:16.864,17659,logger,31,INFO,5563, 0.0475, 0
21:07:16.865,17660,logger,31,INFO,5563, 0.0475, 0
21:07:16.865,17660,logger,31,INFO,5560, 0.0457, 0
21:07:16.866,17661,logger,31,INFO,5564, 0.0482, 0
21:07:16.866,17661,logger,31,INFO,5562, 0.0469, 0
21:07:16.866,17661,logger,31,INFO,5564, 0.0482, 0
21:07:16.922,17717,logger,31,INFO,5563, 0.0475, 0
21:07:16.923,17718,logger,31,INFO,5563, 0.0475, 0
21:07:16.923,17718,logger,31,INFO,5561, 0.0463, 0
21:07:16.924,17719,logger,31,INFO,5561, 0.0463, 0
21:07:16.924,17719,logger,31,INFO,5562, 0.0469, 0
21:07:16.924,17719,logger,31,INFO,5562, 0.0469, 0
21:07:16.980,17775,logger,31,INFO,5561, 0.0463, 0
21:07:16.980,17775,logger,31,INFO,5564, 0.0482, 0
21:07:16.980,17775,logger,31,INFO,5562, 0.0469, 0
21:07:16.981,17776,logger,31,INFO,5562, 0.0469, 0
21:07:16.981,17776,logger,31,INFO,5561, 0.0463, 0
21:07:16.981,17776,logger,31,INFO,5565, 0.0488, 0
21:07:17.034,17829,logger,31,INFO,5562, 0.0469, 0
21:07:17.035,17830,logger,31,INFO,5561, 0.0463, 0
21:07:17.035,17830,logger,31,INFO,5563, 0.0475, 0
21:07:17.035,17830,logger,31,INFO,5560, 0.0457, 0
21:07:17.036,17831,logger,31,INFO,5561, 0.0463, 0
21:07:17.084,17879,logger,31,INFO,5562, 0.0469, 0
21:07:17.084,17879,logger,31,INFO,5563, 0.0475, 0
21:07:17.085,17880,logger,31,INFO,5562, 0.0469, 0
21:07:17.085,17880,logger,31,INFO,5562, 0.0469, 0
21:07:17.143,17938,logger,31,INFO,5561, 0.0463, 0
21:07:17.144,17939,logger,31,INFO,5560, 0.0457, 0
21:07:17.144,17939,logger,31,INFO,5563, 0.0475, 0
21:07:17.145,17939,logger,31,INFO,5561, 0.0463, 0
21:07:17.145,17940,logger,31,INFO,5560, 0.0457, 0
21:07:17.145,17940,logger,31,INFO,5560, 0.0457, 0
21:07:17.196,17991,logger,31,INFO,5562, 0.0469, 0
21:07:17.197,17992,logger,31,INFO,5563, 0.0475, 0
21:07:17.197,17992,logger,31,INFO,5562, 0.0469, 0
21:07:17.197,17992,logger,31,INFO,5559, 0.0451, 0
21:07:17.198,17993,logger,31,INFO,5561, 0.0463, 0
21:07:17.250,18045,logger,31,INFO,5560, 0.0457, 0
21:07:17.251,18046,logger,31,INFO,5561, 0.0463, 0
21:07:17.251,18046,logger,31,INFO,5562, 0.0469, 0
21:07:17.252,18047,logger,31,INFO,5560, 0.0457, 0
21:07:17.252,18047,logger,31,INFO,5562, 0.0469, 0
21:07:17.310,18105,logger,31,INFO,5562, 0.0469, 0
21:07:17.311,18106,logger,31,INFO,5558, 0.0445, 0
21:07:17.311,18106,logger,31,INFO,5560, 0.0457, 0
21:07:17.312,18107,logger,31,INFO,5564, 0.0482, 0
21:07:17.313,18108,logger,31,INFO,5562, 0.0469, 0
21:07:17.362,18157,logger,31,INFO,5560, 0.0457, 0
21:07:17.362,18157,logger,31,INFO,5564, 0.0482, 0
21:07:17.363,18157,logger,31,INFO,5561, 0.0463, 0
21:07:17.363,18158,logger,31,INFO,5562, 0.0469, 0
21:07:17.363,18158,logger,31,INFO,5559, 0.0451, 0
21:07:17.426,18221,logger,31,INFO,5561, 0.0463, 0
21:07:17.427,18222,logger,31,INFO,5560, 0.0457, 0
21:07:17.427,18222,logger,31,INFO,5560, 0.0457, 0
21:07:17.428,18223,logger,31,INFO,5559, 0.0451, 0
21:07:17.428,18223,logger,31,INFO,5560, 0.0457, 0
21:07:17.429,18223,logger,31,INFO,5561, 0.0463, 0
21:07:17.482,18277,logger,31,INFO,5560, 0.0457, 0
21:07:17.482,18277,logger,31,INFO,5561, 0.0463, 0
21:07:17.483,18278,logger,31,INFO,5560, 0.0457, 0
21:07:17.483,18278,logger,31,INFO,5561, 0.0463, 0
21:07:17.483,18278,logger,31,INFO,5562, 0.0469, 0
21:07:17.533,18328,logger,31,INFO,5562, 0.0469, 0
21:07:17.534,18329,logger,31,INFO,5560, 0.0457, 0
21:07:17.534,18329,logger,31,INFO,5560, 0.0457, 0
21:07:17.535,18330,logger,31,INFO,5560, 0.0457, 0
21:07:17.590,18385,logger,31,INFO,5559, 0.0451, 0
21:07:17.591,18386,logger,31,INFO,5561, 0.0463, 0
21:07:17.591,18386,logger,31,INFO,5560, 0.0457, 0
21:07:17.591,18386,logger,31,INFO,5561, 0.0463, 0
21:07:17.592,18387,logger,31,INFO,5560, 0.0457, 0
21:07:17.643,18438,logger,31,INFO,5560, 0.0457, 0
21:07:17.643,18438,logger,31,INFO,5562, 0.0469, 0
21:07:17.644,18439,logger,31,INFO,5561, 0.0463, 0
21:07:17.645,18440,logger,31,INFO,5563, 0.0475, 0
21:07:17.645,18440,logger,31,INFO,5560, 0.0457, 0
21:07:17.713,18508,logger,31,INFO,5560, 0.0457, 0
21:07:17.713,18508,logger,31,INFO,5561, 0.0463, 0
21:07:17.714,18509,logger,31,INFO,5560, 0.0457, 0
21:07:17.714,18509,logger,31,INFO,5560, 0.0457, 0
21:07:17.714,18509,logger,31,INFO,5560, 0.0457, 0
21:07:17.715,18509,logger,31,INFO,5559, 0.0451, 0
21:07:17.797,18591,logger,31,INFO,5560, 0.0457, 0
21:07:17.797,18592,logger,31,INFO,5560, 0.0457, 0
21:07:17.798,18593,logger,31,INFO,5560, 0.0457, 0
21:07:17.798,18593,logger,31,INFO,5559, 0.0451, 0
21:07:17.800,18595,logger,31,INFO,5561, 0.0463, 0
21:07:17.800,18595,logger,31,INFO,5558, 0.0445, 0
21:07:17.800,18595,logger,31,INFO,5559, 0.0451, 0
21:07:17.801,18596,logger,31,INFO,5560, 0.0457, 0
21:07:17.857,18652,logger,31,INFO,5560, 0.0457, 0
21:07:17.858,18653,logger,31,INFO,5559, 0.0451, 0
21:07:17.858,18653,logger,31,INFO,5558, 0.0445, 0
21:07:17.858,18653,logger,31,INFO,5562, 0.0469, 0
21:07:17.859,18654,logger,31,INFO,5558, 0.0445, 0
21:07:17.859,18654,logger,31,INFO,5558, 0.0445, 0
21:07:17.910,18705,logger,31,INFO,5560, 0.0457, 0
21:07:17.910,18705,logger,31,INFO,5559, 0.0451, 0
21:07:17.911,18706,logger,31,INFO,5556, 0.0433, 0
21:07:17.911,18706,logger,31,INFO,5560, 0.0457, 0
21:07:17.970,18764,logger,31,INFO,5560, 0.0457, 0
21:07:17.970,18765,logger,31,INFO,5560, 0.0457, 0
21:07:17.971,18765,logger,31,INFO,5559, 0.0451, 0
21:07:17.971,18766,logger,31,INFO,5559, 0.0451, 0
21:07:17.972,18767,logger,31,INFO,5561, 0.0463, 0
21:07:17.972,18767,logger,31,INFO,5559, 0.0451, 0
21:07:18.031,18826,logger,31,INFO,5559, 0.0451, 0
21:07:18.031,18826,logger,31,INFO,5558, 0.0445, 0
21:07:18.031,18826,logger,31,INFO,5559, 0.0451, 0
21:07:18.032,18827,logger,31,INFO,5558, 0.0445, 0
21:07:18.032,18827,logger,31,INFO,5557, 0.0439, 0
21:07:18.032,18827,logger,31,INFO,5558, 0.0445, 0
21:07:18.097,18892,logger,31,INFO,5557, 0.0439, 0
21:07:18.097,18892,logger,31,INFO,5561, 0.0463, 0
21:07:18.098,18893,logger,31,INFO,5559, 0.0451, 0
21:07:18.098,18893,logger,31,INFO,5558, 0.0445, 0
21:07:18.099,18894,logger,31,INFO,5559, 0.0451, 0
21:07:18.153,18948,logger,31,INFO,5560, 0.0457, 0
21:07:18.154,18949,logger,31,INFO,5559, 0.0451, 0
21:07:18.154,18949,logger,31,INFO,5558, 0.0445, 0
21:07:18.155,18950,logger,31,INFO,5558, 0.0445, 0
21:07:18.155,18950,logger,31,INFO,5558, 0.0445, 0
21:07:18.155,18950,logger,31,INFO,5559, 0.0451, 0
21:07:18.213,19008,logger,31,INFO,5559, 0.0451, 0
21:07:18.214,19009,logger,31,INFO,5558, 0.0445, 0
21:07:18.214,19009,logger,31,INFO,5558, 0.0445, 0
21:07:18.214,19009,logger,31,INFO,5558, 0.0445, 0
21:07:18.214,19009,logger,31,INFO,5558, 0.0445, 0
21:07:18.273,19068,logger,31,INFO,5559, 0.0451, 0
21:07:18.274,19069,logger,31,INFO,5557, 0.0439, 0
21:07:18.275,19069,logger,31,INFO,5560, 0.0457, 0
21:07:18.275,19070,logger,31,INFO,5557, 0.0439, 0
21:07:18.275,19070,logger,31,INFO,5558, 0.0445, 0
21:07:18.275,19070,logger,31,INFO,5559, 0.0451, 0
21:07:18.337,19132,logger,31,INFO,5558, 0.0445, 0
21:07:18.337,19132,logger,31,INFO,5559, 0.0451, 0
21:07:18.338,19132,logger,31,INFO,5559, 0.0451, 0
21:07:18.338,19133,logger,31,INFO,5558, 0.0445, 0
21:07:18.338,19133,logger,31,INFO,5559, 0.0451, 0
21:07:18.403,19198,logger,31,INFO,5558, 0.0445, 0
21:07:18.403,19198,logger,31,INFO,5559, 0.0451, 0
21:07:18.404,19199,logger,31,INFO,5559, 0.0451, 0
21:07:18.404,19199,logger,31,INFO,5559, 0.0451, 0
21:07:18.404,19199,logger,31,INFO,5558, 0.0445, 0
21:07:18.405,19200,logger,31,INFO,5560, 0.0457, 0
21:07:18.405,19200,logger,31,INFO,5558, 0.0445, 0
21:07:18.464,19259,logger,31,INFO,5558, 0.0445, 0
21:07:18.465,19260,logger,31,INFO,5558, 0.0445, 0
21:07:18.465,19260,logger,31,INFO,5558, 0.0445, 0
21:07:18.465,19260,logger,31,INFO,5557, 0.0439, 0
21:07:18.466,19261,logger,31,INFO,5558, 0.0445, 0
21:07:18.525,19320,logger,31,INFO,5558, 0.0445, 0
21:07:18.525,19320,logger,31,INFO,5558, 0.0445, 0
21:07:18.526,19321,logger,31,INFO,5560, 0.0457, 0
21:07:18.527,19322,logger,31,INFO,5558, 0.0445, 0
21:07:18.527,19322,logger,31,INFO,5560, 0.0457, 0
21:07:18.527,19322,logger,31,INFO,5561, 0.0463, 0
21:07:18.577,19372,logger,31,INFO,5558, 0.0445, 0
21:07:18.578,19373,logger,31,INFO,5558, 0.0445, 0
21:07:18.578,19373,logger,31,INFO,5557, 0.0439, 0
21:07:18.579,19373,logger,31,INFO,5558, 0.0445, 0
21:07:18.579,19374,logger,31,INFO,5558, 0.0445, 0
21:07:18.632,19427,logger,31,INFO,5556, 0.0433, 0
21:07:18.632,19427,logger,31,INFO,5560, 0.0457, 0
21:07:18.633,19428,logger,31,INFO,5558, 0.0445, 0
21:07:18.633,19428,logger,31,INFO,5560, 0.0457, 0
21:07:18.634,19429,logger,31,INFO,5558, 0.0445, 0
21:07:18.691,19486,logger,31,INFO,5554, 0.0421, 0
21:07:18.691,19486,logger,31,INFO,5559, 0.0451, 0
21:07:18.692,19487,logger,31,INFO,5559, 0.0451, 0
21:07:18.692,19487,logger,31,INFO,5556, 0.0433, 0
21:07:18.692,19487,logger,31,INFO,5556, 0.0433, 0
21:07:18.750,19544,logger,31,INFO,5558, 0.0445, 0
21:07:18.750,19545,logger,31,INFO,5558, 0.0445, 0
21:07:18.751,19546,logger,31,INFO,5557, 0.0439, 0
21:07:18.751,19546,logger,31,INFO,5557, 0.0439, 0
21:07:18.751,19546,logger,31,INFO,5558, 0.0445, 0
21:07:18.805,19600,logger,31,INFO,5555, 0.0427, 0
21:07:18.806,19600,logger,31,INFO,5559, 0.0451, 0
21:07:18.806,19601,logger,31,INFO,5559, 0.0451, 0
21:07:18.806,19601,logger,31,INFO,5558, 0.0445, 0
21:07:18.806,19601,logger,31,INFO,5558, 0.0445, 0
21:07:18.859,19654,logger,31,INFO,5557, 0.0439, 0
21:07:18.860,19655,logger,31,INFO,5559, 0.0451, 0
21:07:18.861,19656,logger,31,INFO,5557, 0.0439, 0
21:07:18.861,19656,logger,31,INFO,5557, 0.0439, 0
21:07:18.862,19656,logger,31,INFO,5557, 0.0439, 0
21:07:18.862,19657,logger,31,INFO,5559, 0.0451, 0
21:07:18.914,19709,logger,31,INFO,5558, 0.0445, 0
21:07:18.914,19709,logger,31,INFO,5559, 0.0451, 0
21:07:18.915,19710,logger,31,INFO,5559, 0.0451, 0
21:07:18.915,19710,logger,31,INFO,5556, 0.0433, 0
21:07:18.969,19764,logger,31,INFO,5559, 0.0451, 0
21:07:18.970,19765,logger,31,INFO,5558, 0.0445, 0
21:07:18.971,19765,logger,31,INFO,5558, 0.0445, 0
21:07:18.971,19766,logger,31,INFO,5558, 0.0445, 0
21:07:18.971,19766,logger,31,INFO,5557, 0.0439, 0
21:07:18.971,19766,logger,31,INFO,5557, 0.0439, 0
21:07:19.057,19852,logger,31,INFO,5556, 0.0433, 0
21:07:19.057,19852,logger,31,INFO,5557, 0.0439, 0
21:07:19.058,19853,logger,31,INFO,5558, 0.0445, 0
21:07:19.058,19853,logger,31,INFO,5562, 0.0469, 0
21:07:19.058,19853,logger,31,INFO,5566, 0.0494, 0
21:07:19.059,19853,logger,31,INFO,5592, 0.0652, 0
21:07:19.059,19854,logger,31,INFO,5624, 0.0847, 0
21:07:19.112,19907,logger,31,INFO,5646, 0.0981, 0
21:07:19.113,19908,logger,31,INFO,5738, 0.1542, 0
21:07:19.113,19908,logger,31,INFO,5834, 0.2127, 0
21:07:19.113,19908,logger,31,INFO,5875, 0.2377, 0
21:07:19.113,19908,logger,31,INFO,6045, 0.3413, 0
21:07:19.114,19909,logger,31,INFO,6197, 0.4340, 0
21:07:19.166,19961,logger,31,INFO,6244, 0.4626, 0
21:07:19.167,19962,logger,31,INFO,6472, 0.6016, 0
21:07:19.167,19962,logger,31,INFO,6635, 0.7010, 0
21:07:19.168,19963,logger,31,INFO,6880, 0.8503, 0
21:07:19.168,19963,logger,31,INFO,6949, 0.8924, 0
21:07:19.219,20014,logger,31,INFO,7151, 1.0155, 0
21:07:19.220,20015,logger,31,INFO,7444, 1.1941, 0
21:07:19.220,20015,logger,31,INFO,7535, 1.2496, 0
21:07:19.221,20016,logger,31,INFO,7754, 1.3831, 0
21:07:19.273,20068,logger,31,INFO,8081, 1.5824, 0
21:07:19.273,20068,logger,31,INFO,8179, 1.6421, 0
21:07:19.274,20069,logger,31,INFO,8435, 1.7982, 0
21:07:19.274,20069,logger,31,INFO,8818, 2.0316, 0
21:07:19.275,20070,logger,31,INFO,8946, 2.1097, 0
21:07:19.326,20121,logger,31,INFO,9352, 2.3571, 0
21:07:19.326,20121,logger,31,INFO,9641, 2.5333, 0
21:07:19.327,20122,logger,31,INFO,9776, 2.6156, 0
21:07:19.327,20122,logger,31,INFO,10224, 2.8887, 0
21:07:19.327,20122,logger,31,INFO,10556, 3.0910, 0
21:07:19.381,20176,logger,31,INFO,10698, 3.1776, 0
21:07:19.381,20176,logger,31,INFO,11215, 3.4927, 0
21:07:19.382,20177,logger,31,INFO,11537, 3.6890, 0
21:07:19.382,20177,logger,31,INFO,12035, 3.9926, 0
21:07:19.383,20178,logger,31,INFO,12195, 4.0901, 0
21:07:19.436,20231,logger,31,INFO,12537, 4.2985, 0
21:07:19.437,20232,logger,31,INFO,13044, 4.6076, 0
21:07:19.437,20232,logger,31,INFO,13228, 4.7197, 0
21:07:19.437,20232,logger,31,INFO,13540, 4.9099, 0
21:07:19.438,20233,logger,31,INFO,13995, 5.1873, 1
21:07:19.489,20284,logger,31,INFO,14142, 5.2769, 1
21:07:19.490,20285,logger,31,INFO,14406, 5.4378, 1
21:07:19.490,20285,logger,31,INFO,14778, 5.6645, 1
21:07:19.491,20285,logger,31,INFO,14892, 5.7340, 1
21:07:19.491,20286,logger,31,INFO,15247, 5.9504, 1
21:07:19.546,20341,logger,31,INFO,15446, 6.0717, 1
21:07:19.546,20341,logger,31,INFO,15565, 6.1443, 1
21:07:19.547,20342,logger,31,INFO,15875, 6.3332, 1
21:07:19.547,20342,logger,31,INFO,16064, 6.4484, 1
21:07:19.548,20342,logger,31,INFO,16161, 6.5076, 1
21:07:19.548,20343,logger,31,INFO,16441, 6.6782, 1
21:07:19.595,20390,logger,31,INFO,16587, 6.7672, 1
21:07:19.596,20390,logger,31,INFO,16817, 6.9074, 1
21:07:19.596,20391,logger,31,INFO,16904, 6.9604, 1
21:07:19.597,20392,logger,31,INFO,17035, 7.0403, 1
21:07:19.653,20448,logger,31,INFO,17230, 7.1592, 1
21:07:19.653,20448,logger,31,INFO,17299, 7.2012, 1
21:07:19.653,20448,logger,31,INFO,17389, 7.2561, 1
21:07:19.654,20449,logger,31,INFO,17528, 7.3408, 1
21:07:19.654,20449,logger,31,INFO,17585, 7.3756, 1
21:07:19.706,20501,logger,31,INFO,17654, 7.4176, 1
21:07:19.707,20502,logger,31,INFO,17754, 7.4786, 1
21:07:19.708,20503,logger,31,INFO,17785, 7.4975, 1
21:07:19.708,20503,logger,31,INFO,17856, 7.5407, 1
21:07:19.709,20504,logger,31,INFO,17884, 7.5578, 1
21:07:19.771,20566,logger,31,INFO,17938, 7.5907, 1
21:07:19.771,20566,logger,31,INFO,17959, 7.6035, 1
21:07:19.772,20567,logger,31,INFO,17988, 7.6212, 1
21:07:19.772,20567,logger,31,INFO,18025, 7.6438, 1
21:07:19.772,20567,logger,31,INFO,18031, 7.6474, 1
21:07:19.773,20568,logger,31,INFO,18041, 7.6535, 1
21:07:19.824,20619,logger,31,INFO,18047, 7.6572, 1
21:07:19.824,20619,logger,31,INFO,18053, 7.6608, 1
21:07:19.825,20620,logger,31,INFO,18059, 7.6645, 1
21:07:19.826,20621,logger,31,INFO,18074, 7.6736, 1
21:07:19.826,20621,logger,31,INFO,18081, 7.6779, 1
21:07:19.875,20670,logger,31,INFO,18099, 7.6889, 1
21:07:19.876,20670,logger,31,INFO,18104, 7.6919, 1
21:07:19.876,20671,logger,31,INFO,18113, 7.6974, 1
21:07:19.876,20671,logger,31,INFO,18125, 7.7047, 1
21:07:19.877,20671,logger,31,INFO,18133, 7.7096, 1
21:07:19.929,20724,logger,31,INFO,18141, 7.7145, 1
21:07:19.930,20725,logger,31,INFO,18159, 7.7254, 1
21:07:19.930,20725,logger,31,INFO,18171, 7.7327, 1
21:07:19.931,20726,logger,31,INFO,18191, 7.7449, 1
21:07:19.979,20774,logger,31,INFO,18205, 7.7535, 1
21:07:19.979,20774,logger,31,INFO,18218, 7.7614, 1
21:07:19.980,20775,logger,31,INFO,18245, 7.7779, 1
21:07:19.980,20775,logger,31,INFO,18258, 7.7858, 1
21:07:19.981,20776,logger,31,INFO,18268, 7.7919, 1
21:07:20.030,20825,logger,31,INFO,18295, 7.8083, 1
21:07:20.031,20826,logger,31,INFO,18309, 7.8169, 1
21:07:20.031,20826,logger,31,INFO,18324, 7.8260, 1
21:07:20.031,20826,logger,31,INFO,18350, 7.8419, 1
21:07:20.032,20827,logger,31,INFO,18367, 7.8522, 1
21:07:20.091,20886,logger,31,INFO,18386, 7.8638, 1
21:07:20.092,20887,logger,31,INFO,18398, 7.8711, 1
21:07:20.092,20887,logger,31,INFO,18405, 7.8754, 1
21:07:20.093,20888,logger,31,INFO,18418, 7.8833, 1
21:07:20.093,20888,logger,31,INFO,18422, 7.8857, 1
21:07:20.145,20940,logger,31,INFO,18427, 7.8888, 1
21:07:20.145,20940,logger,31,INFO,18435, 7.8937, 1
21:07:20.146,20941,logger,31,INFO,18439, 7.8961, 1
21:07:20.146,20941,logger,31,INFO,18445, 7.8998, 1
21:07:20.147,20942,logger,31,INFO,18454, 7.9053, 1
21:07:20.202,20996,logger,31,INFO,18458, 7.9077, 1
21:07:20.202,20997,logger,31,INFO,18467, 7.9132, 1
21:07:20.202,20997,logger,31,INFO,18476, 7.9187, 1
21:07:20.203,20998,logger,31,INFO,18479, 7.9205, 1
21:07:20.203,20998,logger,31,INFO,18487, 7.9254, 1
21:07:20.204,20998,logger,31,INFO,18488, 7.9260, 1
21:07:20.252,21047,logger,31,INFO,18489, 7.9266, 1
21:07:20.253,21048,logger,31,INFO,18495, 7.9302, 1
21:07:20.254,21049,logger,31,INFO,18498, 7.9321, 1
21:07:20.255,21049,logger,31,INFO,18500, 7.9333, 1
21:07:20.318,21113,logger,31,INFO,18502, 7.9345, 1
21:07:20.319,21114,logger,31,INFO,18495, 7.9302, 1
21:07:20.320,21114,logger,31,INFO,18482, 7.9223, 1
21:07:20.320,21115,logger,31,INFO,18478, 7.9199, 1
21:07:20.320,21115,logger,31,INFO,18469, 7.9144, 1
21:07:20.320,21115,logger,31,INFO,18452, 7.9040, 1
21:07:20.378,21173,logger,31,INFO,18446, 7.9004, 1
21:07:20.383,21178,logger,31,INFO,18434, 7.8931, 1
21:07:20.384,21179,logger,31,INFO,18415, 7.8815, 1
21:07:20.384,21179,logger,31,INFO,18407, 7.8766, 1
21:07:20.384,21179,logger,31,INFO,18382, 7.8614, 1
21:07:20.385,21179,logger,31,INFO,18360, 7.8480, 1
21:07:20.430,21225,logger,31,INFO,18350, 7.8419, 1
21:07:20.431,21226,logger,31,INFO,18313, 7.8193, 1
21:07:20.431,21226,logger,31,INFO,18288, 7.8041, 1
21:07:20.431,21226,logger,31,INFO,18275, 7.7961, 1
21:07:20.432,21227,logger,31,INFO,18225, 7.7657, 1
21:07:20.485,21280,logger,31,INFO,18182, 7.7395, 1
21:07:20.486,21281,logger,31,INFO,18163, 7.7279, 1
21:07:20.486,21281,logger,31,INFO,18073, 7.6730, 1
21:07:20.486,21281,logger,31,INFO,17979, 7.6157, 1
21:07:20.487,21282,logger,31,INFO,17810, 7.5127, 1
21:07:20.539,21334,logger,31,INFO,17752, 7.4773, 1
21:07:20.539,21334,logger,31,INFO,17586, 7.3762, 1
21:07:20.539,21334,logger,31,INFO,17283, 7.1915, 1
21:07:20.540,21335,logger,31,INFO,17202, 7.1421, 1
21:07:20.540,21335,logger,31,INFO,16942, 6.9836, 1
21:07:20.592,21387,logger,31,INFO,16549, 6.7441, 1
21:07:20.593,21388,logger,31,INFO,16434, 6.6740, 1
21:07:20.593,21388,logger,31,INFO,16104, 6.4728, 1
21:07:20.594,21389,logger,31,INFO,15580, 6.1534, 1
21:07:20.594,21389,logger,31,INFO,15460, 6.0803, 1
21:07:20.664,21458,logger,31,INFO,14909, 5.7444, 1
21:07:20.664,21459,logger,31,INFO,14495, 5.4920, 1
21:07:20.664,21459,logger,31,INFO,14355, 5.4067, 1
21:07:20.665,21460,logger,31,INFO,13807, 5.0727, 1
21:07:20.715,21510,logger,31,INFO,13408, 4.8295, 0
21:07:20.716,21511,logger,31,INFO,13260, 4.7392, 0
21:07:20.716,21511,logger,31,INFO,12714, 4.4064, 0
21:07:20.716,21511,logger,31,INFO,12294, 4.1504, 0
21:07:20.716,21511,logger,31,INFO,11755, 3.8219, 0
21:07:20.717,21512,logger,31,INFO,11626, 3.7432, 0
21:07:20.717,21512,logger,31,INFO,11214, 3.4921, 0
21:07:20.768,21563,logger,31,INFO,10647, 3.1465, 0
21:07:20.768,21563,logger,31,INFO,10544, 3.0837, 0
21:07:20.769,21564,logger,31,INFO,10115, 2.8222, 0
21:07:20.769,21564,logger,31,INFO,9591, 2.5028, 0
21:07:20.770,21565,logger,31,INFO,9479, 2.4345, 0
21:07:20.822,21617,logger,31,INFO,9073, 2.1871, 0
21:07:20.823,21618,logger,31,INFO,8574, 1.8829, 0
21:07:20.823,21618,logger,31,INFO,8458, 1.8122, 0
21:07:20.824,21618,logger,31,INFO,7973, 1.5166, 0
21:07:20.877,21672,logger,31,INFO,7602, 1.2904, 0
21:07:20.877,21672,logger,31,INFO,7519, 1.2398, 0
21:07:20.878,21673,logger,31,INFO,7102, 0.9856, 0
21:07:20.878,21673,logger,31,INFO,6817, 0.8119, 0
21:07:20.878,21673,logger,31,INFO,6486, 0.6102, 0
21:07:20.879,21673,logger,31,INFO,6438, 0.5809, 0
21:07:20.930,21725,logger,31,INFO,6230, 0.4541, 0
21:07:20.931,21726,logger,31,INFO,6029, 0.3316, 0
21:07:20.931,21726,logger,31,INFO,5999, 0.3133, 0
21:07:20.932,21727,logger,31,INFO,5880, 0.2408, 0
21:07:20.982,21777,logger,31,INFO,5778, 0.1786, 0
21:07:20.983,21778,logger,31,INFO,5768, 0.1725, 0
21:07:20.983,21778,logger,31,INFO,5730, 0.1493, 0
21:07:20.983,21778,logger,31,INFO,5724, 0.1457, 0
21:07:20.984,21779,logger,31,INFO,5724, 0.1457, 0
21:07:21.046,21841,logger,31,INFO,5721, 0.1439, 0
21:07:21.046,21841,logger,31,INFO,5723, 0.1451, 0
21:07:21.046,21841,logger,31,INFO,5724, 0.1457, 0
21:07:21.047,21842,logger,31,INFO,5724, 0.1457, 0
21:07:21.047,21842,logger,31,INFO,5722, 0.1445, 0
21:07:21.047,21842,logger,31,INFO,5721, 0.1439, 0
21:07:21.098,21893,logger,31,INFO,5726, 0.1469, 0
21:07:21.099,21894,logger,31,INFO,5722, 0.1445, 0
21:07:21.099,21894,logger,31,INFO,5722, 0.1445, 0
21:07:21.099,21894,logger,31,INFO,5722, 0.1445, 0
21:07:21.100,21895,logger,31,INFO,5722, 0.1445, 0
21:07:21.153,21948,logger,31,INFO,5722, 0.1445, 0
21:07:21.154,21948,logger,31,INFO,5721, 0.1439, 0
21:07:21.154,21949,logger,31,INFO,5722, 0.1445, 0
21:07:21.154,21949,logger,31,INFO,5720, 0.1432, 0
21:07:21.154,21949,logger,31,INFO,5722, 0.1445, 0
21:07:21.210,22005,logger,31,INFO,5723, 0.1451, 0
21:07:21.211,22006,logger,31,INFO,5723, 0.1451, 0
21:07:21.211,22006,logger,31,INFO,5722, 0.1445, 0
21:07:21.212,22007,logger,31,INFO,5721, 0.1439, 0
21:07:21.212,22007,logger,31,INFO,5719, 0.1426, 0
21:07:21.275,22070,logger,31,INFO,5719, 0.1426, 0
21:07:21.275,22070,logger,31,INFO,5722, 0.1445, 0
21:07:21.276,22071,logger,31,INFO,5721, 0.1439, 0
21:07:21.276,22071,logger,31,INFO,5722, 0.1445, 0
21:07:21.276,22071,logger,31,INFO,5721, 0.1439, 0
21:07:21.277,22072,logger,31,INFO,5719, 0.1426, 0
21:07:21.327,22122,logger,31,INFO,5722, 0.1445, 0
21:07:21.328,22123,logger,31,INFO,5720, 0.1432, 0
21:07:21.328,22123,logger,31,INFO,5720, 0.1432, 0
21:07:21.329,22124,logger,31,INFO,5720, 0.1432, 0
21:07:21.329,22124,logger,31,INFO,5720, 0.1432, 0
21:07:21.380,22175,logger,31,INFO,5720, 0.1432, 0
21:07:21.380,22175,logger,31,INFO,5718, 0.1420, 0
21:07:21.381,22176,logger,31,INFO,5721, 0.1439, 0
21:07:21.381,22176,logger,31,INFO,5721, 0.1439, 0
21:07:21.381,22176,logger,31,INFO,5720, 0.1432, 0
21:07:21.434,22229,logger,31,INFO,5721, 0.1439, 0
21:07:21.435,22230,logger,31,INFO,5719, 0.1426, 0
21:07:21.436,22230,logger,31,INFO,5715, 0.1402, 0
21:07:21.437,22232,logger,31,INFO,5718, 0.1420, 0
21:07:21.437,22232,logger,31,INFO,5719, 0.1426, 0
21:07:21.502,22297,logger,31,INFO,5721, 0.1439, 0
21:07:21.503,22298,logger,31,INFO,5721, 0.1439, 0
21:07:21.503,22298,logger,31,INFO,5720, 0.1432, 0
21:07:21.504,22298,logger,31,INFO,5719, 0.1426, 0
21:07:21.504,22299,logger,31,INFO,5718, 0.1420, 0
21:07:21.504,22299,logger,31,INFO,5717, 0.1414, 0
21:07:21.595,22390,logger,31,INFO,5717, 0.1414, 0
21:07:21.596,22391,logger,31,INFO,5717, 0.1414, 0
21:07:21.596,22391,logger,31,INFO,5717, 0.1414, 0
21:07:21.596,22391,logger,31,INFO,5717, 0.1414, 0
21:07:21.596,22391,logger,31,INFO,5716, 0.1408, 0
21:07:21.597,22392,logger,31,INFO,5718, 0.1420, 0
21:07:21.651,22446,logger,31,INFO,5717, 0.1414, 0
21:07:21.651,22446,logger,31,INFO,5715, 0.1402, 0
21:07:21.652,22446,logger,31,INFO,5715, 0.1402, 0
21:07:21.652,22447,logger,31,INFO,5716, 0.1408, 0
21:07:21.652,22447,logger,31,INFO,5717, 0.1414, 0
21:07:21.653,22448,logger,31,INFO,5716, 0.1408, 0
21:07:21.653,22448,logger,31,INFO,5717, 0.1414, 0
21:07:21.701,22496,logger,31,INFO,5716, 0.1408, 0
21:07:21.702,22496,logger,31,INFO,5716, 0.1408, 0
21:07:21.702,22497,logger,31,INFO,5717, 0.1414, 0
21:07:21.702,22497,logger,31,INFO,5716, 0.1408, 0
21:07:21.703,22498,logger,31,INFO,5714, 0.1396, 0
21:07:21.755,22550,logger,31,INFO,5713, 0.1390, 0
21:07:21.755,22550,logger,31,INFO,5714, 0.1396, 0
21:07:21.756,22551,logger,31,INFO,5713, 0.1390, 0
21:07:21.757,22552,logger,31,INFO,5713, 0.1390, 0
21:07:21.757,22552,logger,31,INFO,5714, 0.1396, 0
21:07:21.810,22605,logger,31,INFO,5715, 0.1402, 0
21:07:21.811,22606,logger,31,INFO,5711, 0.1378, 0
21:07:21.812,22607,logger,31,INFO,5713, 0.1390, 0
21:07:21.812,22607,logger,31,INFO,5713, 0.1390, 0
21:07:21.812,22607,logger,31,INFO,5713, 0.1390, 0
21:07:21.888,22683,logger,31,INFO,5713, 0.1390, 0
21:07:21.889,22684,logger,31,INFO,5710, 0.1371, 0
21:07:21.890,22685,logger,31,INFO,5713, 0.1390, 0
21:07:21.890,22685,logger,31,INFO,5712, 0.1384, 0
21:07:21.890,22685,logger,31,INFO,5711, 0.1378, 0
21:07:21.891,22686,logger,31,INFO,5711, 0.1378, 0
21:07:21.945,22740,logger,31,INFO,5711, 0.1378, 0
21:07:21.946,22741,logger,31,INFO,5710, 0.1371, 0
21:07:21.946,22741,logger,31,INFO,5712, 0.1384, 0
21:07:21.946,22741,logger,31,INFO,5710, 0.1371, 0
21:07:21.947,22742,logger,31,INFO,5708, 0.1359, 0
21:07:21.947,22742,logger,31,INFO,5708, 0.1359, 0
21:07:22.001,22796,logger,31,INFO,5707, 0.1353, 0
21:07:22.002,22797,logger,31,INFO,5710, 0.1371, 0
21:07:22.002,22797,logger,31,INFO,5708, 0.1359, 0
21:07:22.002,22797,logger,31,INFO,5707, 0.1353, 0
21:07:22.003,22798,logger,31,INFO,5708, 0.1359, 0
21:07:22.003,22798,logger,31,INFO,5708, 0.1359, 0
21:07:22.062,22857,logger,31,INFO,5707, 0.1353, 0
21:07:22.062,22857,logger,31,INFO,5708, 0.1359, 0
21:07:22.063,22858,logger,31,INFO,5707, 0.1353, 0
21:07:22.064,22859,logger,31,INFO,5707, 0.1353, 0
21:07:22.064,22859,logger,31,INFO,5706, 0.1347, 0
21:07:22.120,22915,logger,31,INFO,5705, 0.1341, 0
21:07:22.121,22916,logger,31,INFO,5706, 0.1347, 0
21:07:22.121,22916,logger,31,INFO,5705, 0.1341, 0
21:07:22.122,22917,logger,31,INFO,5705, 0.1341, 0
21:07:22.122,22917,logger,31,INFO,5708, 0.1359, 0
21:07:22.186,22980,logger,31,INFO,5705, 0.1341, 0
21:07:22.186,22981,logger,31,INFO,5705, 0.1341, 0
21:07:22.187,22982,logger,31,INFO,5706, 0.1347, 0
21:07:22.187,22982,logger,31,INFO,5702, 0.1323, 0
21:07:22.187,22982,logger,31,INFO,5702, 0.1323, 0
21:07:22.188,22983,logger,31,INFO,5700, 0.1311, 0
21:07:22.240,23035,logger,31,INFO,5701, 0.1317, 0
21:07:22.240,23035,logger,31,INFO,5701, 0.1317, 0
21:07:22.241,23036,logger,31,INFO,5701, 0.1317, 0
21:07:22.241,23036,logger,31,INFO,5700, 0.1311, 0
21:07:22.241,23036,logger,31,INFO,5701, 0.1317, 0
21:07:22.288,23083,logger,31,INFO,5698, 0.1298, 0
21:07:22.289,23084,logger,31,INFO,5699, 0.1304, 0
21:07:22.290,23084,logger,31,INFO,5697, 0.1292, 0
21:07:22.290,23085,logger,31,INFO,5699, 0.1304, 0
21:07:22.290,23085,logger,31,INFO,5698, 0.1298, 0
21:07:22.352,23147,logger,31,INFO,5695, 0.1280, 0
21:07:22.352,23147,logger,31,INFO,5701, 0.1317, 0
21:07:22.353,23148,logger,31,INFO,5697, 0.1292, 0
21:07:22.353,23148,logger,31,INFO,5699, 0.1304, 0
21:07:22.353,23148,logger,31,INFO,5698, 0.1298, 0
21:07:22.354,23149,logger,31,INFO,5697, 0.1292, 0
21:07:22.415,23210,logger,31,INFO,5695, 0.1280, 0
21:07:22.416,23211,logger,31,INFO,5695, 0.1280, 0
21:07:22.417,23212,logger,31,INFO,5695, 0.1280, 0
21:07:22.417,23212,logger,31,INFO,5697, 0.1292, 0
21:07:22.418,23213,logger,31,INFO,5694, 0.1274, 0
21:07:22.474,23269,logger,31,INFO,5695, 0.1280, 0
21:07:22.475,23270,logger,31,INFO,5694, 0.1274, 0
21:07:22.475,23270,logger,31,INFO,5694, 0.1274, 0
21:07:22.477,23272,logger,31,INFO,5694, 0.1274, 0
21:07:22.477,23272,logger,31,INFO,5692, 0.1262, 0
21:07:22.478,23273,logger,31,INFO,5691, 0.1256, 0
21:07:22.558,23352,logger,31,INFO,5692, 0.1262, 0
21:07:22.558,23353,logger,31,INFO,5693, 0.1268, 0
21:07:22.558,23353,logger,31,INFO,5690, 0.1250, 0
21:07:22.559,23354,logger,31,INFO,5689, 0.1243, 0
21:07:22.559,23354,logger,31,INFO,5691, 0.1256, 0
21:07:22.559,23354,logger,31,INFO,5688, 0.1237, 0
21:07:22.560,23355,logger,31,INFO,5689, 0.1243, 0
21:07:22.560,23355,logger,31,INFO,5686, 0.1225, 0
21:07:22.621,23416,logger,31,INFO,5691, 0.1256, 0
21:07:22.622,23417,logger,31,INFO,5691, 0.1256, 0
21:07:22.622,23417,logger,31,INFO,5687, 0.1231, 0
21:07:22.623,23417,logger,31,INFO,5686, 0.1225, 0
21:07:22.623,23418,logger,31,INFO,5686, 0.1225, 0
21:07:22.679,23474,logger,31,INFO,5684, 0.1213, 0
21:07:22.680,23475,logger,31,INFO,5686, 0.1225, 0
21:07:22.680,23475,logger,31,INFO,5686, 0.1225, 0
21:07:22.681,23475,logger,31,INFO,5684, 0.1213, 0
21:07:22.681,23476,logger,31,INFO,5687, 0.1231, 0
21:07:22.739,23534,logger,31,INFO,5684, 0.1213, 0
21:07:22.741,23536,logger,31,INFO,5684, 0.1213, 0
21:07:22.741,23536,logger,31,INFO,5682, 0.1201, 0
21:07:22.742,23536,logger,31,INFO,5682, 0.1201, 0
21:07:22.742,23537,logger,31,INFO,5682, 0.1201, 0
21:07:22.742,23537,logger,31,INFO,5683, 0.1207, 0
21:07:22.808,23602,logger,31,INFO,5679, 0.1183, 0
21:07:22.808,23603,logger,31,INFO,5678, 0.1176, 0
21:07:22.808,23603,logger,31,INFO,5680, 0.1189, 0
21:07:22.809,23604,logger,31,INFO,5679, 0.1183, 0
21:07:22.809,23604,logger,31,INFO,5679, 0.1183, 0
21:07:22.810,23605,logger,31,INFO,5679, 0.1183, 0
21:07:22.810,23605,logger,31,INFO,5677, 0.1170, 0
21:07:22.879,23673,logger,31,INFO,5678, 0.1176, 0
21:07:22.879,23674,logger,31,INFO,5678, 0.1176, 0
21:07:22.879,23674,logger,31,INFO,5676, 0.1164, 0
21:07:22.879,23674,logger,31,INFO,5675, 0.1158, 0
21:07:22.880,23675,logger,31,INFO,5678, 0.1176, 0
21:07:22.880,23675,logger,31,INFO,5676, 0.1164, 0
21:07:22.936,23731,logger,31,INFO,5675, 0.1158, 0
21:07:22.936,23731,logger,31,INFO,5675, 0.1158, 0
21:07:22.938,23732,logger,31,INFO,5673, 0.1146, 0
21:07:22.938,23733,logger,31,INFO,5671, 0.1134, 0
21:07:22.938,23733,logger,31,INFO,5674, 0.1152, 0
21:07:22.998,23793,logger,31,INFO,5673, 0.1146, 0
21:07:22.998,23793,logger,31,INFO,5671, 0.1134, 0
21:07:22.999,23793,logger,31,INFO,5672, 0.1140, 0
21:07:22.999,23794,logger,31,INFO,5670, 0.1128, 0
21:07:22.999,23794,logger,31,INFO,5670, 0.1128, 0
21:07:23.000,23794,logger,31,INFO,5668, 0.1115, 0
21:07:23.056,23851,logger,31,INFO,5670, 0.1128, 0
21:07:23.056,23851,logger,31,INFO,5668, 0.1115, 0
21:07:23.056,23851,logger,31,INFO,5669, 0.1122, 0
21:07:23.057,23852,logger,31,INFO,5670, 0.1128, 0
21:07:23.057,23852,logger,31,INFO,5668, 0.1115, 0
21:07:23.114,23909,logger,31,INFO,5669, 0.1122, 0
21:07:23.115,23910,logger,31,INFO,5665, 0.1097, 0
21:07:23.115,23910,logger,31,INFO,5663, 0.1085, 0
21:07:23.116,23910,logger,31,INFO,5665, 0.1097, 0
21:07:23.116,23911,logger,31,INFO,5666, 0.1103, 0
21:07:23.116,23911,logger,31,INFO,5664, 0.1091, 0
21:07:23.175,23970,logger,31,INFO,5664, 0.1091, 0
21:07:23.175,23970,logger,31,INFO,5663, 0.1085, 0
21:07:23.176,23971,logger,31,INFO,5662, 0.1079, 0
21:07:23.176,23971,logger,31,INFO,5662, 0.1079, 0
21:07:23.176,23971,logger,31,INFO,5661, 0.1073, 0
21:07:23.233,24028,logger,31,INFO,5662, 0.1079, 0
21:07:23.234,24029,logger,31,INFO,5660, 0.1067, 0
21:07:23.234,24029,logger,31,INFO,5661, 0.1073, 0
21:07:23.234,24029,logger,31,INFO,5659, 0.1061, 0
21:07:23.235,24030,logger,31,INFO,5658, 0.1055, 0
21:07:23.235,24030,logger,31,INFO,5658, 0.1055, 0
21:07:23.286,24081,logger,31,INFO,5656, 0.1042, 0
21:07:23.286,24081,logger,31,INFO,5656, 0.1042, 0
21:07:23.287,24081,logger,31,INFO,5656, 0.1042, 0
21:07:23.287,24082,logger,31,INFO,5655, 0.1036, 0
21:07:23.335,24130,logger,31,INFO,5657, 0.1048, 0
21:07:23.335,24130,logger,31,INFO,5655, 0.1036, 0
21:07:23.336,24131,logger,31,INFO,5656, 0.1042, 0
21:07:23.336,24131,logger,31,INFO,5655, 0.1036, 0
21:07:23.337,24132,logger,31,INFO,5653, 0.1024, 0
21:07:23.386,24181,logger,31,INFO,5651, 0.1012, 0
21:07:23.387,24182,logger,31,INFO,5652, 0.1018, 0
21:07:23.387,24182,logger,31,INFO,5652, 0.1018, 0
21:07:23.387,24182,logger,31,INFO,5652, 0.1018, 0
21:07:23.388,24183,logger,31,INFO,5649, 0.1000, 0
21:07:23.440,24235,logger,31,INFO,5651, 0.1012, 0
21:07:23.440,24235,logger,31,INFO,5651, 0.1012, 0
21:07:23.441,24236,logger,31,INFO,5649, 0.1000, 0
21:07:23.441,24236,logger,31,INFO,5650, 0.1006, 0
21:07:23.442,24237,logger,31,INFO,5650, 0.1006, 0
21:07:23.495,24290,logger,31,INFO,5649, 0.1000, 0
21:07:23.496,24291,logger,31,INFO,5649, 0.1000, 0
21:07:23.496,24291,logger,31,INFO,5648, 0.0994, 0
21:07:23.497,24292,logger,31,INFO,5647, 0.0987, 0
21:07:23.555,24350,logger,31,INFO,5647, 0.0987, 0
21:07:23.556,24351,logger,31,INFO,5644, 0.0969, 0
21:07:23.556,24351,logger,31,INFO,5648, 0.0994, 0
21:07:23.556,24351,logger,31,INFO,5646, 0.0981, 0
21:07:23.557,24352,logger,31,INFO,5644, 0.0969, 0
21:07:23.558,24353,logger,31,INFO,5643, 0.0963, 0
21:07:23.623,24417,logger,31,INFO,5644, 0.0969, 0
21:07:23.623,24418,logger,31,INFO,5645, 0.0975, 0
21:07:23.623,24418,logger,31,INFO,5643, 0.0963, 0
21:07:23.624,24418,logger,31,INFO,5642, 0.0957, 0
21:07:23.624,24419,logger,31,INFO,5642, 0.0957, 0
21:07:23.624,24419,logger,31,INFO,5642, 0.0957, 0
21:07:23.682,24477,logger,31,INFO,5639, 0.0939, 0
21:07:23.682,24477,logger,31,INFO,5640, 0.0945, 0
21:07:23.683,24478,logger,31,INFO,5638, 0.0933, 0
21:07:23.683,24478,logger,31,INFO,5639, 0.0939, 0
21:07:23.684,24479,logger,31,INFO,5635, 0.0914, 0
21:07:23.743,24538,logger,31,INFO,5638, 0.0933, 0
21:07:23.744,24539,logger,31,INFO,5638, 0.0933, 0
21:07:23.744,24539,logger,31,INFO,5635, 0.0914, 0
21:07:23.744,24539,logger,31,INFO,5635, 0.0914, 0
21:07:23.745,24540,logger,31,INFO,5634, 0.0908, 0
21:07:23.745,24540,logger,31,INFO,5634, 0.0908, 0
21:07:23.802,24597,logger,31,INFO,5633, 0.0902, 0
21:07:23.803,24598,logger,31,INFO,5633, 0.0902, 0
21:07:23.803,24598,logger,31,INFO,5634, 0.0908, 0
21:07:23.804,24599,logger,31,INFO,5631, 0.0890, 0
21:07:23.804,24599,logger,31,INFO,5633, 0.0902, 0
21:07:23.852,24647,logger,31,INFO,5631, 0.0890, 0
21:07:23.852,24647,logger,31,INFO,5630, 0.0884, 0
21:07:23.852,24647,logger,31,INFO,5632, 0.0896, 0
21:07:23.853,24648,logger,31,INFO,5630, 0.0884, 0
21:07:23.853,24648,logger,31,INFO,5630, 0.0884, 0
21:07:23.902,24697,logger,31,INFO,5628, 0.0872, 0
21:07:23.903,24698,logger,31,INFO,5629, 0.0878, 0
21:07:23.904,24699,logger,31,INFO,5627, 0.0866, 0
21:07:23.904,24699,logger,31,INFO,5627, 0.0866, 0
21:07:23.904,24699,logger,31,INFO,5627, 0.0866, 0
21:07:23.954,24749,logger,31,INFO,5626, 0.0859, 0
21:07:23.955,24750,logger,31,INFO,5626, 0.0859, 0
21:07:23.955,24750,logger,31,INFO,5625, 0.0853, 0
21:07:23.955,24750,logger,31,INFO,5625, 0.0853, 0
21:07:24.036,24831,logger,31,INFO,5622, 0.0835, 0
21:07:24.037,24832,logger,31,INFO,5623, 0.0841, 0
21:07:24.037,24832,logger,31,INFO,5623, 0.0841, 0
21:07:24.038,24833,logger,31,INFO,5622, 0.0835, 0
21:07:24.038,24833,logger,31,INFO,5621, 0.0829, 0
21:07:24.038,24833,logger,31,INFO,5620, 0.0823, 0
21:07:24.097,24892,logger,31,INFO,5620, 0.0823, 0
21:07:24.098,24892,logger,31,INFO,5620, 0.0823, 0
21:07:24.098,24893,logger,31,INFO,5619, 0.0817, 0
21:07:24.098,24893,logger,31,INFO,5618, 0.0811, 0
21:07:24.098,24893,logger,31,INFO,5616, 0.0799, 0
21:07:24.099,24894,logger,31,INFO,5618, 0.0811, 0
21:07:24.099,24894,logger,31,INFO,5617, 0.0805, 0
21:07:24.160,24954,logger,31,INFO,5618, 0.0811, 0
21:07:24.160,24955,logger,31,INFO,5618, 0.0811, 0
21:07:24.161,24955,logger,31,INFO,5618, 0.0811, 0
21:07:24.161,24956,logger,31,INFO,5617, 0.0805, 0
21:07:24.161,24956,logger,31,INFO,5616, 0.0799, 0
21:07:24.161,24956,logger,31,INFO,5616, 0.0799, 0
21:07:24.217,25012,logger,31,INFO,5613, 0.0780, 0
21:07:24.217,25012,logger,31,INFO,5613, 0.0780, 0
21:07:24.218,25013,logger,31,INFO,5613, 0.0780, 0
21:07:24.218,25013,logger,31,INFO,5613, 0.0780, 0
21:07:24.219,25014,logger,31,INFO,5614, 0.0786, 0
21:07:24.267,25062,logger,31,INFO,5613, 0.0780, 0
