22:35:36.150,428,logger,31,INFO,543.90, 11.67, -791.72, 0.26, 0.05, -0.96, 0.01
22:35:37.490,1768,logger,31,INFO,568.44, 49.08, -767.55, 0.26, 0.05, -0.96, 0.01
22:35:37.617,1896,logger,31,INFO,571.35, 53.53, -764.68, 0.26, 0.05, -0.96, 0.01
22:35:37.631,1909,logger,31,INFO,571.64, 53.97, -764.39, 0.26, 0.05, -0.96, 0.01
22:35:37.646,1925,logger,31,INFO,571.94, 54.42, -764.10, 0.26, 0.05, -0.96, 0.01
22:35:37.661,1939,logger,31,INFO,572.23, 54.86, -763.82, 0.26, 0.05, -0.96, 0.01
22:35:37.678,1957,logger,31,INFO,572.52, 55.31, -763.53, 0.26, 0.05, -0.96, 0.01
22:35:37.696,1974,logger,31,INFO,572.81, 55.75, -763.24, 0.26, 0.05, -0.96, 0.01
22:35:37.722,2000,logger,31,INFO,573.40, 56.64, -762.66, 0.26, 0.05, -0.96, 0.01
22:35:37.753,2032,logger,31,INFO,573.98, 57.53, -762.09, 0.26, 0.05, -0.96, 0.01
22:35:37.796,2074,logger,31,INFO,574.86, 58.87, -761.23, 0.26, 0.05, -0.96, 0.01
22:35:37.817,2096,logger,31,INFO,575.15, 59.31, -760.94, 0.26, 0.05, -0.96, 0.01
22:35:37.834,2112,logger,31,INFO,575.44, 59.76, -760.65, 0.26, 0.05, -0.96, 0.01
22:35:37.874,2152,logger,31,INFO,576.02, 60.65, -760.08, 0.26, 0.05, -0.96, 0.01
22:35:37.918,2196,logger,31,INFO,576.90, 61.98, -759.22, 0.26, 0.05, -0.96, 0.01
22:35:37.938,2216,logger,31,INFO,577.19, 62.43, -758.93, 0.26, 0.05, -0.96, 0.01
22:35:37.959,2238,logger,31,INFO,577.48, 62.87, -758.64, 0.26, 0.05, -0.96, 0.01
22:35:37.980,2259,logger,31,INFO,577.77, 63.32, -758.35, 0.26, 0.05, -0.96, 0.01
22:35:38.013,2291,logger,31,INFO,578.36, 64.21, -757.78, 0.26, 0.05, -0.96, 0.01
22:35:38.028,2307,logger,31,INFO,578.65, 64.65, -757.49, 0.26, 0.05, -0.96, 0.01
22:35:38.047,2326,logger,31,INFO,578.94, 65.10, -757.20, 0.26, 0.05, -0.96, 0.01
22:35:38.065,2343,logger,31,INFO,579.23, 65.54, -756.92, 0.26, 0.05, -0.96, 0.01
22:35:38.111,2390,logger,31,INFO,580.11, 66.88, -756.05, 0.26, 0.05, -0.96, 0.01
22:35:38.127,2405,logger,31,INFO,580.40, 67.32, -755.77, 0.26, 0.05, -0.96, 0.01
22:35:38.188,2467,logger,31,INFO,581.58, 69.09, -754.62, 0.26, 0.05, -0.96, 0.01
22:35:38.205,2484,logger,31,INFO,581.91, 69.50, -754.34, 0.26, 0.05, -0.96, 0.01
22:35:38.265,2543,logger,31,INFO,583.41, 70.32, -753.55, 0.26, 0.05, -0.96, 0.01
22:35:38.318,2596,logger,31,INFO,584.05, 69.92, -752.92, 0.26, 0.05, -0.96, 0.01
22:35:38.336,2614,logger,31,INFO,584.12, 69.78, -752.80, 0.26, 0.05, -0.96, 0.01
22:35:38.355,2633,logger,31,INFO,584.14, 69.80, -752.68, 0.26, 0.05, -0.96, 0.01
22:35:38.396,2674,logger,31,INFO,584.29, 69.36, -752.46, 0.26, 0.05, -0.96, 0.01
22:35:38.411,2689,logger,31,INFO,584.29, 69.38, -752.47, 0.26, 0.05, -0.96, 0.01
22:35:38.443,2721,logger,31,INFO,584.43, 69.32, -752.48, 0.26, 0.05, -0.96, 0.01
22:35:38.491,2769,logger,31,INFO,584.63, 69.46, -752.61, 0.26, 0.05, -0.96, 0.01
22:35:38.537,2815,logger,31,INFO,584.75, 69.58, -752.61, 0.26, 0.05, -0.96, 0.01
22:35:38.555,2833,logger,31,INFO,584.75, 69.58, -752.60, 0.26, 0.05, -0.96, 0.01
22:35:38.625,2903,logger,31,INFO,584.68, 69.79, -752.49, 0.26, 0.05, -0.96, 0.01
22:35:38.642,2921,logger,31,INFO,584.65, 69.93, -752.51, 0.26, 0.05, -0.96, 0.01
22:35:38.658,2937,logger,31,INFO,584.74, 70.20, -752.58, 0.26, 0.05, -0.96, 0.01
22:35:38.675,2953,logger,31,INFO,584.80, 70.41, -752.72, 0.26, 0.05, -0.96, 0.01
22:35:38.732,3010,logger,31,INFO,584.80, 70.87, -753.00, 0.26, 0.05, -0.96, 0.01
22:35:38.975,3253,logger,31,INFO,583.82, 70.06, -753.23, 0.26, 0.05, -0.96, 0.01
22:35:39.223,3501,logger,31,INFO,581.98, 65.79, -753.48, 0.26, 0.05, -0.96, 0.01
22:35:39.357,3636,logger,31,INFO,581.71, 63.83, -753.23, 0.26, 0.05, -0.96, 0.01
22:35:39.434,3713,logger,31,INFO,581.12, 63.44, -752.12, 0.26, 0.05, -0.96, 0.01
22:35:39.461,3739,logger,31,INFO,580.88, 63.33, -751.11, 0.26, 0.05, -0.96, 0.01
22:35:39.490,3768,logger,31,INFO,580.57, 63.18, -749.95, 0.26, 0.05, -0.96, 0.01
22:35:39.505,3783,logger,31,INFO,580.41, 63.11, -749.37, 0.26, 0.05, -0.96, 0.01
22:35:39.520,3799,logger,31,INFO,580.25, 63.04, -748.79, 0.26, 0.05, -0.96, 0.01
22:35:39.569,3847,logger,31,INFO,579.78, 62.82, -747.05, 0.26, 0.05, -0.96, 0.01
22:35:39.585,3863,logger,31,INFO,579.62, 62.75, -746.48, 0.26, 0.05, -0.96, 0.01
22:35:39.624,3902,logger,31,INFO,579.14, 62.53, -744.74, 0.26, 0.05, -0.96, 0.01
22:35:39.640,3918,logger,31,INFO,578.99, 62.46, -744.16, 0.26, 0.05, -0.96, 0.01
22:35:39.653,3931,logger,31,INFO,578.89, 62.40, -743.66, 0.26, 0.05, -0.96, 0.01
22:35:39.671,3949,logger,31,INFO,578.89, 62.38, -743.38, 0.26, 0.05, -0.96, 0.01
22:35:39.687,3966,logger,31,INFO,578.90, 62.37, -743.42, 0.26, 0.05, -0.96, 0.01
22:35:39.702,3980,logger,31,INFO,578.96, 62.37, -743.75, 0.26, 0.05, -0.96, 0.01
22:35:39.716,3994,logger,31,INFO,579.10, 62.40, -744.27, 0.26, 0.05, -0.96, 0.01
22:35:39.732,4011,logger,31,INFO,579.28, 62.45, -744.85, 0.26, 0.05, -0.96, 0.01
22:35:39.757,4036,logger,31,INFO,579.64, 62.54, -746.00, 0.26, 0.05, -0.96, 0.01
22:35:39.785,4064,logger,31,INFO,580.01, 62.64, -747.15, 0.26, 0.05, -0.96, 0.01
22:35:39.813,4092,logger,31,INFO,580.37, 62.74, -748.30, 0.26, 0.05, -0.96, 0.01
22:35:39.827,4105,logger,31,INFO,580.55, 62.78, -748.87, 0.26, 0.05, -0.96, 0.01
22:35:39.842,4120,logger,31,INFO,580.74, 62.83, -749.45, 0.26, 0.05, -0.96, 0.01
22:35:39.857,4135,logger,31,INFO,580.92, 62.88, -750.02, 0.26, 0.05, -0.96, 0.01
22:35:39.885,4164,logger,31,INFO,581.30, 63.04, -751.16, 0.26, 0.05, -0.96, 0.01
22:35:39.899,4178,logger,31,INFO,581.52, 63.25, -751.68, 0.26, 0.05, -0.96, 0.01
22:35:39.954,4232,logger,31,INFO,582.49, 64.76, -752.58, 0.26, 0.05, -0.96, 0.01
22:35:39.969,4247,logger,31,INFO,582.75, 65.31, -752.60, 0.26, 0.05, -0.96, 0.01
22:35:39.995,4274,logger,31,INFO,583.26, 66.40, -752.64, 0.26, 0.05, -0.96, 0.01
22:35:40.067,4346,logger,31,INFO,584.35, 68.71, -752.52, 0.26, 0.05, -0.96, 0.01
22:35:40.147,4426,logger,31,INFO,584.82, 69.14, -752.99, 0.26, 0.05, -0.96, 0.01
22:35:40.203,4482,logger,31,INFO,584.60, 69.17, -752.80, 0.26, 0.05, -0.96, 0.01
22:35:40.286,4564,logger,31,INFO,584.11, 68.80, -753.13, 0.26, 0.05, -0.96, 0.01
22:35:40.301,4580,logger,31,INFO,584.02, 68.72, -753.11, 0.26, 0.05, -0.96, 0.01
22:35:40.356,4635,logger,31,INFO,584.00, 68.70, -753.10, 0.26, 0.05, -0.96, 0.01
22:35:40.397,4675,logger,31,INFO,584.00, 68.70, -753.10, 0.26, 0.05, -0.96, 0.01
22:35:40.413,4692,logger,31,INFO,584.00, 68.70, -753.10, 0.26, 0.05, -0.96, 0.01
22:35:40.440,4718,logger,31,INFO,584.00, 68.70, -753.10, 0.26, 0.05, -0.96, 0.01
22:35:40.494,4772,logger,31,INFO,584.08, 68.91, -753.48, 0.26, 0.05, -0.96, 0.01
22:35:40.524,4802,logger,31,INFO,584.13, 69.06, -753.75, 0.26, 0.05, -0.96, 0.01
22:35:40.554,4833,logger,31,INFO,584.15, 69.11, -753.78, 0.26, 0.05, -0.96, 0.01
22:35:40.584,4862,logger,31,INFO,584.15, 69.28, -753.80, 0.26, 0.05, -0.96, 0.01
22:35:40.614,4892,logger,31,INFO,584.18, 69.54, -753.92, 0.26, 0.05, -0.96, 0.01
22:35:40.631,4909,logger,31,INFO,584.19, 69.60, -753.99, 0.26, 0.05, -0.96, 0.01
22:35:40.644,4923,logger,31,INFO,584.20, 69.80, -754.04, 0.26, 0.05, -0.96, 0.01
22:35:40.676,4955,logger,31,INFO,584.21, 69.97, -754.06, 0.26, 0.05, -0.96, 0.01
22:35:40.692,4970,logger,31,INFO,584.21, 69.97, -754.06, 0.26, 0.05, -0.96, 0.01
22:35:40.708,4986,logger,31,INFO,584.20, 70.01, -754.05, 0.26, 0.05, -0.96, 0.01
22:35:40.752,5031,logger,31,INFO,584.18, 70.18, -753.86, 0.26, 0.05, -0.96, 0.01
22:35:40.783,5062,logger,31,INFO,584.34, 70.59, -753.63, 0.26, 0.05, -0.96, 0.01
22:35:40.800,5078,logger,31,INFO,584.52, 70.79, -753.46, 0.26, 0.05, -0.96, 0.01
22:35:40.814,5093,logger,31,INFO,584.73, 71.00, -753.21, 0.26, 0.05, -0.96, 0.01
22:35:40.831,5110,logger,31,INFO,585.03, 71.30, -752.89, 0.26, 0.05, -0.96, 0.01
22:35:40.850,5128,logger,31,INFO,585.33, 71.60, -752.57, 0.26, 0.05, -0.96, 0.01
22:35:40.867,5146,logger,31,INFO,585.55, 71.82, -752.32, 0.26, 0.05, -0.96, 0.01
22:35:40.884,5162,logger,31,INFO,585.73, 71.99, -752.14, 0.26, 0.05, -0.96, 0.01
22:35:40.901,5179,logger,31,INFO,585.98, 72.17, -752.06, 0.26, 0.05, -0.96, 0.01
22:35:40.942,5221,logger,31,INFO,586.88, 72.45, -752.26, 0.26, 0.05, -0.96, 0.01
22:35:40.985,5263,logger,31,INFO,588.32, 72.97, -752.12, 0.26, 0.05, -0.96, 0.01
22:35:41.002,5280,logger,31,INFO,588.73, 73.11, -752.24, 0.26, 0.05, -0.96, 0.01
22:35:41.018,5296,logger,31,INFO,589.03, 73.23, -752.42, 0.26, 0.05, -0.96, 0.01
22:35:41.046,5325,logger,31,INFO,589.52, 73.49, -752.65, 0.26, 0.05, -0.96, 0.01
22:35:41.072,5351,logger,31,INFO,589.89, 73.87, -752.86, 0.26, 0.05, -0.96, 0.01
22:35:41.102,5380,logger,31,INFO,590.25, 74.40, -752.77, 0.26, 0.05, -0.96, 0.01
22:35:41.132,5410,logger,31,INFO,590.56, 74.87, -752.28, 0.26, 0.05, -0.96, 0.01
22:35:41.159,5437,logger,31,INFO,590.69, 75.20, -752.06, 0.26, 0.05, -0.96, 0.01
22:35:41.185,5463,logger,31,INFO,590.71, 75.24, -752.04, 0.26, 0.05, -0.96, 0.01
22:35:41.212,5490,logger,31,INFO,590.71, 75.24, -752.04, 0.26, 0.05, -0.96, 0.01
22:35:41.239,5517,logger,31,INFO,590.71, 75.24, -752.04, 0.26, 0.05, -0.96, 0.01
22:35:41.275,5553,logger,31,INFO,590.71, 75.24, -752.04, 0.26, 0.05, -0.96, 0.01
22:35:41.307,5585,logger,31,INFO,590.71, 75.24, -752.04, 0.26, 0.05, -0.96, 0.01
22:35:41.341,5620,logger,31,INFO,590.71, 75.24, -752.04, 0.26, 0.05, -0.96, 0.01
22:35:41.373,5652,logger,31,INFO,590.71, 75.24, -752.04, 0.26, 0.05, -0.96, 0.01
22:35:41.402,5681,logger,31,INFO,590.71, 75.24, -752.04, 0.26, 0.05, -0.96, 0.01
22:35:41.433,5711,logger,31,INFO,590.71, 75.24, -752.04, 0.26, 0.05, -0.96, 0.01
22:35:41.460,5738,logger,31,INFO,590.71, 75.24, -752.04, 0.26, 0.05, -0.96, 0.01
22:35:41.487,5765,logger,31,INFO,590.71, 75.24, -752.04, 0.26, 0.05, -0.96, 0.01
22:35:41.520,5798,logger,31,INFO,590.71, 75.24, -752.04, 0.26, 0.05, -0.96, 0.01
22:35:41.548,5826,logger,31,INFO,590.71, 75.24, -752.04, 0.26, 0.05, -0.96, 0.01
22:35:41.576,5854,logger,31,INFO,590.71, 75.24, -752.04, 0.26, 0.05, -0.96, 0.01
22:35:41.607,5885,logger,31,INFO,590.71, 75.24, -752.04, 0.26, 0.05, -0.96, 0.01
22:35:41.638,5916,logger,31,INFO,590.71, 75.24, -752.04, 0.26, 0.05, -0.96, 0.01
22:35:41.670,5948,logger,31,INFO,590.71, 75.24, -752.04, 0.26, 0.05, -0.96, 0.01
22:35:41.699,5978,logger,31,INFO,590.71, 75.24, -752.04, 0.26, 0.05, -0.96, 0.01
22:35:41.726,6004,logger,31,INFO,590.71, 75.24, -752.04, 0.26, 0.05, -0.96, 0.01
22:35:41.754,6033,logger,31,INFO,590.71, 75.24, -752.04, 0.26, 0.05, -0.96, 0.01
22:35:41.782,6060,logger,31,INFO,590.71, 75.24, -752.04, 0.26, 0.05, -0.96, 0.01
22:35:41.809,6088,logger,31,INFO,590.71, 75.24, -752.04, 0.26, 0.05, -0.96, 0.01
22:35:41.837,6115,logger,31,INFO,590.71, 75.24, -752.04, 0.26, 0.05, -0.96, 0.01
22:35:41.864,6142,logger,31,INFO,590.71, 75.24, -752.04, 0.26, 0.05, -0.96, 0.01
22:35:41.892,6171,logger,31,INFO,590.71, 75.24, -752.04, 0.26, 0.05, -0.96, 0.01
22:35:41.925,6203,logger,31,INFO,590.71, 75.24, -752.04, 0.26, 0.05, -0.96, 0.01
22:35:41.951,6229,logger,31,INFO,590.71, 75.24, -752.04, 0.26, 0.05, -0.96, 0.01
22:35:41.979,6258,logger,31,INFO,590.71, 75.24, -752.04, 0.26, 0.05, -0.96, 0.01
22:35:42.012,6290,logger,31,INFO,590.71, 75.24, -752.04, 0.26, 0.05, -0.96, 0.01
22:35:42.342,6620,logger,31,INFO,590.71, 75.24, -752.04, 0.26, 0.05, -0.96, 0.01
22:35:42.477,6755,logger,31,INFO,590.71, 75.24, -752.04, 0.26, 0.05, -0.96, 0.01
22:35:42.518,6796,logger,31,INFO,590.71, 75.24, -752.04, 0.26, 0.05, -0.96, 0.01
22:35:42.533,6811,logger,31,INFO,590.71, 75.24, -752.04, 0.26, 0.05, -0.96, 0.01
22:35:42.561,6839,logger,31,INFO,590.71, 75.24, -752.04, 0.26, 0.05, -0.96, 0.01
22:35:42.577,6855,logger,31,INFO,590.71, 75.24, -752.04, 0.26, 0.05, -0.96, 0.01
22:35:42.606,6884,logger,31,INFO,590.71, 75.24, -752.04, 0.26, 0.05, -0.96, 0.01
22:35:42.622,6900,logger,31,INFO,590.71, 75.24, -752.04, 0.26, 0.05, -0.96, 0.01
22:35:42.649,6927,logger,31,INFO,590.71, 75.24, -752.04, 0.26, 0.05, -0.96, 0.01
22:35:42.677,6956,logger,31,INFO,590.71, 75.24, -752.04, 0.26, 0.05, -0.96, 0.01
22:35:42.694,6972,logger,31,INFO,590.71, 75.24, -752.04, 0.26, 0.05, -0.96, 0.01
22:35:42.712,6990,logger,31,INFO,590.71, 75.24, -752.04, 0.26, 0.05, -0.96, 0.01
22:35:42.737,7015,logger,31,INFO,590.71, 75.24, -752.04, 0.26, 0.05, -0.96, 0.01
22:35:42.753,7032,logger,31,INFO,590.71, 75.24, -752.04, 0.26, 0.05, -0.96, 0.01
22:35:42.768,7047,logger,31,INFO,590.71, 75.24, -752.04, 0.26, 0.05, -0.96, 0.01
22:35:42.785,7063,logger,31,INFO,590.76, 75.32, -752.04, 0.26, 0.05, -0.96, 0.01
22:35:42.841,7120,logger,31,INFO,591.26, 76.06, -752.08, 0.26, 0.05, -0.96, 0.01
22:35:42.856,7135,logger,31,INFO,591.54, 76.46, -752.11, 0.26, 0.05, -0.96, 0.01
22:35:42.873,7151,logger,31,INFO,591.88, 76.96, -752.14, 0.26, 0.05, -0.96, 0.01
22:35:42.888,7167,logger,31,INFO,592.22, 77.46, -752.17, 0.26, 0.05, -0.96, 0.01
22:35:42.930,7208,logger,31,INFO,593.23, 78.95, -752.25, 0.26, 0.05, -0.96, 0.01
22:35:42.946,7224,logger,31,INFO,593.57, 79.45, -752.28, 0.26, 0.05, -0.96, 0.01
22:35:42.985,7263,logger,31,INFO,594.59, 80.95, -752.37, 0.26, 0.05, -0.96, 0.01
22:35:43.004,7282,logger,31,INFO,594.93, 81.45, -752.39, 0.26, 0.05, -0.96, 0.01
22:35:43.064,7342,logger,31,INFO,596.38, 83.36, -752.34, 0.26, 0.05, -0.96, 0.01
22:35:43.080,7359,logger,31,INFO,596.77, 83.82, -752.25, 0.26, 0.05, -0.96, 0.01
22:35:43.094,7372,logger,31,INFO,597.17, 84.27, -752.15, 0.26, 0.05, -0.96, 0.01
22:35:43.112,7390,logger,31,INFO,597.57, 84.70, -752.04, 0.26, 0.05, -0.96, 0.01
22:35:43.129,7407,logger,31,INFO,597.98, 85.11, -751.93, 0.26, 0.05, -0.96, 0.01
22:35:43.159,7437,logger,31,INFO,598.58, 85.40, -751.81, 0.26, 0.05, -0.96, 0.01
22:35:43.187,7465,logger,31,INFO,598.71, 85.59, -751.85, 0.26, 0.05, -0.96, 0.01
22:35:43.204,7482,logger,31,INFO,598.77, 85.44, -751.87, 0.26, 0.05, -0.96, 0.01
22:35:43.223,7502,logger,31,INFO,598.63, 85.36, -751.92, 0.26, 0.05, -0.96, 0.01
22:35:43.251,7529,logger,31,INFO,598.51, 85.44, -752.01, 0.26, 0.05, -0.96, 0.01
22:35:43.268,7547,logger,31,INFO,598.54, 85.45, -752.05, 0.26, 0.05, -0.96, 0.01
22:35:43.282,7560,logger,31,INFO,598.65, 85.55, -752.05, 0.26, 0.05, -0.96, 0.01
22:35:43.301,7579,logger,31,INFO,598.74, 85.63, -752.05, 0.26, 0.05, -0.96, 0.01
22:35:43.357,7635,logger,31,INFO,598.73, 85.91, -751.90, 0.26, 0.05, -0.96, 0.01
22:35:43.390,7668,logger,31,INFO,598.70, 85.89, -751.80, 0.26, 0.05, -0.96, 0.01
22:35:43.432,7710,logger,31,INFO,598.46, 86.10, -751.73, 0.26, 0.05, -0.96, 0.01
22:35:43.462,7740,logger,31,INFO,598.30, 85.91, -751.82, 0.26, 0.05, -0.96, 0.01
22:35:43.492,7770,logger,31,INFO,598.22, 85.83, -751.92, 0.26, 0.05, -0.96, 0.01
22:35:43.506,7785,logger,31,INFO,598.12, 85.72, -751.97, 0.26, 0.05, -0.96, 0.01
22:35:43.523,7801,logger,31,INFO,598.07, 85.66, -751.96, 0.26, 0.05, -0.96, 0.01
22:35:43.566,7844,logger,31,INFO,598.06, 85.66, -751.91, 0.26, 0.05, -0.96, 0.01
22:35:43.583,7861,logger,31,INFO,598.07, 85.66, -751.92, 0.26, 0.05, -0.96, 0.01
22:35:43.612,7890,logger,31,INFO,598.08, 85.65, -752.04, 0.26, 0.05, -0.96, 0.01
22:35:43.627,7906,logger,31,INFO,598.09, 85.65, -752.10, 0.26, 0.05, -0.96, 0.01
22:35:43.657,7935,logger,31,INFO,598.10, 85.68, -752.16, 0.26, 0.05, -0.96, 0.01
22:35:43.675,7953,logger,31,INFO,598.15, 85.84, -752.17, 0.26, 0.05, -0.96, 0.01
22:35:43.691,7970,logger,31,INFO,598.26, 86.02, -752.21, 0.26, 0.05, -0.96, 0.01
22:35:43.719,7998,logger,31,INFO,598.37, 86.18, -752.30, 0.26, 0.05, -0.96, 0.01
22:35:43.738,8016,logger,31,INFO,598.46, 86.44, -752.29, 0.26, 0.05, -0.96, 0.01
22:35:43.772,8051,logger,31,INFO,598.54, 87.06, -752.20, 0.26, 0.05, -0.96, 0.01
22:35:43.827,8106,logger,31,INFO,598.56, 88.03, -752.29, 0.26, 0.05, -0.96, 0.01
22:35:43.845,8123,logger,31,INFO,598.56, 88.20, -752.30, 0.26, 0.05, -0.96, 0.01
22:35:43.873,8151,logger,31,INFO,598.55, 88.23, -752.28, 0.26, 0.05, -0.96, 0.01
22:35:43.889,8168,logger,31,INFO,598.55, 88.23, -752.25, 0.26, 0.05, -0.96, 0.01
22:35:43.905,8184,logger,31,INFO,598.56, 88.26, -752.21, 0.26, 0.05, -0.96, 0.01
22:35:43.922,8200,logger,31,INFO,598.61, 88.36, -752.10, 0.26, 0.05, -0.96, 0.01
22:35:43.953,8231,logger,31,INFO,598.69, 88.51, -751.65, 0.26, 0.05, -0.96, 0.01
22:35:43.985,8263,logger,31,INFO,598.78, 88.70, -751.27, 0.26, 0.05, -0.96, 0.01
22:35:44.005,8283,logger,31,INFO,598.82, 88.77, -751.22, 0.26, 0.05, -0.96, 0.01
22:35:44.060,8338,logger,31,INFO,599.09, 89.23, -751.37, 0.26, 0.05, -0.96, 0.01
22:35:44.116,8394,logger,31,INFO,599.40, 89.62, -751.36, 0.26, 0.05, -0.96, 0.01
22:35:44.150,8428,logger,31,INFO,599.48, 89.66, -751.19, 0.26, 0.05, -0.96, 0.01
22:35:44.212,8490,logger,31,INFO,600.20, 89.85, -751.40, 0.26, 0.05, -0.96, 0.01
22:35:44.230,8508,logger,31,INFO,600.44, 89.88, -751.58, 0.26, 0.05, -0.96, 0.01
22:35:44.288,8566,logger,31,INFO,601.00, 90.05, -751.50, 0.26, 0.05, -0.96, 0.01
22:35:44.304,8582,logger,31,INFO,601.06, 90.05, -751.47, 0.26, 0.05, -0.96, 0.01
22:35:44.338,8616,logger,31,INFO,601.24, 90.05, -751.42, 0.26, 0.05, -0.96, 0.01
22:35:44.393,8671,logger,31,INFO,601.45, 90.07, -751.38, 0.26, 0.05, -0.96, 0.01
22:35:44.422,8700,logger,31,INFO,601.45, 90.07, -751.33, 0.26, 0.05, -0.96, 0.01
22:35:44.508,8786,logger,31,INFO,601.67, 90.03, -751.42, 0.26, 0.05, -0.96, 0.01
22:35:44.555,8834,logger,31,INFO,601.77, 90.09, -751.64, 0.26, 0.05, -0.96, 0.01
22:35:44.595,8874,logger,31,INFO,601.94, 90.24, -751.72, 0.26, 0.05, -0.96, 0.01
22:35:44.674,8952,logger,31,INFO,601.66, 90.40, -752.18, 0.26, 0.05, -0.96, 0.01
22:35:44.705,8983,logger,31,INFO,601.58, 90.46, -752.22, 0.26, 0.05, -0.96, 0.01
22:35:44.724,9002,logger,31,INFO,601.56, 90.60, -752.16, 0.26, 0.05, -0.96, 0.01
22:35:44.790,9068,logger,31,INFO,601.55, 90.64, -751.97, 0.26, 0.05, -0.96, 0.01
22:35:44.834,9113,logger,31,INFO,601.89, 91.30, -751.73, 0.26, 0.05, -0.96, 0.01
22:35:44.850,9128,logger,31,INFO,602.11, 91.35, -751.62, 0.26, 0.05, -0.96, 0.01
22:35:44.877,9155,logger,31,INFO,602.43, 91.77, -751.39, 0.26, 0.05, -0.96, 0.01
22:35:44.892,9170,logger,31,INFO,602.68, 91.83, -751.26, 0.26, 0.05, -0.96, 0.01
22:35:44.911,9189,logger,31,INFO,602.90, 91.88, -751.11, 0.26, 0.05, -0.96, 0.01
22:35:44.928,9206,logger,31,INFO,603.06, 92.04, -750.88, 0.26, 0.05, -0.96, 0.01
22:35:44.950,9228,logger,31,INFO,603.23, 92.24, -750.61, 0.26, 0.05, -0.96, 0.01
22:35:44.967,9245,logger,31,INFO,603.41, 92.37, -750.34, 0.26, 0.05, -0.96, 0.01
22:35:45.007,9285,logger,31,INFO,604.01, 92.88, -749.94, 0.26, 0.05, -0.96, 0.01
22:35:45.055,9333,logger,31,INFO,604.84, 93.34, -749.98, 0.26, 0.05, -0.96, 0.01
22:35:45.097,9375,logger,31,INFO,605.67, 93.75, -749.96, 0.26, 0.05, -0.96, 0.01
22:35:45.116,9394,logger,31,INFO,605.96, 93.89, -749.89, 0.26, 0.05, -0.96, 0.01
22:35:45.178,9456,logger,31,INFO,607.40, 94.81, -749.35, 0.26, 0.05, -0.96, 0.01
22:35:45.239,9518,logger,31,INFO,608.89, 96.36, -749.99, 0.26, 0.05, -0.96, 0.01
22:35:45.270,9548,logger,31,INFO,609.42, 97.29, -750.42, 0.26, 0.05, -0.96, 0.01
22:35:45.319,9597,logger,31,INFO,610.14, 98.61, -750.09, 0.26, 0.05, -0.96, 0.01
22:35:45.357,9636,logger,31,INFO,610.65, 99.41, -749.30, 0.26, 0.05, -0.96, 0.01
22:35:45.492,9770,logger,31,INFO,613.74, 102.14, -748.98, 0.26, 0.05, -0.96, 0.01
22:35:45.576,9855,logger,31,INFO,615.17, 102.57, -749.26, 0.26, 0.05, -0.96, 0.01
22:35:45.678,9956,logger,31,INFO,615.63, 103.65, -749.35, 0.26, 0.05, -0.96, 0.01
22:35:45.977,10255,logger,31,INFO,609.34, 103.40, -750.01, 0.26, 0.05, -0.96, 0.01
22:35:46.213,10492,logger,31,INFO,601.09, 103.91, -753.25, 0.26, 0.05, -0.96, 0.01
22:35:46.522,10801,logger,31,INFO,595.75, 104.81, -747.26, 0.26, 0.05, -0.96, 0.01
22:35:46.652,10931,logger,31,INFO,594.76, 104.69, -744.41, 0.26, 0.05, -0.96, 0.01
22:35:46.760,11038,logger,31,INFO,596.91, 102.93, -748.37, 0.26, 0.05, -0.96, 0.01
22:35:46.793,11071,logger,31,INFO,597.45, 102.49, -749.36, 0.26, 0.05, -0.96, 0.01
22:35:46.807,11085,logger,31,INFO,597.72, 102.27, -749.85, 0.26, 0.05, -0.96, 0.01
22:35:46.839,11117,logger,31,INFO,598.28, 101.81, -750.83, 0.26, 0.05, -0.96, 0.01
22:35:46.856,11135,logger,31,INFO,598.61, 101.54, -751.26, 0.26, 0.05, -0.96, 0.01
22:35:46.873,11151,logger,31,INFO,598.97, 101.24, -751.61, 0.26, 0.05, -0.96, 0.01
22:35:46.887,11166,logger,31,INFO,599.35, 100.95, -751.82, 0.26, 0.05, -0.96, 0.01
22:35:46.916,11194,logger,31,INFO,600.21, 100.27, -751.86, 0.26, 0.05, -0.96, 0.01
22:35:46.987,11265,logger,31,INFO,602.54, 98.42, -751.36, 0.26, 0.05, -0.96, 0.01
22:35:47.043,11321,logger,31,INFO,604.41, 96.93, -750.95, 0.26, 0.05, -0.96, 0.01
22:35:47.141,11419,logger,31,INFO,607.68, 94.34, -750.23, 0.26, 0.05, -0.96, 0.01
22:35:47.221,11499,logger,31,INFO,610.47, 92.09, -749.65, 0.26, 0.05, -0.96, 0.01
22:35:47.236,11514,logger,31,INFO,610.93, 91.71, -749.57, 0.26, 0.05, -0.96, 0.01
22:35:47.255,11533,logger,31,INFO,611.39, 91.33, -749.49, 0.26, 0.05, -0.96, 0.01
22:35:47.289,11568,logger,31,INFO,612.31, 90.56, -749.32, 0.26, 0.05, -0.96, 0.01
22:35:47.330,11609,logger,31,INFO,613.71, 89.43, -749.06, 0.26, 0.05, -0.96, 0.01
22:35:47.345,11623,logger,31,INFO,614.19, 89.08, -748.97, 0.26, 0.05, -0.96, 0.01
22:35:47.378,11656,logger,31,INFO,615.17, 88.43, -748.74, 0.26, 0.05, -0.96, 0.01
22:35:47.445,11724,logger,31,INFO,617.46, 87.01, -747.90, 0.26, 0.05, -0.96, 0.01
22:35:47.476,11754,logger,31,INFO,617.93, 86.66, -747.68, 0.26, 0.05, -0.96, 0.01
22:35:47.490,11769,logger,31,INFO,618.15, 86.38, -747.55, 0.26, 0.05, -0.96, 0.01
22:35:47.509,11788,logger,31,INFO,618.27, 86.16, -747.37, 0.26, 0.05, -0.96, 0.01
22:35:47.539,11817,logger,31,INFO,618.32, 86.06, -746.94, 0.26, 0.05, -0.96, 0.01
22:35:47.584,11862,logger,31,INFO,618.86, 85.49, -746.52, 0.26, 0.05, -0.96, 0.01
22:35:47.641,11920,logger,31,INFO,619.38, 85.17, -746.33, 0.26, 0.05, -0.96, 0.01
22:35:47.684,11962,logger,31,INFO,619.66, 84.73, -747.28, 0.26, 0.05, -0.96, 0.01
22:35:47.715,11993,logger,31,INFO,619.84, 84.44, -747.86, 0.26, 0.05, -0.96, 0.01
22:35:47.743,12021,logger,31,INFO,620.17, 84.08, -747.74, 0.26, 0.05, -0.96, 0.01
22:35:47.786,12064,logger,31,INFO,620.80, 83.65, -746.84, 0.26, 0.05, -0.96, 0.01
22:35:47.813,12091,logger,31,INFO,621.38, 83.18, -746.71, 0.26, 0.05, -0.96, 0.01
22:35:47.857,12135,logger,31,INFO,621.98, 82.45, -745.84, 0.26, 0.05, -0.96, 0.01
22:35:47.916,12194,logger,31,INFO,622.74, 81.77, -743.93, 0.26, 0.05, -0.96, 0.01
22:35:48.041,12319,logger,31,INFO,624.65, 80.75, -744.46, 0.26, 0.05, -0.96, 0.01
22:35:48.060,12338,logger,31,INFO,624.90, 80.68, -744.27, 0.26, 0.05, -0.96, 0.01
22:35:48.087,12365,logger,31,INFO,625.52, 80.48, -744.01, 0.26, 0.05, -0.96, 0.01
22:35:48.102,12380,logger,31,INFO,625.86, 80.34, -743.94, 0.26, 0.05, -0.96, 0.01
22:35:48.132,12410,logger,31,INFO,626.19, 80.37, -743.89, 0.26, 0.05, -0.96, 0.01
22:35:48.148,12426,logger,31,INFO,626.42, 80.27, -743.84, 0.26, 0.05, -0.96, 0.01
22:35:48.177,12455,logger,31,INFO,626.75, 80.15, -743.75, 0.26, 0.05, -0.96, 0.01
22:35:48.193,12472,logger,31,INFO,626.80, 80.07, -743.70, 0.26, 0.05, -0.96, 0.01
22:35:48.252,12531,logger,31,INFO,627.01, 79.62, -742.76, 0.26, 0.05, -0.96, 0.01
22:35:48.311,12589,logger,31,INFO,627.76, 79.09, -741.97, 0.26, 0.05, -0.96, 0.01
22:35:48.344,12622,logger,31,INFO,628.60, 78.88, -741.57, 0.26, 0.05, -0.96, 0.01
22:35:48.398,12676,logger,31,INFO,630.54, 78.60, -741.50, 0.26, 0.05, -0.96, 0.01
22:35:48.415,12693,logger,31,INFO,630.84, 78.56, -741.47, 0.26, 0.05, -0.96, 0.01
22:35:48.484,12762,logger,31,INFO,631.75, 78.49, -742.08, 0.26, 0.05, -0.96, 0.01
22:35:48.498,12776,logger,31,INFO,631.85, 78.50, -741.88, 0.26, 0.05, -0.96, 0.01
22:35:48.551,12829,logger,31,INFO,632.24, 78.45, -740.97, 0.26, 0.05, -0.96, 0.01
22:35:48.579,12857,logger,31,INFO,632.41, 78.41, -740.06, 0.26, 0.05, -0.96, 0.01
22:35:48.698,12976,logger,31,INFO,634.41, 77.62, -741.55, 0.26, 0.05, -0.96, 0.01
22:35:48.951,13230,logger,31,INFO,637.12, 75.73, -740.36, 0.26, 0.05, -0.96, 0.01
22:35:49.174,13453,logger,31,INFO,640.06, 74.07, -739.25, 0.26, 0.05, -0.96, 0.01
22:35:49.303,13582,logger,31,INFO,641.77, 73.61, -738.51, 0.26, 0.05, -0.96, 0.01
22:35:49.335,13614,logger,31,INFO,642.05, 73.53, -738.36, 0.26, 0.05, -0.96, 0.01
22:35:49.354,13633,logger,31,INFO,642.15, 73.47, -737.90, 0.26, 0.05, -0.96, 0.01
22:35:49.381,13659,logger,31,INFO,642.27, 73.34, -736.72, 0.26, 0.05, -0.96, 0.01
22:35:49.430,13708,logger,31,INFO,642.37, 73.21, -735.52, 0.26, 0.05, -0.96, 0.01
22:35:49.478,13757,logger,31,INFO,642.53, 73.02, -733.72, 0.26, 0.05, -0.96, 0.01
22:35:49.497,13775,logger,31,INFO,642.58, 72.95, -733.12, 0.26, 0.05, -0.96, 0.01
22:35:49.580,13859,logger,31,INFO,642.89, 72.57, -729.53, 0.26, 0.05, -0.96, 0.01
22:35:49.598,13877,logger,31,INFO,642.94, 72.50, -728.93, 0.26, 0.05, -0.96, 0.01
22:35:49.641,13919,logger,31,INFO,643.10, 72.27, -727.85, 0.26, 0.05, -0.96, 0.01
22:35:49.659,13938,logger,31,INFO,643.20, 72.18, -728.04, 0.26, 0.05, -0.96, 0.01
22:35:49.691,13969,logger,31,INFO,643.42, 71.95, -729.05, 0.26, 0.05, -0.96, 0.01
22:35:49.709,13987,logger,31,INFO,643.51, 71.85, -729.64, 0.26, 0.05, -0.96, 0.01
22:35:49.752,14030,logger,31,INFO,643.76, 71.58, -731.41, 0.26, 0.05, -0.96, 0.01
22:35:49.767,14046,logger,31,INFO,643.85, 71.49, -732.00, 0.26, 0.05, -0.96, 0.01
22:35:49.784,14062,logger,31,INFO,643.93, 71.40, -732.60, 0.26, 0.05, -0.96, 0.01
22:35:49.839,14117,logger,31,INFO,644.26, 71.03, -734.96, 0.26, 0.05, -0.96, 0.01
22:35:49.858,14136,logger,31,INFO,644.35, 70.94, -735.56, 0.26, 0.05, -0.96, 0.01
22:35:49.899,14178,logger,31,INFO,644.58, 70.70, -737.33, 0.26, 0.05, -0.96, 0.01
22:35:50.221,14499,logger,31,INFO,642.94, 73.17, -738.74, 0.26, 0.05, -0.96, 0.01
22:35:50.501,14779,logger,31,INFO,642.49, 73.65, -739.41, 0.26, 0.05, -0.96, 0.01
22:35:50.656,14934,logger,31,INFO,642.06, 72.29, -737.65, 0.26, 0.05, -0.96, 0.01
22:35:50.672,14950,logger,31,INFO,642.06, 72.30, -737.09, 0.26, 0.05, -0.96, 0.01
22:35:50.691,14969,logger,31,INFO,642.06, 72.30, -736.49, 0.26, 0.05, -0.96, 0.01
22:35:50.725,15003,logger,31,INFO,642.08, 72.30, -735.27, 0.26, 0.05, -0.96, 0.01
22:35:50.744,15022,logger,31,INFO,642.08, 72.30, -734.67, 0.26, 0.05, -0.96, 0.01
22:35:50.767,15045,logger,31,INFO,642.09, 72.30, -734.07, 0.26, 0.05, -0.96, 0.01
22:35:50.799,15077,logger,31,INFO,642.10, 72.30, -732.86, 0.26, 0.05, -0.96, 0.01
22:35:50.818,15096,logger,31,INFO,642.11, 72.29, -732.25, 0.26, 0.05, -0.96, 0.01
22:35:50.836,15114,logger,31,INFO,642.11, 72.29, -731.65, 0.26, 0.05, -0.96, 0.01
22:35:50.867,15146,logger,31,INFO,642.12, 72.29, -730.44, 0.26, 0.05, -0.96, 0.01
22:35:50.889,15167,logger,31,INFO,642.13, 72.29, -729.83, 0.26, 0.05, -0.96, 0.01
22:35:50.911,15190,logger,31,INFO,642.14, 72.29, -729.23, 0.26, 0.05, -0.96, 0.01
22:35:50.930,15208,logger,31,INFO,642.14, 72.29, -728.62, 0.26, 0.05, -0.96, 0.01
22:35:50.965,15243,logger,31,INFO,642.06, 72.27, -727.70, 0.26, 0.05, -0.96, 0.01
22:35:50.984,15263,logger,31,INFO,642.01, 72.25, -727.61, 0.26, 0.05, -0.96, 0.01
22:35:51.018,15297,logger,31,INFO,641.97, 72.11, -728.27, 0.26, 0.05, -0.96, 0.01
22:35:51.039,15317,logger,31,INFO,641.90, 72.05, -728.86, 0.26, 0.05, -0.96, 0.01
22:35:51.059,15338,logger,31,INFO,641.83, 71.98, -729.45, 0.26, 0.05, -0.96, 0.01
22:35:51.437,15715,logger,31,INFO,639.93, 72.87, -739.58, 0.26, 0.05, -0.96, 0.01
22:35:51.714,15992,logger,31,INFO,639.73, 72.41, -739.15, 0.26, 0.05, -0.96, 0.01
22:35:51.842,16120,logger,31,INFO,639.33, 72.74, -738.84, 0.26, 0.05, -0.96, 0.01
22:35:52.004,16282,logger,31,INFO,639.30, 73.04, -731.75, 0.26, 0.05, -0.96, 0.01
22:35:52.250,16528,logger,31,INFO,638.75, 72.65, -734.37, 0.26, 0.05, -0.96, 0.01
22:35:52.377,16656,logger,31,INFO,638.75, 72.30, -738.23, 0.26, 0.05, -0.96, 0.01
22:35:52.403,16682,logger,31,INFO,638.91, 72.29, -737.11, 0.26, 0.05, -0.96, 0.01
22:35:52.497,16776,logger,31,INFO,639.06, 72.29, -732.88, 0.26, 0.05, -0.96, 0.01
22:35:52.555,16833,logger,31,INFO,639.15, 72.29, -730.46, 0.26, 0.05, -0.96, 0.01
22:35:52.689,16967,logger,31,INFO,639.60, 72.30, -729.05, 0.26, 0.05, -0.96, 0.01
22:35:52.796,17074,logger,31,INFO,640.14, 72.30, -733.86, 0.26, 0.05, -0.96, 0.01
22:35:52.913,17192,logger,31,INFO,640.28, 72.12, -737.34, 0.26, 0.05, -0.96, 0.01
22:35:53.007,17286,logger,31,INFO,637.74, 72.01, -734.20, 0.26, 0.05, -0.96, 0.01
22:35:53.083,17361,logger,31,INFO,635.90, 72.08, -732.67, 0.26, 0.05, -0.96, 0.01
22:35:53.109,17387,logger,31,INFO,635.63, 72.05, -733.34, 0.26, 0.05, -0.96, 0.01
22:35:53.137,17415,logger,31,INFO,635.21, 72.00, -734.40, 0.26, 0.05, -0.96, 0.01
22:35:53.153,17432,logger,31,INFO,634.96, 71.98, -734.95, 0.26, 0.05, -0.96, 0.01
22:35:53.169,17447,logger,31,INFO,634.65, 72.01, -735.48, 0.26, 0.05, -0.96, 0.01
22:35:53.188,17467,logger,31,INFO,634.28, 72.09, -735.89, 0.26, 0.05, -0.96, 0.01
22:35:53.207,17485,logger,31,INFO,633.91, 72.16, -736.08, 0.26, 0.05, -0.96, 0.01
22:35:53.235,17513,logger,31,INFO,632.97, 72.42, -735.89, 0.26, 0.05, -0.96, 0.01
22:35:53.253,17531,logger,31,INFO,632.46, 72.61, -735.63, 0.26, 0.05, -0.96, 0.01
22:35:53.280,17558,logger,31,INFO,631.43, 73.03, -735.12, 0.26, 0.05, -0.96, 0.01
22:35:53.296,17575,logger,31,INFO,630.93, 73.23, -735.00, 0.26, 0.05, -0.96, 0.01
22:35:53.365,17643,logger,31,INFO,628.80, 74.18, -736.42, 0.26, 0.05, -0.96, 0.01
22:35:53.380,17658,logger,31,INFO,628.42, 74.36, -736.86, 0.26, 0.05, -0.96, 0.01
22:35:53.450,17728,logger,31,INFO,626.42, 75.32, -738.89, 0.26, 0.05, -0.96, 0.01
22:35:53.552,17830,logger,31,INFO,622.97, 77.00, -738.58, 0.26, 0.05, -0.96, 0.01
22:35:53.608,17886,logger,31,INFO,621.68, 77.56, -740.09, 0.26, 0.05, -0.96, 0.01
22:35:53.700,17978,logger,31,INFO,619.87, 77.98, -743.62, 0.26, 0.05, -0.96, 0.01
22:35:54.325,18603,logger,31,INFO,619.90, 75.41, -745.17, 0.26, 0.05, -0.96, 0.01
22:35:55.201,19479,logger,31,INFO,611.79, 74.92, -729.10, 0.26, 0.05, -0.96, 0.01
22:35:55.338,19616,logger,31,INFO,610.84, 76.57, -734.84, 0.26, 0.05, -0.96, 0.01
22:35:55.469,19747,logger,31,INFO,609.88, 78.23, -740.57, 0.26, 0.05, -0.96, 0.01
22:35:55.482,19761,logger,31,INFO,609.78, 78.39, -741.15, 0.26, 0.05, -0.96, 0.01
22:35:55.497,19775,logger,31,INFO,609.68, 78.56, -741.72, 0.26, 0.05, -0.96, 0.01
22:35:55.513,19791,logger,31,INFO,609.59, 78.73, -742.29, 0.26, 0.05, -0.96, 0.01
22:35:55.542,19820,logger,31,INFO,609.40, 79.06, -743.44, 0.26, 0.05, -0.96, 0.01
22:35:55.557,19835,logger,31,INFO,609.30, 79.22, -744.01, 0.26, 0.05, -0.96, 0.01
22:35:55.574,19853,logger,31,INFO,609.21, 79.39, -744.59, 0.26, 0.05, -0.96, 0.01
22:35:55.605,19884,logger,31,INFO,609.01, 79.72, -745.74, 0.26, 0.05, -0.96, 0.01
22:35:55.649,19927,logger,31,INFO,608.69, 80.27, -747.65, 0.26, 0.05, -0.96, 0.01
22:35:55.662,19940,logger,31,INFO,608.63, 80.38, -748.03, 0.26, 0.05, -0.96, 0.01
22:35:55.691,19970,logger,31,INFO,608.44, 80.71, -749.18, 0.26, 0.05, -0.96, 0.01
22:35:55.710,19989,logger,31,INFO,608.34, 80.88, -749.75, 0.26, 0.05, -0.96, 0.01
22:35:55.771,20049,logger,31,INFO,607.96, 81.54, -752.05, 0.26, 0.05, -0.96, 0.01
22:35:55.787,20066,logger,31,INFO,607.86, 81.71, -752.62, 0.26, 0.05, -0.96, 0.01
22:35:55.830,20108,logger,31,INFO,607.57, 82.21, -754.34, 0.26, 0.05, -0.96, 0.01
22:35:55.846,20124,logger,31,INFO,607.43, 82.43, -754.90, 0.26, 0.05, -0.96, 0.01
22:35:55.862,20140,logger,31,INFO,607.24, 82.70, -755.42, 0.26, 0.05, -0.96, 0.01
22:35:55.906,20185,logger,31,INFO,606.42, 83.67, -756.46, 0.26, 0.05, -0.96, 0.01
22:35:55.973,20251,logger,31,INFO,604.52, 85.79, -757.38, 0.26, 0.05, -0.96, 0.01
22:35:55.989,20268,logger,31,INFO,604.14, 86.22, -757.57, 0.26, 0.05, -0.96, 0.01
22:35:56.019,20297,logger,31,INFO,603.43, 86.99, -758.01, 0.26, 0.05, -0.96, 0.01
22:35:56.049,20328,logger,31,INFO,602.88, 87.61, -758.76, 0.26, 0.05, -0.96, 0.01
22:35:56.066,20344,logger,31,INFO,602.64, 87.88, -759.26, 0.26, 0.05, -0.96, 0.01
22:35:56.082,20360,logger,31,INFO,602.41, 88.12, -759.79, 0.26, 0.05, -0.96, 0.01
22:35:56.114,20392,logger,31,INFO,601.78, 88.49, -760.72, 0.26, 0.05, -0.96, 0.01
22:35:56.132,20410,logger,31,INFO,601.39, 88.63, -760.99, 0.26, 0.05, -0.96, 0.01
22:35:56.163,20441,logger,31,INFO,600.66, 88.78, -761.14, 0.26, 0.05, -0.96, 0.01
22:35:56.189,20468,logger,31,INFO,600.11, 88.92, -761.16, 0.26, 0.05, -0.96, 0.01
22:35:56.220,20499,logger,31,INFO,600.00, 88.99, -761.23, 0.26, 0.05, -0.96, 0.01
22:35:56.235,20514,logger,31,INFO,600.04, 89.04, -761.41, 0.26, 0.05, -0.96, 0.01
22:35:56.252,20530,logger,31,INFO,600.09, 89.08, -761.72, 0.26, 0.05, -0.96, 0.01
22:35:56.299,20577,logger,31,INFO,600.21, 89.24, -762.63, 0.26, 0.05, -0.96, 0.01
22:35:56.340,20618,logger,31,INFO,600.26, 89.63, -762.84, 0.26, 0.05, -0.96, 0.01
22:35:56.357,20635,logger,31,INFO,600.26, 89.75, -762.89, 0.26, 0.05, -0.96, 0.01
22:35:56.373,20651,logger,31,INFO,600.25, 90.03, -762.90, 0.26, 0.05, -0.96, 0.01
22:35:56.417,20696,logger,31,INFO,600.00, 90.51, -762.48, 0.26, 0.05, -0.96, 0.01
22:35:56.435,20713,logger,31,INFO,599.95, 90.61, -762.33, 0.26, 0.05, -0.96, 0.01
22:35:56.472,20751,logger,31,INFO,599.78, 91.13, -762.44, 0.26, 0.05, -0.96, 0.01
22:35:56.489,20767,logger,31,INFO,599.79, 91.14, -762.55, 0.26, 0.05, -0.96, 0.01
22:35:56.505,20783,logger,31,INFO,599.84, 91.35, -762.64, 0.26, 0.05, -0.96, 0.01
22:35:56.522,20801,logger,31,INFO,599.94, 91.68, -762.69, 0.26, 0.05, -0.96, 0.01
22:35:56.554,20832,logger,31,INFO,600.07, 91.96, -762.84, 0.26, 0.05, -0.96, 0.01
22:35:56.573,20851,logger,31,INFO,600.15, 92.17, -762.89, 0.26, 0.05, -0.96, 0.01
22:35:56.617,20895,logger,31,INFO,600.27, 92.52, -762.91, 0.26, 0.05, -0.96, 0.01
22:35:56.633,20911,logger,31,INFO,600.27, 92.52, -762.91, 0.26, 0.05, -0.96, 0.01
22:35:56.678,20956,logger,31,INFO,600.28, 92.92, -763.03, 0.26, 0.05, -0.96, 0.01
22:35:56.695,20974,logger,31,INFO,600.29, 92.96, -763.08, 0.26, 0.05, -0.96, 0.01
22:35:56.737,21015,logger,31,INFO,600.32, 93.31, -763.28, 0.26, 0.05, -0.96, 0.01
22:35:56.754,21032,logger,31,INFO,600.33, 93.30, -763.36, 0.26, 0.05, -0.96, 0.01
22:35:56.781,21060,logger,31,INFO,600.49, 93.10, -763.37, 0.26, 0.05, -0.96, 0.01
22:35:56.803,21081,logger,31,INFO,600.54, 93.07, -763.33, 0.26, 0.05, -0.96, 0.01
22:35:56.831,21109,logger,31,INFO,600.61, 93.01, -763.26, 0.26, 0.05, -0.96, 0.01
22:35:56.859,21138,logger,31,INFO,600.49, 92.94, -763.03, 0.26, 0.05, -0.96, 0.01
22:35:56.875,21153,logger,31,INFO,600.46, 92.91, -762.87, 0.26, 0.05, -0.96, 0.01
22:35:56.892,21171,logger,31,INFO,600.35, 92.90, -762.75, 0.26, 0.05, -0.96, 0.01
22:35:56.935,21213,logger,31,INFO,600.03, 92.74, -762.80, 0.26, 0.05, -0.96, 0.01
22:35:56.953,21231,logger,31,INFO,599.95, 92.67, -762.84, 0.26, 0.05, -0.96, 0.01
22:35:57.004,21282,logger,31,INFO,599.57, 92.27, -763.07, 0.26, 0.05, -0.96, 0.01
22:35:57.021,21299,logger,31,INFO,599.48, 92.17, -763.10, 0.26, 0.05, -0.96, 0.01
22:35:57.067,21345,logger,31,INFO,599.30, 92.28, -763.17, 0.26, 0.05, -0.96, 0.01
22:35:57.125,21403,logger,31,INFO,599.06, 92.49, -763.17, 0.26, 0.05, -0.96, 0.01
22:35:57.171,21449,logger,31,INFO,599.05, 92.36, -763.03, 0.26, 0.05, -0.96, 0.01
22:35:57.202,21480,logger,31,INFO,599.07, 92.29, -763.23, 0.26, 0.05, -0.96, 0.01
22:35:57.218,21496,logger,31,INFO,599.06, 92.23, -763.32, 0.26, 0.05, -0.96, 0.01
22:35:57.232,21511,logger,31,INFO,598.97, 92.12, -763.35, 0.26, 0.05, -0.96, 0.01
22:35:57.260,21538,logger,31,INFO,598.86, 92.04, -763.21, 0.26, 0.05, -0.96, 0.01
22:35:57.278,21557,logger,31,INFO,598.77, 92.11, -763.15, 0.26, 0.05, -0.96, 0.01
22:35:57.309,21587,logger,31,INFO,598.64, 92.29, -763.13, 0.26, 0.05, -0.96, 0.01
22:35:57.329,21607,logger,31,INFO,598.64, 92.28, -763.12, 0.26, 0.05, -0.96, 0.01
22:35:57.348,21626,logger,31,INFO,598.63, 92.32, -763.07, 0.26, 0.05, -0.96, 0.01
22:35:57.365,21643,logger,31,INFO,598.61, 92.31, -762.97, 0.26, 0.05, -0.96, 0.01
22:35:57.392,21670,logger,31,INFO,598.58, 92.27, -762.74, 0.26, 0.05, -0.96, 0.01
22:35:57.408,21687,logger,31,INFO,598.57, 92.17, -762.68, 0.26, 0.05, -0.96, 0.01
22:35:57.426,21704,logger,31,INFO,598.55, 92.12, -762.67, 0.26, 0.05, -0.96, 0.01
22:35:57.467,21745,logger,31,INFO,598.36, 91.92, -762.71, 0.26, 0.05, -0.96, 0.01
22:35:57.483,21762,logger,31,INFO,598.30, 91.83, -762.72, 0.26, 0.05, -0.96, 0.01
22:35:57.501,21779,logger,31,INFO,598.30, 91.62, -762.70, 0.26, 0.05, -0.96, 0.01
22:35:57.529,21807,logger,31,INFO,598.52, 91.54, -762.43, 0.26, 0.05, -0.96, 0.01
22:35:57.563,21841,logger,31,INFO,598.77, 91.41, -762.15, 0.26, 0.05, -0.96, 0.01
22:35:57.597,21875,logger,31,INFO,599.11, 91.34, -762.17, 0.26, 0.05, -0.96, 0.01
22:35:57.615,21894,logger,31,INFO,599.12, 91.38, -762.25, 0.26, 0.05, -0.96, 0.01
22:35:57.646,21924,logger,31,INFO,599.31, 91.17, -762.27, 0.26, 0.05, -0.96, 0.01
22:35:57.701,21979,logger,31,INFO,599.38, 90.57, -762.01, 0.26, 0.05, -0.96, 0.01
22:35:57.718,21996,logger,31,INFO,599.52, 90.56, -761.82, 0.26, 0.05, -0.96, 0.01
22:35:57.734,22012,logger,31,INFO,599.61, 90.51, -761.59, 0.26, 0.05, -0.96, 0.01
22:35:57.790,22068,logger,31,INFO,600.33, 90.14, -761.09, 0.26, 0.05, -0.96, 0.01
22:35:57.807,22085,logger,31,INFO,600.52, 90.03, -761.20, 0.26, 0.05, -0.96, 0.01
22:35:57.854,22132,logger,31,INFO,600.91, 89.73, -761.38, 0.26, 0.05, -0.96, 0.01
22:35:57.914,22192,logger,31,INFO,600.86, 89.55, -761.38, 0.26, 0.05, -0.96, 0.01
22:35:57.932,22211,logger,31,INFO,600.88, 89.57, -761.51, 0.26, 0.05, -0.96, 0.01
22:35:57.988,22266,logger,31,INFO,600.90, 89.76, -761.71, 0.26, 0.05, -0.96, 0.01
22:35:58.292,22570,logger,31,INFO,600.87, 89.99, -761.52, 0.26, 0.05, -0.96, 0.01
22:35:58.653,22932,logger,31,INFO,599.53, 84.56, -759.55, 0.26, 0.05, -0.96, 0.01
22:35:58.767,23045,logger,31,INFO,597.87, 83.31, -754.54, 0.26, 0.05, -0.96, 0.01
22:35:58.793,23071,logger,31,INFO,597.50, 83.03, -753.43, 0.26, 0.05, -0.96, 0.01
22:35:58.931,23209,logger,31,INFO,595.71, 81.26, -748.60, 0.26, 0.05, -0.96, 0.01
22:35:59.162,23440,logger,31,INFO,594.61, 74.82, -756.07, 0.26, 0.05, -0.96, 0.01
22:35:59.297,23575,logger,31,INFO,593.96, 70.72, -760.37, 0.26, 0.05, -0.96, 0.01
22:35:59.314,23592,logger,31,INFO,593.86, 70.24, -760.49, 0.26, 0.05, -0.96, 0.01
22:35:59.330,23608,logger,31,INFO,593.74, 69.92, -760.45, 0.26, 0.05, -0.96, 0.01
22:35:59.349,23627,logger,31,INFO,593.62, 69.73, -760.23, 0.26, 0.05, -0.96, 0.01
22:35:59.379,23657,logger,31,INFO,593.38, 69.31, -759.36, 0.26, 0.05, -0.96, 0.01
22:35:59.418,23697,logger,31,INFO,593.05, 69.51, -757.61, 0.26, 0.05, -0.96, 0.01
22:35:59.437,23715,logger,31,INFO,592.94, 69.56, -757.02, 0.26, 0.05, -0.96, 0.01
22:35:59.454,23732,logger,31,INFO,592.83, 69.60, -756.42, 0.26, 0.05, -0.96, 0.01
22:35:59.480,23758,logger,31,INFO,592.61, 69.68, -755.24, 0.26, 0.05, -0.96, 0.01
22:35:59.511,23789,logger,31,INFO,592.39, 69.77, -754.05, 0.26, 0.05, -0.96, 0.01
22:35:59.528,23806,logger,31,INFO,592.27, 69.81, -753.46, 0.26, 0.05, -0.96, 0.01
22:35:59.555,23834,logger,31,INFO,592.05, 69.90, -752.27, 0.26, 0.05, -0.96, 0.01
22:35:59.571,23849,logger,31,INFO,591.94, 69.94, -751.68, 0.26, 0.05, -0.96, 0.01
22:35:59.590,23869,logger,31,INFO,591.83, 69.99, -751.09, 0.26, 0.05, -0.96, 0.01
22:35:59.632,23910,logger,31,INFO,591.75, 70.11, -750.18, 0.26, 0.05, -0.96, 0.01
22:35:59.649,23927,logger,31,INFO,591.79, 70.16, -750.46, 0.26, 0.05, -0.96, 0.01
22:35:59.680,23959,logger,31,INFO,592.02, 70.25, -751.54, 0.26, 0.05, -0.96, 0.01
22:35:59.698,23976,logger,31,INFO,592.15, 70.28, -752.13, 0.26, 0.05, -0.96, 0.01
22:35:59.728,24007,logger,31,INFO,592.42, 70.33, -753.31, 0.26, 0.05, -0.96, 0.01
22:35:59.745,24024,logger,31,INFO,592.55, 70.36, -753.90, 0.26, 0.05, -0.96, 0.01
22:35:59.773,24051,logger,31,INFO,592.82, 70.42, -755.08, 0.26, 0.05, -0.96, 0.01
22:35:59.790,24068,logger,31,INFO,592.96, 70.45, -755.67, 0.26, 0.05, -0.96, 0.01
22:35:59.841,24119,logger,31,INFO,593.36, 70.54, -757.43, 0.26, 0.05, -0.96, 0.01
22:35:59.856,24134,logger,31,INFO,593.44, 70.62, -758.02, 0.26, 0.05, -0.96, 0.01
22:35:59.874,24152,logger,31,INFO,593.38, 70.79, -758.56, 0.26, 0.05, -0.96, 0.01
22:35:59.912,24190,logger,31,INFO,593.07, 71.01, -759.55, 0.26, 0.05, -0.96, 0.01
22:35:59.928,24206,logger,31,INFO,592.90, 71.06, -759.89, 0.26, 0.05, -0.96, 0.01
22:35:59.943,24221,logger,31,INFO,592.75, 71.18, -760.27, 0.26, 0.05, -0.96, 0.01
22:35:59.958,24237,logger,31,INFO,592.74, 71.22, -760.56, 0.26, 0.05, -0.96, 0.01
22:35:59.979,24258,logger,31,INFO,592.77, 71.07, -760.70, 0.26, 0.05, -0.96, 0.01
22:36:00.040,24318,logger,31,INFO,592.68, 70.42, -760.13, 0.26, 0.05, -0.96, 0.01
22:36:00.058,24336,logger,31,INFO,592.63, 70.25, -760.08, 0.26, 0.05, -0.96, 0.01
22:36:00.075,24353,logger,31,INFO,592.58, 70.11, -760.07, 0.26, 0.05, -0.96, 0.01
22:36:00.129,24408,logger,31,INFO,592.62, 70.09, -760.13, 0.26, 0.05, -0.96, 0.01
22:36:00.144,24422,logger,31,INFO,592.64, 70.04, -760.04, 0.26, 0.05, -0.96, 0.01
22:36:00.161,24439,logger,31,INFO,592.63, 69.99, -759.89, 0.26, 0.05, -0.96, 0.01
22:36:00.195,24473,logger,31,INFO,592.59, 69.87, -759.59, 0.26, 0.05, -0.96, 0.01
22:36:00.212,24490,logger,31,INFO,592.56, 69.65, -759.51, 0.26, 0.05, -0.96, 0.01
22:36:00.228,24506,logger,31,INFO,592.55, 69.57, -759.47, 0.26, 0.05, -0.96, 0.01
22:36:00.245,24524,logger,31,INFO,592.55, 69.59, -759.42, 0.26, 0.05, -0.96, 0.01
22:36:00.327,24605,logger,31,INFO,592.97, 69.37, -759.35, 0.26, 0.05, -0.96, 0.01
22:36:00.366,24645,logger,31,INFO,593.23, 69.37, -759.68, 0.26, 0.05, -0.96, 0.01
22:36:00.382,24660,logger,31,INFO,593.30, 69.38, -759.82, 0.26, 0.05, -0.96, 0.01
22:36:00.411,24689,logger,31,INFO,593.41, 69.19, -759.70, 0.26, 0.05, -0.96, 0.01
22:36:00.427,24705,logger,31,INFO,593.39, 69.16, -759.47, 0.26, 0.05, -0.96, 0.01
22:36:00.455,24733,logger,31,INFO,593.34, 69.05, -759.07, 0.26, 0.05, -0.96, 0.01
22:36:00.473,24751,logger,31,INFO,593.31, 68.97, -759.01, 0.26, 0.05, -0.96, 0.01
22:36:00.503,24781,logger,31,INFO,593.31, 68.96, -759.01, 0.26, 0.05, -0.96, 0.01
22:36:00.530,24808,logger,31,INFO,593.40, 68.95, -758.98, 0.26, 0.05, -0.96, 0.01
22:36:00.550,24828,logger,31,INFO,593.50, 68.95, -758.97, 0.26, 0.05, -0.96, 0.01
22:36:00.608,24886,logger,31,INFO,593.74, 69.01, -759.09, 0.26, 0.05, -0.96, 0.01
22:36:00.638,24917,logger,31,INFO,593.75, 69.17, -759.14, 0.26, 0.05, -0.96, 0.01
22:36:00.655,24933,logger,31,INFO,593.76, 69.18, -759.16, 0.26, 0.05, -0.96, 0.01
22:36:00.687,24965,logger,31,INFO,593.76, 69.36, -759.18, 0.26, 0.05, -0.96, 0.01
22:36:00.715,24994,logger,31,INFO,593.76, 69.38, -759.18, 0.26, 0.05, -0.96, 0.01
22:36:00.734,25012,logger,31,INFO,593.76, 69.38, -759.18, 0.26, 0.05, -0.96, 0.01
22:36:00.753,25031,logger,31,INFO,593.76, 69.38, -759.18, 0.26, 0.05, -0.96, 0.01
22:36:00.769,25047,logger,31,INFO,593.79, 69.37, -759.18, 0.26, 0.05, -0.96, 0.01
22:36:00.811,25090,logger,31,INFO,593.99, 69.40, -759.23, 0.26, 0.05, -0.96, 0.01
22:36:00.829,25107,logger,31,INFO,594.08, 69.40, -759.24, 0.26, 0.05, -0.96, 0.01
22:36:00.884,25162,logger,31,INFO,594.27, 69.15, -759.60, 0.26, 0.05, -0.96, 0.01
22:36:00.912,25190,logger,31,INFO,594.32, 69.05, -759.99, 0.26, 0.05, -0.96, 0.01
22:36:00.930,25208,logger,31,INFO,594.34, 68.95, -760.07, 0.26, 0.05, -0.96, 0.01
22:36:00.983,25261,logger,31,INFO,594.23, 68.95, -759.39, 0.26, 0.05, -0.96, 0.01
22:36:00.999,25277,logger,31,INFO,594.20, 68.95, -759.10, 0.26, 0.05, -0.96, 0.01
22:36:01.031,25309,logger,31,INFO,593.99, 68.82, -758.91, 0.26, 0.05, -0.96, 0.01
22:36:01.064,25342,logger,31,INFO,593.91, 68.73, -758.95, 0.26, 0.05, -0.96, 0.01
22:36:01.080,25358,logger,31,INFO,593.83, 68.63, -759.00, 0.26, 0.05, -0.96, 0.01
22:36:01.098,25377,logger,31,INFO,593.74, 68.55, -759.11, 0.26, 0.05, -0.96, 0.01
22:36:01.125,25404,logger,31,INFO,593.55, 68.55, -759.30, 0.26, 0.05, -0.96, 0.01
22:36:01.157,25436,logger,31,INFO,593.48, 68.51, -759.33, 0.26, 0.05, -0.96, 0.01
22:36:01.176,25454,logger,31,INFO,593.40, 68.53, -759.36, 0.26, 0.05, -0.96, 0.01
22:36:01.220,25499,logger,31,INFO,593.28, 68.55, -759.52, 0.26, 0.05, -0.96, 0.01
22:36:01.239,25517,logger,31,INFO,593.18, 68.55, -759.47, 0.26, 0.05, -0.96, 0.01
22:36:01.283,25561,logger,31,INFO,592.97, 68.69, -759.37, 0.26, 0.05, -0.96, 0.01
22:36:01.312,25591,logger,31,INFO,592.78, 68.97, -759.57, 0.26, 0.05, -0.96, 0.01
22:36:01.356,25634,logger,31,INFO,592.54, 69.45, -759.70, 0.26, 0.05, -0.96, 0.01
22:36:01.374,25653,logger,31,INFO,592.43, 69.58, -759.78, 0.26, 0.05, -0.96, 0.01
22:36:01.401,25679,logger,31,INFO,592.37, 69.60, -759.97, 0.26, 0.05, -0.96, 0.01
22:36:01.435,25713,logger,31,INFO,592.43, 69.96, -760.03, 0.26, 0.05, -0.96, 0.01
22:36:01.729,26007,logger,31,INFO,592.70, 72.29, -760.21, 0.26, 0.05, -0.96, 0.01
22:36:01.910,26188,logger,31,INFO,592.72, 71.68, -759.60, 0.26, 0.05, -0.96, 0.01
22:36:02.044,26323,logger,31,INFO,591.66, 71.23, -760.36, 0.26, 0.05, -0.96, 0.01
22:36:02.060,26338,logger,31,INFO,591.65, 71.27, -760.68, 0.26, 0.05, -0.96, 0.01
22:36:02.076,26355,logger,31,INFO,591.62, 71.36, -760.91, 0.26, 0.05, -0.96, 0.01
22:36:02.093,26371,logger,31,INFO,591.60, 71.51, -761.01, 0.26, 0.05, -0.96, 0.01
22:36:02.108,26387,logger,31,INFO,591.56, 71.63, -760.98, 0.26, 0.05, -0.96, 0.01
22:36:02.123,26402,logger,31,INFO,591.50, 71.63, -760.82, 0.26, 0.05, -0.96, 0.01
22:36:02.141,26419,logger,31,INFO,591.43, 71.67, -760.49, 0.26, 0.05, -0.96, 0.01
22:36:02.180,26458,logger,31,INFO,591.07, 71.83, -758.85, 0.26, 0.05, -0.96, 0.01
22:36:02.201,26479,logger,31,INFO,590.93, 71.83, -758.26, 0.26, 0.05, -0.96, 0.01
22:36:02.229,26507,logger,31,INFO,590.66, 71.83, -757.09, 0.26, 0.05, -0.96, 0.01
22:36:02.288,26566,logger,31,INFO,590.10, 71.82, -754.73, 0.26, 0.05, -0.96, 0.01
22:36:02.493,26771,logger,31,INFO,589.48, 71.83, -752.37, 0.26, 0.05, -0.96, 0.01
22:36:02.521,26799,logger,31,INFO,589.70, 71.83, -753.55, 0.26, 0.05, -0.96, 0.01
22:36:02.575,26853,logger,31,INFO,590.17, 71.84, -755.92, 0.26, 0.05, -0.96, 0.01
22:36:02.602,26881,logger,31,INFO,590.40, 71.85, -757.11, 0.26, 0.05, -0.96, 0.01
22:36:02.621,26900,logger,31,INFO,590.52, 71.85, -757.70, 0.26, 0.05, -0.96, 0.01
22:36:02.650,26928,logger,31,INFO,590.72, 71.79, -758.88, 0.26, 0.05, -0.96, 0.01
22:36:02.677,26956,logger,31,INFO,590.69, 71.35, -759.90, 0.26, 0.05, -0.96, 0.01
22:36:02.694,26972,logger,31,INFO,590.62, 71.04, -760.22, 0.26, 0.05, -0.96, 0.01
22:36:02.708,26986,logger,31,INFO,590.55, 70.63, -760.43, 0.26, 0.05, -0.96, 0.01
22:36:02.728,27006,logger,31,INFO,590.41, 70.14, -760.56, 0.26, 0.05, -0.96, 0.01
22:36:02.771,27049,logger,31,INFO,589.98, 68.99, -760.40, 0.26, 0.05, -0.96, 0.01
22:36:02.788,27066,logger,31,INFO,589.88, 68.74, -760.26, 0.26, 0.05, -0.96, 0.01
22:36:02.805,27083,logger,31,INFO,589.70, 68.50, -760.18, 0.26, 0.05, -0.96, 0.01
22:36:02.846,27124,logger,31,INFO,589.23, 68.04, -759.90, 0.26, 0.05, -0.96, 0.01
22:36:02.866,27144,logger,31,INFO,589.06, 67.89, -759.82, 0.26, 0.05, -0.96, 0.01
22:36:02.881,27159,logger,31,INFO,588.90, 67.74, -759.79, 0.26, 0.05, -0.96, 0.01
22:36:02.900,27179,logger,31,INFO,588.83, 67.68, -759.80, 0.26, 0.05, -0.96, 0.01
22:36:02.933,27211,logger,31,INFO,588.79, 67.68, -760.06, 0.26, 0.05, -0.96, 0.01
22:36:02.963,27241,logger,31,INFO,588.77, 67.65, -760.74, 0.26, 0.05, -0.96, 0.01
22:36:02.994,27272,logger,31,INFO,588.73, 67.66, -761.21, 0.26, 0.05, -0.96, 0.01
22:36:03.013,27291,logger,31,INFO,588.72, 67.76, -761.19, 0.26, 0.05, -0.96, 0.01
22:36:03.042,27320,logger,31,INFO,588.72, 68.08, -760.68, 0.26, 0.05, -0.96, 0.01
22:36:03.079,27357,logger,31,INFO,588.90, 68.66, -759.84, 0.26, 0.05, -0.96, 0.01
22:36:03.135,27413,logger,31,INFO,589.58, 69.87, -759.53, 0.26, 0.05, -0.96, 0.01
22:36:03.153,27431,logger,31,INFO,589.87, 70.31, -759.75, 0.26, 0.05, -0.96, 0.01
22:36:03.203,27481,logger,31,INFO,590.54, 71.12, -760.64, 0.26, 0.05, -0.96, 0.01
22:36:03.234,27512,logger,31,INFO,590.71, 71.54, -760.91, 0.26, 0.05, -0.96, 0.01
22:36:03.299,27577,logger,31,INFO,590.53, 72.57, -761.31, 0.26, 0.05, -0.96, 0.01
22:36:03.317,27595,logger,31,INFO,590.43, 73.06, -761.34, 0.26, 0.05, -0.96, 0.01
22:36:03.337,27615,logger,31,INFO,590.30, 73.45, -761.34, 0.26, 0.05, -0.96, 0.01
22:36:03.384,27662,logger,31,INFO,589.96, 74.39, -761.42, 0.26, 0.05, -0.96, 0.01
22:36:03.404,27682,logger,31,INFO,589.85, 74.70, -761.49, 0.26, 0.05, -0.96, 0.01
22:36:03.447,27725,logger,31,INFO,589.71, 74.96, -761.70, 0.26, 0.05, -0.96, 0.01
22:36:03.464,27742,logger,31,INFO,589.65, 75.12, -761.73, 0.26, 0.05, -0.96, 0.01
22:36:03.482,27761,logger,31,INFO,589.59, 75.15, -761.73, 0.26, 0.05, -0.96, 0.01
22:36:03.542,27820,logger,31,INFO,589.14, 74.75, -761.36, 0.26, 0.05, -0.96, 0.01
22:36:03.569,27847,logger,31,INFO,588.97, 74.70, -761.17, 0.26, 0.05, -0.96, 0.01
22:36:03.588,27866,logger,31,INFO,588.80, 74.58, -761.06, 0.26, 0.05, -0.96, 0.01
22:36:03.622,27900,logger,31,INFO,588.66, 74.35, -761.00, 0.26, 0.05, -0.96, 0.01
22:36:03.660,27938,logger,31,INFO,588.66, 74.34, -761.00, 0.26, 0.05, -0.96, 0.01
22:36:03.703,27982,logger,31,INFO,588.57, 74.12, -761.44, 0.26, 0.05, -0.96, 0.01
22:36:03.737,28016,logger,31,INFO,588.51, 73.99, -761.93, 0.26, 0.05, -0.96, 0.01
22:36:03.755,28034,logger,31,INFO,588.45, 73.83, -762.00, 0.26, 0.05, -0.96, 0.01
22:36:03.810,28088,logger,31,INFO,588.37, 73.65, -761.50, 0.26, 0.05, -0.96, 0.01
22:36:03.828,28107,logger,31,INFO,588.38, 73.55, -761.36, 0.26, 0.05, -0.96, 0.01
22:36:03.847,28125,logger,31,INFO,588.54, 73.47, -761.28, 0.26, 0.05, -0.96, 0.01
22:36:03.864,28142,logger,31,INFO,588.71, 73.46, -761.28, 0.26, 0.05, -0.96, 0.01
22:36:03.884,28162,logger,31,INFO,588.79, 73.51, -761.38, 0.26, 0.05, -0.96, 0.01
22:36:03.908,28186,logger,31,INFO,588.93, 73.52, -761.49, 0.26, 0.05, -0.96, 0.01
22:36:03.961,28239,logger,31,INFO,589.51, 73.69, -761.50, 0.26, 0.05, -0.96, 0.01
22:36:03.978,28256,logger,31,INFO,589.72, 73.81, -761.43, 0.26, 0.05, -0.96, 0.01
22:36:04.011,28289,logger,31,INFO,590.04, 74.12, -761.35, 0.26, 0.05, -0.96, 0.01
22:36:04.057,28335,logger,31,INFO,590.32, 74.35, -761.05, 0.26, 0.05, -0.96, 0.01
22:36:04.076,28354,logger,31,INFO,590.31, 74.35, -760.85, 0.26, 0.05, -0.96, 0.01
22:36:04.095,28374,logger,31,INFO,590.30, 74.35, -760.66, 0.26, 0.05, -0.96, 0.01
22:36:04.131,28409,logger,31,INFO,590.59, 74.33, -760.52, 0.26, 0.05, -0.96, 0.01
22:36:04.176,28455,logger,31,INFO,590.77, 74.40, -760.66, 0.26, 0.05, -0.96, 0.01
22:36:04.195,28473,logger,31,INFO,591.01, 74.38, -760.67, 0.26, 0.05, -0.96, 0.01
22:36:04.226,28504,logger,31,INFO,591.47, 74.35, -760.59, 0.26, 0.05, -0.96, 0.01
22:36:04.260,28538,logger,31,INFO,591.65, 74.40, -760.43, 0.26, 0.05, -0.96, 0.01
22:36:04.277,28555,logger,31,INFO,591.81, 74.38, -760.38, 0.26, 0.05, -0.96, 0.01
22:36:04.309,28588,logger,31,INFO,591.72, 74.38, -760.60, 0.26, 0.05, -0.96, 0.01
22:36:04.327,28605,logger,31,INFO,591.73, 74.35, -760.73, 0.26, 0.05, -0.96, 0.01
22:36:04.372,28650,logger,31,INFO,591.57, 74.44, -760.89, 0.26, 0.05, -0.96, 0.01
22:36:04.403,28682,logger,31,INFO,591.59, 74.76, -761.02, 0.26, 0.05, -0.96, 0.01
22:36:04.423,28701,logger,31,INFO,591.61, 74.78, -761.11, 0.26, 0.05, -0.96, 0.01
22:36:04.724,29003,logger,31,INFO,589.86, 75.31, -760.64, 0.26, 0.05, -0.96, 0.01
22:36:04.942,29220,logger,31,INFO,590.38, 75.04, -761.26, 0.26, 0.05, -0.96, 0.01
22:36:05.067,29345,logger,31,INFO,590.50, 75.20, -760.76, 0.26, 0.05, -0.96, 0.01
22:36:05.081,29359,logger,31,INFO,590.54, 75.24, -760.85, 0.26, 0.05, -0.96, 0.01
22:36:05.100,29379,logger,31,INFO,590.68, 75.44, -760.89, 0.26, 0.05, -0.96, 0.01
22:36:05.118,29396,logger,31,INFO,590.94, 75.66, -760.87, 0.26, 0.05, -0.96, 0.01
22:36:05.144,29423,logger,31,INFO,591.13, 75.64, -760.78, 0.26, 0.05, -0.96, 0.01
22:36:05.161,29439,logger,31,INFO,591.20, 75.76, -760.57, 0.26, 0.05, -0.96, 0.01
22:36:05.201,29479,logger,31,INFO,591.14, 75.71, -759.11, 0.26, 0.05, -0.96, 0.01
22:36:05.217,29495,logger,31,INFO,591.00, 75.74, -758.52, 0.26, 0.05, -0.96, 0.01
22:36:05.265,29544,logger,31,INFO,590.58, 75.84, -756.76, 0.26, 0.05, -0.96, 0.01
22:36:05.296,29574,logger,31,INFO,590.29, 75.91, -755.59, 0.26, 0.05, -0.96, 0.01
22:36:05.315,29593,logger,31,INFO,590.15, 75.94, -755.00, 0.26, 0.05, -0.96, 0.01
22:36:05.385,29663,logger,31,INFO,589.60, 76.07, -752.68, 0.26, 0.05, -0.96, 0.01
22:36:05.404,29682,logger,31,INFO,589.50, 76.09, -752.27, 0.26, 0.05, -0.96, 0.01
22:36:05.421,29699,logger,31,INFO,589.46, 76.09, -752.14, 0.26, 0.05, -0.96, 0.01
22:36:05.442,29720,logger,31,INFO,589.43, 76.11, -752.32, 0.26, 0.05, -0.96, 0.01
22:36:05.461,29740,logger,31,INFO,589.43, 76.13, -752.77, 0.26, 0.05, -0.96, 0.01
22:36:05.492,29770,logger,31,INFO,589.55, 76.12, -753.96, 0.26, 0.05, -0.96, 0.01
22:36:05.526,29804,logger,31,INFO,589.69, 76.10, -755.16, 0.26, 0.05, -0.96, 0.01
22:36:05.570,29848,logger,31,INFO,589.89, 76.07, -756.96, 0.26, 0.05, -0.96, 0.01
22:36:05.577,29855,logger,31,INFO,589.91, 76.07, -757.16, 0.26, 0.05, -0.96, 0.01
22:36:05.584,29862,logger,31,INFO,589.94, 76.07, -757.36, 0.26, 0.05, -0.96, 0.01
22:36:05.595,29873,logger,31,INFO,589.96, 76.06, -757.56, 0.26, 0.05, -0.96, 0.01
22:36:05.671,29949,logger,31,INFO,590.53, 75.79, -760.41, 0.26, 0.05, -0.96, 0.01
22:36:05.688,29966,logger,31,INFO,590.79, 75.59, -760.73, 0.26, 0.05, -0.96, 0.01
22:36:05.705,29984,logger,31,INFO,591.02, 75.37, -760.87, 0.26, 0.05, -0.96, 0.01
22:36:05.746,30024,logger,31,INFO,591.61, 74.59, -760.63, 0.26, 0.05, -0.96, 0.01
22:36:05.799,30078,logger,31,INFO,592.09, 73.60, -760.09, 0.26, 0.05, -0.96, 0.01
22:36:05.819,30097,logger,31,INFO,592.13, 73.38, -760.01, 0.26, 0.05, -0.96, 0.01
22:36:05.872,30151,logger,31,INFO,592.00, 73.33, -759.96, 0.26, 0.05, -0.96, 0.01
22:36:05.882,30160,logger,31,INFO,591.97, 73.36, -759.96, 0.26, 0.05, -0.96, 0.01
22:36:05.897,30176,logger,31,INFO,591.90, 73.44, -759.96, 0.26, 0.05, -0.96, 0.01
22:36:05.920,30198,logger,31,INFO,591.81, 73.55, -759.96, 0.26, 0.05, -0.96, 0.01
22:36:05.979,30257,logger,31,INFO,591.80, 73.71, -759.93, 0.26, 0.05, -0.96, 0.01
22:36:05.998,30276,logger,31,INFO,591.81, 73.78, -759.95, 0.26, 0.05, -0.96, 0.01
22:36:06.015,30294,logger,31,INFO,591.82, 73.75, -760.02, 0.26, 0.05, -0.96, 0.01
22:36:06.063,30341,logger,31,INFO,591.84, 73.97, -760.15, 0.26, 0.05, -0.96, 0.01
22:36:06.083,30362,logger,31,INFO,591.83, 73.98, -760.13, 0.26, 0.05, -0.96, 0.01
22:36:06.132,30410,logger,31,INFO,591.84, 74.18, -760.09, 0.26, 0.05, -0.96, 0.01
22:36:06.165,30443,logger,31,INFO,591.83, 74.34, -760.12, 0.26, 0.05, -0.96, 0.01
22:36:06.198,30476,logger,31,INFO,591.83, 74.39, -760.03, 0.26, 0.05, -0.96, 0.01
22:36:06.216,30495,logger,31,INFO,591.87, 74.39, -759.98, 0.26, 0.05, -0.96, 0.01
22:36:06.234,30512,logger,31,INFO,591.90, 74.39, -759.95, 0.26, 0.05, -0.96, 0.01
22:36:06.266,30545,logger,31,INFO,591.84, 74.42, -759.96, 0.26, 0.05, -0.96, 0.01
22:36:06.285,30563,logger,31,INFO,591.89, 74.40, -759.94, 0.26, 0.05, -0.96, 0.01
22:36:06.303,30581,logger,31,INFO,591.86, 74.39, -759.93, 0.26, 0.05, -0.96, 0.01
22:36:06.346,30625,logger,31,INFO,591.80, 74.40, -759.92, 0.26, 0.05, -0.96, 0.01
22:36:06.370,30648,logger,31,INFO,591.80, 74.40, -759.92, 0.26, 0.05, -0.96, 0.01
22:36:06.389,30667,logger,31,INFO,591.89, 74.38, -759.93, 0.26, 0.05, -0.96, 0.01
22:36:06.409,30688,logger,31,INFO,592.01, 74.37, -759.97, 0.26, 0.05, -0.96, 0.01
22:36:06.443,30721,logger,31,INFO,592.07, 74.42, -760.11, 0.26, 0.05, -0.96, 0.01
22:36:06.488,30767,logger,31,INFO,591.68, 74.77, -759.99, 0.26, 0.05, -0.96, 0.01
22:36:06.536,30814,logger,31,INFO,590.95, 75.03, -760.25, 0.26, 0.05, -0.96, 0.01
22:36:06.571,30849,logger,31,INFO,590.69, 75.21, -760.41, 0.26, 0.05, -0.96, 0.01
22:36:06.641,30919,logger,31,INFO,590.69, 75.21, -760.39, 0.26, 0.05, -0.96, 0.01
22:36:06.658,30937,logger,31,INFO,590.81, 75.26, -760.43, 0.26, 0.05, -0.96, 0.01
22:36:06.689,30967,logger,31,INFO,590.86, 75.46, -760.44, 0.26, 0.05, -0.96, 0.01
22:36:06.937,31215,logger,31,INFO,591.59, 76.55, -760.12, 0.26, 0.05, -0.96, 0.01
22:36:07.102,31381,logger,31,INFO,592.46, 75.71, -759.00, 0.26, 0.05, -0.96, 0.01
22:36:07.248,31526,logger,31,INFO,593.53, 74.73, -759.17, 0.26, 0.05, -0.96, 0.01
22:36:07.275,31553,logger,31,INFO,593.39, 74.63, -759.20, 0.26, 0.05, -0.96, 0.01
22:36:07.364,31643,logger,31,INFO,593.31, 75.82, -758.98, 0.26, 0.05, -0.96, 0.01
22:36:07.380,31659,logger,31,INFO,593.28, 76.09, -758.92, 0.26, 0.05, -0.96, 0.01
22:36:07.400,31678,logger,31,INFO,593.22, 76.23, -758.78, 0.26, 0.05, -0.96, 0.01
22:36:07.420,31698,logger,31,INFO,593.14, 76.30, -758.51, 0.26, 0.05, -0.96, 0.01
22:36:07.443,31721,logger,31,INFO,593.04, 76.37, -758.09, 0.26, 0.05, -0.96, 0.01
22:36:07.461,31740,logger,31,INFO,592.91, 76.47, -757.56, 0.26, 0.05, -0.96, 0.01
22:36:07.714,31992,logger,31,INFO,592.14, 77.31, -751.10, 0.26, 0.05, -0.96, 0.01
22:36:07.977,32255,logger,31,INFO,594.47, 76.41, -756.89, 0.26, 0.05, -0.96, 0.01
22:36:08.212,32490,logger,31,INFO,593.94, 77.24, -753.81, 0.26, 0.05, -0.96, 0.01
22:36:08.457,32735,logger,31,INFO,593.02, 75.08, -747.74, 0.26, 0.05, -0.96, 0.01
22:36:08.605,32883,logger,31,INFO,595.02, 71.83, -752.43, 0.26, 0.05, -0.96, 0.01
22:36:08.618,32896,logger,31,INFO,595.22, 71.51, -752.90, 0.26, 0.05, -0.96, 0.01
22:36:08.632,32910,logger,31,INFO,595.38, 71.24, -753.35, 0.26, 0.05, -0.96, 0.01
22:36:08.648,32926,logger,31,INFO,595.44, 71.15, -753.66, 0.26, 0.05, -0.96, 0.01
22:36:08.666,32944,logger,31,INFO,595.42, 71.15, -753.74, 0.26, 0.05, -0.96, 0.01
22:36:08.679,32957,logger,31,INFO,595.39, 71.11, -753.55, 0.26, 0.05, -0.96, 0.01
22:36:08.693,32972,logger,31,INFO,595.26, 71.20, -753.16, 0.26, 0.05, -0.96, 0.01
22:36:08.708,32987,logger,31,INFO,595.04, 71.46, -752.69, 0.26, 0.05, -0.96, 0.01
22:36:08.749,33027,logger,31,INFO,594.36, 72.30, -751.24, 0.26, 0.05, -0.96, 0.01
22:36:08.778,33057,logger,31,INFO,593.90, 72.87, -750.27, 0.26, 0.05, -0.96, 0.01
22:36:08.808,33086,logger,31,INFO,593.44, 73.43, -749.30, 0.26, 0.05, -0.96, 0.01
22:36:08.830,33108,logger,31,INFO,593.21, 73.72, -748.82, 0.26, 0.05, -0.96, 0.01
22:36:08.849,33127,logger,31,INFO,592.98, 74.00, -748.34, 0.26, 0.05, -0.96, 0.01
22:36:08.879,33157,logger,31,INFO,592.53, 74.56, -747.37, 0.26, 0.05, -0.96, 0.01
22:36:08.911,33190,logger,31,INFO,592.22, 74.97, -746.57, 0.26, 0.05, -0.96, 0.01
22:36:08.928,33206,logger,31,INFO,592.21, 75.02, -746.47, 0.26, 0.05, -0.96, 0.01
22:36:09.821,34099,logger,31,INFO,592.57, 76.66, -757.30, 0.26, 0.05, -0.96, 0.01
22:36:09.829,34107,logger,31,INFO,592.57, 76.66, -757.30, 0.26, 0.05, -0.96, 0.01
22:36:09.836,34114,logger,31,INFO,592.57, 76.66, -757.30, 0.26, 0.05, -0.96, 0.01
22:36:09.842,34121,logger,31,INFO,592.57, 76.66, -757.30, 0.26, 0.05, -0.96, 0.01
22:36:09.850,34128,logger,31,INFO,592.57, 76.66, -757.30, 0.26, 0.05, -0.96, 0.01
22:36:09.855,34134,logger,31,INFO,592.57, 76.66, -757.30, 0.26, 0.05, -0.96, 0.01
22:36:09.865,34144,logger,31,INFO,592.57, 76.66, -757.30, 0.26, 0.05, -0.96, 0.01
22:36:09.879,34158,logger,31,INFO,592.57, 76.66, -757.30, 0.26, 0.05, -0.96, 0.01
22:36:09.889,34167,logger,31,INFO,592.57, 76.66, -757.30, 0.26, 0.05, -0.96, 0.01
22:36:09.896,34175,logger,31,INFO,592.57, 76.66, -757.30, 0.26, 0.05, -0.96, 0.01
22:36:09.904,34182,logger,31,INFO,592.57, 76.66, -757.30, 0.26, 0.05, -0.96, 0.01
22:36:09.912,34190,logger,31,INFO,592.57, 76.66, -757.30, 0.26, 0.05, -0.96, 0.01
22:36:09.921,34199,logger,31,INFO,592.57, 76.66, -757.30, 0.26, 0.05, -0.96, 0.01
22:36:09.930,34208,logger,31,INFO,592.57, 76.66, -757.30, 0.26, 0.05, -0.96, 0.01
22:36:09.937,34215,logger,31,INFO,592.57, 76.66, -757.30, 0.26, 0.05, -0.96, 0.01
22:36:09.946,34224,logger,31,INFO,592.57, 76.66, -757.30, 0.26, 0.05, -0.96, 0.01
22:36:09.958,34236,logger,31,INFO,592.62, 76.63, -757.28, 0.26, 0.05, -0.96, 0.01
22:36:09.978,34256,logger,31,INFO,592.81, 76.53, -757.22, 0.26, 0.05, -0.96, 0.01
22:36:09.996,34274,logger,31,INFO,593.08, 76.43, -757.10, 0.26, 0.05, -0.96, 0.01
22:36:10.011,34290,logger,31,INFO,593.37, 76.36, -756.94, 0.26, 0.05, -0.96, 0.01
22:36:10.040,34319,logger,31,INFO,594.29, 76.08, -756.47, 0.26, 0.05, -0.96, 0.01
22:36:10.056,34334,logger,31,INFO,594.81, 75.91, -756.22, 0.26, 0.05, -0.96, 0.01
22:36:10.076,34354,logger,31,INFO,595.24, 75.78, -756.00, 0.26, 0.05, -0.96, 0.01
22:36:10.106,34384,logger,31,INFO,595.80, 75.63, -755.71, 0.26, 0.05, -0.96, 0.01
22:36:10.124,34402,logger,31,INFO,596.01, 75.53, -755.63, 0.26, 0.05, -0.96, 0.01
22:36:10.142,34420,logger,31,INFO,596.09, 75.46, -755.60, 0.26, 0.05, -0.96, 0.01
22:36:10.172,34451,logger,31,INFO,596.11, 75.25, -755.64, 0.26, 0.05, -0.96, 0.01
22:36:10.188,34466,logger,31,INFO,596.11, 75.27, -755.67, 0.26, 0.05, -0.96, 0.01
22:36:10.204,34482,logger,31,INFO,596.11, 75.20, -755.70, 0.26, 0.05, -0.96, 0.01
22:36:10.220,34498,logger,31,INFO,596.12, 75.08, -755.71, 0.26, 0.05, -0.96, 0.01
22:36:10.268,34547,logger,31,INFO,596.12, 75.04, -755.72, 0.26, 0.05, -0.96, 0.01
22:36:10.329,34607,logger,31,INFO,596.28, 74.83, -755.52, 0.26, 0.05, -0.96, 0.01
22:36:10.344,34623,logger,31,INFO,596.29, 74.85, -755.41, 0.26, 0.05, -0.96, 0.01
22:36:10.388,34666,logger,31,INFO,596.46, 74.64, -755.21, 0.26, 0.05, -0.96, 0.01
22:36:10.404,34682,logger,31,INFO,596.46, 74.64, -755.21, 0.26, 0.05, -0.96, 0.01
22:36:10.448,34727,logger,31,INFO,596.46, 74.67, -755.21, 0.26, 0.05, -0.96, 0.01
22:36:10.495,34774,logger,31,INFO,596.51, 75.06, -755.51, 0.26, 0.05, -0.96, 0.01
22:36:10.528,34806,logger,31,INFO,596.54, 75.33, -755.74, 0.26, 0.05, -0.96, 0.01
22:36:10.582,34860,logger,31,INFO,596.55, 75.47, -755.77, 0.26, 0.05, -0.96, 0.01
22:36:10.599,34877,logger,31,INFO,596.55, 75.47, -755.77, 0.26, 0.05, -0.96, 0.01
22:36:10.629,34907,logger,31,INFO,596.36, 75.50, -755.75, 0.26, 0.05, -0.96, 0.01
22:36:10.648,34926,logger,31,INFO,596.32, 75.47, -755.70, 0.26, 0.05, -0.96, 0.01
22:36:10.694,34972,logger,31,INFO,595.93, 75.90, -755.72, 0.26, 0.05, -0.96, 0.01
22:36:10.711,34989,logger,31,INFO,595.90, 75.90, -755.76, 0.26, 0.05, -0.96, 0.01
22:36:10.729,35007,logger,31,INFO,595.86, 75.96, -755.80, 0.26, 0.05, -0.96, 0.01
22:36:10.771,35049,logger,31,INFO,595.72, 76.31, -755.85, 0.26, 0.05, -0.96, 0.01
22:36:10.804,35082,logger,31,INFO,595.71, 76.33, -755.86, 0.26, 0.05, -0.96, 0.01
22:36:10.822,35100,logger,31,INFO,595.68, 76.47, -755.90, 0.26, 0.05, -0.96, 0.01
22:36:10.849,35127,logger,31,INFO,595.60, 76.88, -756.23, 0.26, 0.05, -0.96, 0.01
22:36:10.912,35190,logger,31,INFO,595.47, 77.69, -756.86, 0.26, 0.05, -0.96, 0.01
22:36:10.929,35208,logger,31,INFO,595.47, 77.76, -756.89, 0.26, 0.05, -0.96, 0.01
22:36:10.961,35239,logger,31,INFO,595.40, 77.79, -756.92, 0.26, 0.05, -0.96, 0.01
22:36:10.992,35270,logger,31,INFO,595.24, 77.75, -756.86, 0.26, 0.05, -0.96, 0.01
22:36:11.017,35296,logger,31,INFO,595.19, 77.70, -756.81, 0.26, 0.05, -0.96, 0.01
22:36:11.058,35336,logger,31,INFO,594.97, 77.54, -756.75, 0.26, 0.05, -0.96, 0.01
22:36:11.075,35353,logger,31,INFO,595.08, 77.58, -756.56, 0.26, 0.05, -0.96, 0.01
22:36:11.118,35397,logger,31,INFO,595.61, 78.07, -755.80, 0.26, 0.05, -0.96, 0.01
22:36:11.137,35415,logger,31,INFO,595.79, 78.17, -755.69, 0.26, 0.05, -0.96, 0.01
22:36:11.166,35445,logger,31,INFO,596.08, 78.46, -755.62, 0.26, 0.05, -0.96, 0.01
22:36:11.184,35462,logger,31,INFO,596.13, 78.53, -755.63, 0.26, 0.05, -0.96, 0.01
22:36:11.220,35498,logger,31,INFO,596.34, 78.88, -755.84, 0.26, 0.05, -0.96, 0.01
22:36:11.279,35557,logger,31,INFO,596.83, 79.97, -756.96, 0.26, 0.05, -0.96, 0.01
22:36:11.296,35574,logger,31,INFO,596.77, 80.26, -757.02, 0.26, 0.05, -0.96, 0.01
22:36:11.315,35593,logger,31,INFO,596.70, 80.45, -756.93, 0.26, 0.05, -0.96, 0.01
22:36:11.332,35610,logger,31,INFO,596.63, 80.61, -756.77, 0.26, 0.05, -0.96, 0.01
22:36:11.401,35679,logger,31,INFO,595.82, 81.02, -756.32, 0.26, 0.05, -0.96, 0.01
22:36:11.494,35772,logger,31,INFO,595.05, 81.16, -756.69, 0.26, 0.05, -0.96, 0.01
22:36:11.515,35793,logger,31,INFO,594.98, 81.16, -757.02, 0.26, 0.05, -0.96, 0.01
22:36:11.542,35820,logger,31,INFO,594.76, 81.27, -757.49, 0.26, 0.05, -0.96, 0.01
22:36:11.560,35839,logger,31,INFO,594.66, 81.29, -757.68, 0.26, 0.05, -0.96, 0.01
22:36:11.575,35853,logger,31,INFO,594.62, 81.28, -757.93, 0.26, 0.05, -0.96, 0.01
22:36:11.595,35873,logger,31,INFO,594.61, 81.27, -758.20, 0.26, 0.05, -0.96, 0.01
22:36:11.670,35948,logger,31,INFO,594.37, 80.98, -758.62, 0.26, 0.05, -0.96, 0.01
22:36:11.866,36144,logger,31,INFO,594.44, 79.12, -758.24, 0.26, 0.05, -0.96, 0.01
22:36:11.892,36170,logger,31,INFO,594.45, 79.01, -758.34, 0.26, 0.05, -0.96, 0.01
22:36:12.004,36282,logger,31,INFO,594.55, 79.47, -758.90, 0.26, 0.05, -0.96, 0.01
22:36:12.054,36332,logger,31,INFO,594.69, 80.27, -758.88, 0.26, 0.05, -0.96, 0.01
22:36:12.097,36375,logger,31,INFO,594.87, 81.16, -758.73, 0.26, 0.05, -0.96, 0.01
22:36:12.167,36446,logger,31,INFO,594.88, 81.65, -758.57, 0.26, 0.05, -0.96, 0.01
22:36:12.183,36461,logger,31,INFO,595.03, 81.65, -758.40, 0.26, 0.05, -0.96, 0.01
22:36:12.205,36483,logger,31,INFO,595.11, 81.73, -758.29, 0.26, 0.05, -0.96, 0.01
22:36:12.231,36510,logger,31,INFO,595.27, 81.81, -758.35, 0.26, 0.05, -0.96, 0.01
22:36:12.276,36554,logger,31,INFO,595.37, 81.78, -758.08, 0.26, 0.05, -0.96, 0.01
22:36:12.294,36572,logger,31,INFO,595.27, 81.73, -757.99, 0.26, 0.05, -0.96, 0.01
22:36:12.421,36700,logger,31,INFO,594.17, 81.35, -756.23, 0.26, 0.05, -0.96, 0.01
22:36:12.552,36830,logger,31,INFO,591.71, 81.04, -758.46, 0.26, 0.05, -0.96, 0.01
22:36:12.603,36881,logger,31,INFO,591.74, 81.60, -760.18, 0.26, 0.05, -0.96, 0.01
22:36:12.659,36937,logger,31,INFO,591.93, 82.90, -762.04, 0.26, 0.05, -0.96, 0.01
22:36:12.675,36953,logger,31,INFO,591.85, 83.30, -762.21, 0.26, 0.05, -0.96, 0.01
22:36:12.707,36985,logger,31,INFO,591.53, 84.05, -761.96, 0.26, 0.05, -0.96, 0.01
22:36:12.740,37018,logger,31,INFO,590.82, 84.67, -761.30, 0.26, 0.05, -0.96, 0.01
22:36:12.756,37034,logger,31,INFO,590.37, 84.86, -761.05, 0.26, 0.05, -0.96, 0.01
22:36:12.776,37054,logger,31,INFO,589.97, 84.95, -760.97, 0.26, 0.05, -0.96, 0.01
22:36:12.815,37094,logger,31,INFO,588.98, 85.03, -762.00, 0.26, 0.05, -0.96, 0.01
22:36:12.832,37111,logger,31,INFO,588.76, 84.94, -762.56, 0.26, 0.05, -0.96, 0.01
22:36:12.850,37128,logger,31,INFO,588.58, 84.83, -763.13, 0.26, 0.05, -0.96, 0.01
22:36:12.884,37162,logger,31,INFO,588.18, 84.65, -764.16, 0.26, 0.05, -0.96, 0.01
22:36:12.902,37180,logger,31,INFO,588.08, 84.56, -764.48, 0.26, 0.05, -0.96, 0.01
22:36:12.946,37224,logger,31,INFO,587.54, 84.28, -764.65, 0.26, 0.05, -0.96, 0.01
22:36:12.962,37240,logger,31,INFO,587.33, 84.12, -764.48, 0.26, 0.05, -0.96, 0.01
22:36:12.980,37259,logger,31,INFO,587.09, 83.93, -764.23, 0.26, 0.05, -0.96, 0.01
22:36:13.025,37303,logger,31,INFO,586.43, 83.42, -763.61, 0.26, 0.05, -0.96, 0.01
22:36:13.043,37321,logger,31,INFO,586.22, 83.23, -763.59, 0.26, 0.05, -0.96, 0.01
22:36:13.092,37370,logger,31,INFO,585.53, 82.51, -763.70, 0.26, 0.05, -0.96, 0.01
22:36:13.108,37387,logger,31,INFO,585.23, 82.15, -763.83, 0.26, 0.05, -0.96, 0.01
22:36:13.128,37406,logger,31,INFO,584.94, 81.77, -764.08, 0.26, 0.05, -0.96, 0.01
22:36:13.159,37437,logger,31,INFO,584.44, 80.94, -764.83, 0.26, 0.05, -0.96, 0.01
22:36:13.178,37457,logger,31,INFO,584.25, 80.51, -765.17, 0.26, 0.05, -0.96, 0.01
22:36:13.250,37529,logger,31,INFO,583.27, 77.91, -765.40, 0.26, 0.05, -0.96, 0.01
22:36:13.268,37546,logger,31,INFO,583.06, 77.38, -765.44, 0.26, 0.05, -0.96, 0.01
22:36:13.285,37563,logger,31,INFO,582.86, 76.88, -765.57, 0.26, 0.05, -0.96, 0.01
22:36:13.301,37579,logger,31,INFO,582.67, 76.39, -765.73, 0.26, 0.05, -0.96, 0.01
22:36:13.319,37597,logger,31,INFO,582.51, 75.92, -765.79, 0.26, 0.05, -0.96, 0.01
22:36:13.364,37643,logger,31,INFO,582.62, 75.15, -765.49, 0.26, 0.05, -0.96, 0.01
22:36:13.384,37663,logger,31,INFO,582.68, 74.98, -765.52, 0.26, 0.05, -0.96, 0.01
22:36:13.402,37680,logger,31,INFO,582.84, 74.85, -765.60, 0.26, 0.05, -0.96, 0.01
22:36:13.442,37720,logger,31,INFO,583.05, 74.93, -765.66, 0.26, 0.05, -0.96, 0.01
22:36:13.459,37737,logger,31,INFO,583.05, 74.93, -765.66, 0.26, 0.05, -0.96, 0.01
22:36:13.477,37755,logger,31,INFO,583.06, 74.93, -765.66, 0.26, 0.05, -0.96, 0.01
22:36:13.495,37773,logger,31,INFO,583.06, 74.93, -765.68, 0.26, 0.05, -0.96, 0.01
22:36:13.529,37807,logger,31,INFO,583.00, 74.91, -765.70, 0.26, 0.05, -0.96, 0.01
22:36:13.570,37848,logger,31,INFO,582.58, 74.69, -765.42, 0.26, 0.05, -0.96, 0.01
22:36:13.589,37868,logger,31,INFO,582.43, 74.63, -765.36, 0.26, 0.05, -0.96, 0.01
22:36:13.610,37889,logger,31,INFO,582.22, 74.54, -765.40, 0.26, 0.05, -0.96, 0.01
22:36:13.624,37903,logger,31,INFO,582.07, 74.40, -765.48, 0.26, 0.05, -0.96, 0.01
22:36:13.659,37937,logger,31,INFO,581.99, 74.31, -765.59, 0.26, 0.05, -0.96, 0.01
22:36:13.689,37967,logger,31,INFO,581.75, 74.13, -765.77, 0.26, 0.05, -0.96, 0.01
22:36:13.724,38002,logger,31,INFO,581.67, 74.08, -765.99, 0.26, 0.05, -0.96, 0.01
22:36:13.806,38084,logger,31,INFO,581.84, 74.37, -766.26, 0.26, 0.05, -0.96, 0.01
22:36:13.838,38116,logger,31,INFO,581.95, 74.49, -766.18, 0.26, 0.05, -0.96, 0.01
22:36:13.868,38146,logger,31,INFO,581.95, 74.49, -766.18, 0.26, 0.05, -0.96, 0.01
22:36:13.876,38154,logger,31,INFO,581.95, 74.49, -766.18, 0.26, 0.05, -0.96, 0.01
22:36:13.892,38170,logger,31,INFO,581.97, 74.48, -766.22, 0.26, 0.05, -0.96, 0.01
22:36:13.923,38202,logger,31,INFO,581.99, 74.48, -766.41, 0.26, 0.05, -0.96, 0.01
22:36:13.952,38230,logger,31,INFO,581.88, 74.37, -766.49, 0.26, 0.05, -0.96, 0.01
22:36:13.982,38261,logger,31,INFO,581.73, 74.26, -766.13, 0.26, 0.05, -0.96, 0.01
22:36:14.010,38288,logger,31,INFO,581.51, 74.12, -765.89, 0.26, 0.05, -0.96, 0.01
22:36:14.027,38306,logger,31,INFO,581.45, 74.10, -765.88, 0.26, 0.05, -0.96, 0.01
22:36:14.061,38340,logger,31,INFO,581.12, 74.16, -765.99, 0.26, 0.05, -0.96, 0.01
22:36:14.108,38386,logger,31,INFO,580.48, 74.24, -766.52, 0.26, 0.05, -0.96, 0.01
22:36:14.115,38393,logger,31,INFO,580.48, 74.24, -766.52, 0.26, 0.05, -0.96, 0.01
22:36:14.156,38434,logger,31,INFO,579.74, 74.49, -766.84, 0.26, 0.05, -0.96, 0.01
22:36:14.177,38455,logger,31,INFO,579.65, 74.46, -766.81, 0.26, 0.05, -0.96, 0.01
22:36:14.193,38471,logger,31,INFO,579.58, 74.42, -766.78, 0.26, 0.05, -0.96, 0.01
22:36:14.222,38500,logger,31,INFO,579.25, 74.45, -766.82, 0.26, 0.05, -0.96, 0.01
22:36:14.267,38545,logger,31,INFO,579.23, 74.46, -766.85, 0.26, 0.05, -0.96, 0.01
22:36:14.282,38560,logger,31,INFO,579.19, 74.45, -766.93, 0.26, 0.05, -0.96, 0.01
22:36:14.298,38576,logger,31,INFO,579.15, 74.44, -767.07, 0.26, 0.05, -0.96, 0.01
22:36:14.336,38614,logger,31,INFO,579.08, 74.43, -767.38, 0.26, 0.05, -0.96, 0.01
22:36:14.378,38657,logger,31,INFO,579.00, 74.42, -767.47, 0.26, 0.05, -0.96, 0.01
22:36:14.386,38664,logger,31,INFO,578.99, 74.42, -767.47, 0.26, 0.05, -0.96, 0.01
22:36:14.414,38692,logger,31,INFO,578.87, 74.29, -767.50, 0.26, 0.05, -0.96, 0.01
22:36:14.422,38700,logger,31,INFO,578.85, 74.28, -767.51, 0.26, 0.05, -0.96, 0.01
22:36:14.466,38745,logger,31,INFO,578.89, 74.27, -767.72, 0.26, 0.05, -0.96, 0.01
22:36:14.480,38759,logger,31,INFO,578.90, 74.27, -767.87, 0.26, 0.05, -0.96, 0.01
22:36:14.509,38787,logger,31,INFO,579.06, 74.48, -768.04, 0.26, 0.05, -0.96, 0.01
22:36:14.529,38808,logger,31,INFO,579.13, 74.40, -768.05, 0.26, 0.05, -0.96, 0.01
22:36:14.535,38813,logger,31,INFO,579.13, 74.40, -768.05, 0.26, 0.05, -0.96, 0.01
22:36:14.553,38831,logger,31,INFO,579.08, 74.41, -768.04, 0.26, 0.05, -0.96, 0.01
22:36:14.614,38892,logger,31,INFO,578.74, 74.40, -767.74, 0.26, 0.05, -0.96, 0.01
22:36:14.632,38910,logger,31,INFO,578.73, 74.49, -767.71, 0.26, 0.05, -0.96, 0.01
22:36:14.647,38925,logger,31,INFO,578.83, 74.58, -767.70, 0.26, 0.05, -0.96, 0.01
22:36:14.664,38942,logger,31,INFO,578.87, 74.62, -767.72, 0.26, 0.05, -0.96, 0.01
22:36:14.682,38960,logger,31,INFO,578.91, 74.66, -767.75, 0.26, 0.05, -0.96, 0.01
22:36:14.701,38979,logger,31,INFO,579.03, 74.76, -767.78, 0.26, 0.05, -0.96, 0.01
22:36:14.732,39010,logger,31,INFO,579.09, 74.81, -767.85, 0.26, 0.05, -0.96, 0.01
22:36:14.749,39028,logger,31,INFO,579.09, 74.81, -767.90, 0.26, 0.05, -0.96, 0.01
22:36:14.779,39057,logger,31,INFO,578.87, 74.79, -767.85, 0.26, 0.05, -0.96, 0.01
22:36:14.813,39091,logger,31,INFO,578.65, 74.58, -767.72, 0.26, 0.05, -0.96, 0.01
22:36:14.831,39109,logger,31,INFO,578.50, 74.57, -767.73, 0.26, 0.05, -0.96, 0.01
22:36:14.851,39129,logger,31,INFO,578.35, 74.50, -767.79, 0.26, 0.05, -0.96, 0.01
22:36:14.867,39145,logger,31,INFO,578.29, 74.42, -767.84, 0.26, 0.05, -0.96, 0.01
22:36:14.895,39173,logger,31,INFO,578.28, 74.40, -767.85, 0.26, 0.05, -0.96, 0.01
22:36:14.912,39190,logger,31,INFO,578.27, 74.41, -767.84, 0.26, 0.05, -0.96, 0.01
22:36:14.929,39207,logger,31,INFO,578.25, 74.41, -767.79, 0.26, 0.05, -0.96, 0.01
22:36:14.945,39223,logger,31,INFO,578.24, 74.41, -767.71, 0.26, 0.05, -0.96, 0.01
22:36:14.990,39268,logger,31,INFO,578.44, 74.44, -767.43, 0.26, 0.05, -0.96, 0.01
22:36:15.006,39285,logger,31,INFO,578.46, 74.60, -767.43, 0.26, 0.05, -0.96, 0.01
22:36:15.023,39301,logger,31,INFO,578.46, 74.67, -767.45, 0.26, 0.05, -0.96, 0.01
22:36:15.041,39319,logger,31,INFO,578.61, 74.64, -767.46, 0.26, 0.05, -0.96, 0.01
22:36:15.069,39347,logger,31,INFO,578.61, 74.81, -767.51, 0.26, 0.05, -0.96, 0.01
22:36:15.088,39366,logger,31,INFO,578.60, 74.83, -767.51, 0.26, 0.05, -0.96, 0.01
22:36:15.107,39385,logger,31,INFO,578.60, 74.83, -767.51, 0.26, 0.05, -0.96, 0.01
22:36:15.140,39418,logger,31,INFO,578.62, 74.77, -767.55, 0.26, 0.05, -0.96, 0.01
22:36:15.159,39438,logger,31,INFO,578.61, 74.66, -767.57, 0.26, 0.05, -0.96, 0.01
22:36:15.190,39468,logger,31,INFO,578.61, 74.61, -767.53, 0.26, 0.05, -0.96, 0.01
22:36:15.268,39546,logger,31,INFO,578.63, 74.36, -767.47, 0.26, 0.05, -0.96, 0.01
22:36:15.337,39616,logger,31,INFO,578.96, 74.03, -767.32, 0.26, 0.05, -0.96, 0.01
22:36:15.471,39749,logger,31,INFO,579.24, 73.33, -766.90, 0.26, 0.05, -0.96, 0.01
22:36:15.555,39833,logger,31,INFO,579.25, 73.21, -766.88, 0.26, 0.05, -0.96, 0.01
22:36:15.684,39962,logger,31,INFO,578.80, 72.82, -766.66, 0.26, 0.05, -0.96, 0.01
22:36:15.718,39997,logger,31,INFO,578.95, 72.63, -766.70, 0.26, 0.05, -0.96, 0.01
22:36:15.805,40083,logger,31,INFO,579.16, 72.36, -766.55, 0.26, 0.05, -0.96, 0.01
22:36:15.873,40152,logger,31,INFO,579.20, 71.85, -766.10, 0.26, 0.05, -0.96, 0.01
22:36:16.033,40311,logger,31,INFO,578.90, 70.50, -765.07, 0.26, 0.05, -0.96, 0.01
22:36:16.067,40346,logger,31,INFO,577.92, 69.99, -764.68, 0.26, 0.05, -0.96, 0.01
22:36:16.081,40359,logger,31,INFO,577.62, 69.85, -764.58, 0.26, 0.05, -0.96, 0.01
22:36:16.094,40372,logger,31,INFO,577.15, 69.62, -764.37, 0.26, 0.05, -0.96, 0.01
22:36:16.111,40389,logger,31,INFO,576.65, 69.48, -764.09, 0.26, 0.05, -0.96, 0.01
22:36:16.139,40418,logger,31,INFO,575.64, 69.29, -763.59, 0.26, 0.05, -0.96, 0.01
22:36:16.160,40439,logger,31,INFO,575.18, 69.17, -763.55, 0.26, 0.05, -0.96, 0.01
22:36:16.180,40458,logger,31,INFO,574.76, 69.05, -763.71, 0.26, 0.05, -0.96, 0.01
22:36:16.222,40501,logger,31,INFO,573.63, 68.64, -765.01, 0.26, 0.05, -0.96, 0.01
22:36:16.240,40519,logger,31,INFO,573.32, 68.49, -765.50, 0.26, 0.05, -0.96, 0.01
22:36:16.267,40546,logger,31,INFO,572.60, 68.24, -766.43, 0.26, 0.05, -0.96, 0.01
22:36:16.283,40561,logger,31,INFO,572.20, 68.20, -766.71, 0.26, 0.05, -0.96, 0.01
22:36:16.313,40591,logger,31,INFO,571.43, 68.13, -766.56, 0.26, 0.05, -0.96, 0.01
22:36:16.333,40611,logger,31,INFO,570.97, 68.16, -766.26, 0.26, 0.05, -0.96, 0.01
22:36:16.390,40668,logger,31,INFO,569.43, 68.14, -766.67, 0.26, 0.05, -0.96, 0.01
22:36:16.420,40698,logger,31,INFO,568.83, 68.00, -767.66, 0.26, 0.05, -0.96, 0.01
22:36:16.461,40739,logger,31,INFO,568.30, 67.89, -768.44, 0.26, 0.05, -0.96, 0.01
22:36:16.491,40769,logger,31,INFO,567.83, 67.92, -768.26, 0.26, 0.05, -0.96, 0.01
22:36:16.531,40810,logger,31,INFO,566.72, 67.91, -767.25, 0.26, 0.05, -0.96, 0.01
22:36:16.546,40825,logger,31,INFO,566.25, 67.92, -766.88, 0.26, 0.05, -0.96, 0.01
22:36:16.593,40871,logger,31,INFO,564.86, 67.93, -765.87, 0.26, 0.05, -0.96, 0.01
22:36:16.609,40887,logger,31,INFO,564.54, 67.91, -765.79, 0.26, 0.05, -0.96, 0.01
22:36:16.682,40960,logger,31,INFO,563.81, 67.89, -768.15, 0.26, 0.05, -0.96, 0.01
22:36:16.707,40985,logger,31,INFO,563.66, 67.90, -768.65, 0.26, 0.05, -0.96, 0.01
22:36:16.725,41003,logger,31,INFO,563.51, 67.89, -768.93, 0.26, 0.05, -0.96, 0.01
22:36:16.765,41043,logger,31,INFO,563.23, 67.90, -768.89, 0.26, 0.05, -0.96, 0.01
22:36:16.785,41063,logger,31,INFO,563.22, 68.01, -768.78, 0.26, 0.05, -0.96, 0.01
22:36:16.847,41126,logger,31,INFO,563.35, 68.27, -768.27, 0.26, 0.05, -0.96, 0.01
22:36:16.876,41154,logger,31,INFO,563.48, 68.39, -768.28, 0.26, 0.05, -0.96, 0.01
22:36:16.894,41172,logger,31,INFO,563.59, 68.47, -768.34, 0.26, 0.05, -0.96, 0.01
22:36:16.922,41200,logger,31,INFO,563.71, 68.56, -768.50, 0.26, 0.05, -0.96, 0.01
22:36:16.940,41218,logger,31,INFO,563.89, 68.64, -768.54, 0.26, 0.05, -0.96, 0.01
22:36:16.970,41248,logger,31,INFO,564.09, 68.69, -768.68, 0.26, 0.05, -0.96, 0.01
22:36:17.001,41279,logger,31,INFO,564.24, 68.69, -768.70, 0.26, 0.05, -0.96, 0.01
22:36:17.052,41331,logger,31,INFO,564.29, 68.70, -768.63, 0.26, 0.05, -0.96, 0.01
22:36:17.070,41348,logger,31,INFO,564.28, 68.80, -768.57, 0.26, 0.05, -0.96, 0.01
22:36:17.113,41392,logger,31,INFO,564.29, 69.16, -767.78, 0.26, 0.05, -0.96, 0.01
22:36:17.143,41421,logger,31,INFO,564.35, 69.46, -767.39, 0.26, 0.05, -0.96, 0.01
22:36:17.161,41439,logger,31,INFO,564.53, 69.59, -767.42, 0.26, 0.05, -0.96, 0.01
22:36:17.176,41455,logger,31,INFO,564.73, 69.67, -767.61, 0.26, 0.05, -0.96, 0.01
22:36:17.212,41490,logger,31,INFO,565.03, 69.81, -768.13, 0.26, 0.05, -0.96, 0.01
22:36:17.234,41512,logger,31,INFO,565.24, 69.87, -768.27, 0.26, 0.05, -0.96, 0.01
22:36:17.586,41864,logger,31,INFO,566.00, 69.73, -767.65, 0.26, 0.05, -0.96, 0.01
22:36:17.995,42274,logger,31,INFO,565.70, 67.71, -758.68, 0.26, 0.05, -0.96, 0.01
22:36:18.504,42782,logger,31,INFO,574.83, 68.40, -742.09, 0.26, 0.05, -0.96, 0.01
22:36:18.650,42928,logger,31,INFO,580.58, 68.56, -739.59, 0.26, 0.05, -0.96, 0.01
22:36:18.665,42944,logger,31,INFO,581.05, 68.53, -739.88, 0.26, 0.05, -0.96, 0.01
22:36:18.681,42960,logger,31,INFO,581.49, 68.48, -740.28, 0.26, 0.05, -0.96, 0.01
22:36:18.697,42975,logger,31,INFO,581.88, 68.42, -740.73, 0.26, 0.05, -0.96, 0.01
22:36:18.714,42993,logger,31,INFO,582.26, 68.37, -741.20, 0.26, 0.05, -0.96, 0.01
22:36:18.731,43009,logger,31,INFO,582.63, 68.31, -741.67, 0.26, 0.05, -0.96, 0.01
22:36:18.769,43047,logger,31,INFO,583.39, 68.20, -742.61, 0.26, 0.05, -0.96, 0.01
22:36:18.812,43091,logger,31,INFO,584.52, 68.03, -744.02, 0.26, 0.05, -0.96, 0.01
22:36:18.842,43120,logger,31,INFO,585.27, 67.92, -744.96, 0.26, 0.05, -0.96, 0.01
22:36:18.873,43151,logger,31,INFO,586.03, 67.81, -745.90, 0.26, 0.05, -0.96, 0.01
22:36:18.900,43178,logger,31,INFO,586.78, 67.70, -746.84, 0.26, 0.05, -0.96, 0.01
22:36:18.930,43209,logger,31,INFO,587.54, 67.58, -747.77, 0.26, 0.05, -0.96, 0.01
22:36:18.959,43237,logger,31,INFO,588.29, 67.47, -748.71, 0.26, 0.05, -0.96, 0.01
22:36:18.978,43257,logger,31,INFO,588.80, 67.40, -749.34, 0.26, 0.05, -0.96, 0.01
22:36:18.993,43271,logger,31,INFO,589.05, 67.36, -749.65, 0.26, 0.05, -0.96, 0.01
22:36:19.009,43287,logger,31,INFO,589.42, 67.30, -750.12, 0.26, 0.05, -0.96, 0.01
22:36:19.026,43305,logger,31,INFO,589.80, 67.25, -750.59, 0.26, 0.05, -0.96, 0.01
22:36:19.052,43331,logger,31,INFO,590.56, 67.14, -751.53, 0.26, 0.05, -0.96, 0.01
22:36:19.071,43349,logger,31,INFO,590.93, 67.08, -752.00, 0.26, 0.05, -0.96, 0.01
22:36:19.132,43410,logger,31,INFO,592.44, 66.86, -753.88, 0.26, 0.05, -0.96, 0.01
22:36:19.161,43439,logger,31,INFO,593.20, 66.75, -754.82, 0.26, 0.05, -0.96, 0.01
22:36:19.179,43457,logger,31,INFO,593.57, 66.69, -755.29, 0.26, 0.05, -0.96, 0.01
22:36:19.196,43474,logger,31,INFO,593.94, 66.64, -755.76, 0.26, 0.05, -0.96, 0.01
22:36:19.242,43520,logger,31,INFO,594.14, 66.58, -757.21, 0.26, 0.05, -0.96, 0.01
22:36:19.261,43539,logger,31,INFO,593.98, 66.51, -757.56, 0.26, 0.05, -0.96, 0.01
22:36:19.290,43568,logger,31,INFO,593.11, 66.53, -758.04, 0.26, 0.05, -0.96, 0.01
22:36:19.319,43598,logger,31,INFO,592.10, 66.66, -758.10, 0.26, 0.05, -0.96, 0.01
22:36:19.349,43628,logger,31,INFO,591.45, 66.75, -757.96, 0.26, 0.05, -0.96, 0.01
22:36:19.558,43836,logger,31,INFO,590.69, 67.71, -759.07, 0.26, 0.05, -0.96, 0.01
22:36:19.805,44083,logger,31,INFO,590.45, 67.86, -758.77, 0.26, 0.05, -0.96, 0.01
22:36:19.928,44206,logger,31,INFO,589.56, 67.31, -758.19, 0.26, 0.05, -0.96, 0.01
22:36:19.937,44215,logger,31,INFO,589.54, 67.31, -758.16, 0.26, 0.05, -0.96, 0.01
22:36:19.966,44245,logger,31,INFO,589.41, 67.28, -757.99, 0.26, 0.05, -0.96, 0.01
22:36:19.973,44251,logger,31,INFO,589.37, 67.29, -757.96, 0.26, 0.05, -0.96, 0.01
22:36:20.012,44290,logger,31,INFO,589.14, 67.32, -757.28, 0.26, 0.05, -0.96, 0.01
22:36:20.027,44306,logger,31,INFO,589.06, 67.33, -756.77, 0.26, 0.05, -0.96, 0.01
22:36:20.045,44324,logger,31,INFO,588.94, 67.34, -756.20, 0.26, 0.05, -0.96, 0.01
22:36:20.084,44363,logger,31,INFO,588.59, 67.38, -754.42, 0.26, 0.05, -0.96, 0.01
22:36:20.115,44393,logger,31,INFO,588.35, 67.40, -753.23, 0.26, 0.05, -0.96, 0.01
22:36:20.134,44413,logger,31,INFO,588.23, 67.42, -752.64, 0.26, 0.05, -0.96, 0.01
22:36:20.191,44469,logger,31,INFO,587.75, 67.47, -750.27, 0.26, 0.05, -0.96, 0.01
22:36:20.210,44488,logger,31,INFO,587.63, 67.48, -749.68, 0.26, 0.05, -0.96, 0.01
22:36:20.238,44516,logger,31,INFO,587.46, 67.47, -748.86, 0.26, 0.05, -0.96, 0.01
22:36:20.259,44537,logger,31,INFO,587.43, 67.46, -748.86, 0.26, 0.05, -0.96, 0.01
22:36:20.305,44583,logger,31,INFO,587.48, 67.38, -750.30, 0.26, 0.05, -0.96, 0.01
22:36:20.335,44613,logger,31,INFO,587.59, 67.31, -751.50, 0.26, 0.05, -0.96, 0.01
22:36:20.350,44629,logger,31,INFO,587.64, 67.27, -752.11, 0.26, 0.05, -0.96, 0.01
22:36:20.367,44645,logger,31,INFO,587.70, 67.23, -752.71, 0.26, 0.05, -0.96, 0.01
22:36:20.409,44687,logger,31,INFO,587.86, 67.13, -754.51, 0.26, 0.05, -0.96, 0.01
22:36:20.427,44705,logger,31,INFO,587.92, 67.09, -755.11, 0.26, 0.05, -0.96, 0.01
22:36:20.458,44736,logger,31,INFO,588.03, 67.02, -756.32, 0.26, 0.05, -0.96, 0.01
22:36:20.482,44761,logger,31,INFO,588.14, 66.95, -757.51, 0.26, 0.05, -0.96, 0.01
22:36:20.514,44792,logger,31,INFO,588.34, 66.82, -758.47, 0.26, 0.05, -0.96, 0.01
22:36:20.529,44808,logger,31,INFO,588.41, 66.99, -758.69, 0.26, 0.05, -0.96, 0.01
22:36:20.557,44835,logger,31,INFO,588.53, 67.00, -758.74, 0.26, 0.05, -0.96, 0.01
22:36:20.586,44865,logger,31,INFO,588.49, 67.16, -758.64, 0.26, 0.05, -0.96, 0.01
22:36:20.614,44892,logger,31,INFO,588.30, 67.07, -758.25, 0.26, 0.05, -0.96, 0.01
22:36:20.630,44908,logger,31,INFO,588.22, 67.02, -758.04, 0.26, 0.05, -0.96, 0.01
22:36:20.677,44955,logger,31,INFO,587.91, 67.10, -758.29, 0.26, 0.05, -0.96, 0.01
22:36:20.709,44987,logger,31,INFO,587.87, 67.28, -758.87, 0.26, 0.05, -0.96, 0.01
22:36:20.759,45037,logger,31,INFO,587.85, 68.03, -759.15, 0.26, 0.05, -0.96, 0.01
22:36:20.797,45076,logger,31,INFO,587.86, 68.13, -759.14, 0.26, 0.05, -0.96, 0.01
22:36:20.817,45095,logger,31,INFO,587.86, 68.33, -759.14, 0.26, 0.05, -0.96, 0.01
22:36:20.846,45124,logger,31,INFO,587.87, 68.54, -759.21, 0.26, 0.05, -0.96, 0.01
22:36:20.863,45141,logger,31,INFO,587.87, 68.54, -759.24, 0.26, 0.05, -0.96, 0.01
22:36:20.880,45159,logger,31,INFO,587.88, 68.53, -759.26, 0.26, 0.05, -0.96, 0.01
22:36:20.897,45175,logger,31,INFO,587.88, 68.57, -759.27, 0.26, 0.05, -0.96, 0.01
22:36:20.930,45209,logger,31,INFO,588.04, 68.91, -759.30, 0.26, 0.05, -0.96, 0.01
22:36:20.961,45239,logger,31,INFO,588.14, 69.08, -759.41, 0.26, 0.05, -0.96, 0.01
22:36:20.992,45270,logger,31,INFO,588.16, 69.38, -759.47, 0.26, 0.05, -0.96, 0.01
22:36:21.021,45300,logger,31,INFO,588.10, 69.35, -759.48, 0.26, 0.05, -0.96, 0.01
22:36:21.041,45319,logger,31,INFO,588.00, 69.36, -759.52, 0.26, 0.05, -0.96, 0.01
22:36:21.070,45349,logger,31,INFO,587.93, 69.37, -759.58, 0.26, 0.05, -0.96, 0.01
22:36:21.114,45392,logger,31,INFO,587.86, 69.38, -759.06, 0.26, 0.05, -0.96, 0.01
22:36:21.129,45407,logger,31,INFO,587.84, 69.38, -758.88, 0.26, 0.05, -0.96, 0.01
22:36:21.150,45428,logger,31,INFO,587.92, 69.37, -758.81, 0.26, 0.05, -0.96, 0.01
22:36:21.191,45470,logger,31,INFO,588.10, 69.43, -759.07, 0.26, 0.05, -0.96, 0.01
22:36:21.238,45516,logger,31,INFO,588.09, 69.57, -759.33, 0.26, 0.05, -0.96, 0.01
22:36:21.634,45913,logger,31,INFO,587.12, 70.70, -759.74, 0.26, 0.05, -0.96, 0.01
22:36:22.082,46360,logger,31,INFO,580.73, 70.60, -752.99, 0.26, 0.05, -0.96, 0.01
22:36:22.228,46506,logger,31,INFO,578.45, 71.02, -746.76, 0.26, 0.05, -0.96, 0.01
22:36:22.257,46535,logger,31,INFO,577.99, 71.10, -745.81, 0.26, 0.05, -0.96, 0.01
22:36:22.273,46551,logger,31,INFO,577.81, 71.10, -745.66, 0.26, 0.05, -0.96, 0.01
22:36:22.304,46582,logger,31,INFO,577.45, 71.13, -746.24, 0.26, 0.05, -0.96, 0.01
22:36:22.322,46600,logger,31,INFO,577.30, 71.13, -746.81, 0.26, 0.05, -0.96, 0.01
22:36:22.365,46643,logger,31,INFO,577.08, 71.11, -747.99, 0.26, 0.05, -0.96, 0.01
22:36:22.379,46657,logger,31,INFO,576.96, 71.10, -748.59, 0.26, 0.05, -0.96, 0.01
22:36:22.397,46676,logger,31,INFO,576.85, 71.09, -749.18, 0.26, 0.05, -0.96, 0.01
22:36:22.412,46691,logger,31,INFO,576.74, 71.08, -749.77, 0.26, 0.05, -0.96, 0.01
22:36:22.429,46707,logger,31,INFO,576.62, 71.07, -750.37, 0.26, 0.05, -0.96, 0.01
22:36:22.457,46736,logger,31,INFO,576.40, 71.05, -751.55, 0.26, 0.05, -0.96, 0.01
22:36:22.487,46765,logger,31,INFO,576.17, 71.03, -752.74, 0.26, 0.05, -0.96, 0.01
22:36:22.523,46801,logger,31,INFO,575.94, 71.01, -753.93, 0.26, 0.05, -0.96, 0.01
22:36:22.568,46846,logger,31,INFO,575.60, 70.98, -755.71, 0.26, 0.05, -0.96, 0.01
22:36:22.585,46863,logger,31,INFO,575.49, 70.97, -756.31, 0.26, 0.05, -0.96, 0.01
22:36:22.628,46906,logger,31,INFO,575.15, 70.94, -758.09, 0.26, 0.05, -0.96, 0.01
22:36:22.646,46924,logger,31,INFO,575.04, 70.93, -758.68, 0.26, 0.05, -0.96, 0.01
22:36:22.677,46955,logger,31,INFO,574.81, 70.91, -759.87, 0.26, 0.05, -0.96, 0.01
22:36:22.694,46972,logger,31,INFO,574.70, 70.90, -760.47, 0.26, 0.05, -0.96, 0.01
22:36:22.711,46989,logger,31,INFO,574.58, 70.89, -761.06, 0.26, 0.05, -0.96, 0.01
22:36:22.743,47022,logger,31,INFO,574.36, 70.87, -762.25, 0.26, 0.05, -0.96, 0.01
22:36:22.760,47038,logger,31,INFO,574.24, 70.86, -762.84, 0.26, 0.05, -0.96, 0.01
22:36:22.776,47054,logger,31,INFO,574.13, 70.85, -763.43, 0.26, 0.05, -0.96, 0.01
22:36:22.807,47085,logger,31,INFO,573.99, 70.80, -764.56, 0.26, 0.05, -0.96, 0.01
22:36:22.839,47118,logger,31,INFO,574.26, 70.66, -765.12, 0.26, 0.05, -0.96, 0.01
22:36:22.901,47179,logger,31,INFO,575.20, 70.36, -764.86, 0.26, 0.05, -0.96, 0.01
22:36:22.943,47221,logger,31,INFO,575.78, 70.17, -765.03, 0.26, 0.05, -0.96, 0.01
22:36:22.969,47247,logger,31,INFO,575.68, 70.22, -764.93, 0.26, 0.05, -0.96, 0.01
22:36:23.010,47288,logger,31,INFO,574.93, 70.35, -764.01, 0.26, 0.05, -0.96, 0.01
22:36:23.027,47305,logger,31,INFO,574.71, 70.41, -763.74, 0.26, 0.05, -0.96, 0.01
22:36:23.040,47319,logger,31,INFO,574.48, 70.45, -763.59, 0.26, 0.05, -0.96, 0.01
22:36:23.058,47337,logger,31,INFO,574.32, 70.48, -763.55, 0.26, 0.05, -0.96, 0.01
22:36:23.087,47365,logger,31,INFO,574.27, 70.49, -763.54, 0.26, 0.05, -0.96, 0.01
22:36:23.104,47382,logger,31,INFO,574.27, 70.49, -763.54, 0.26, 0.05, -0.96, 0.01
22:36:23.122,47400,logger,31,INFO,574.26, 70.49, -763.59, 0.26, 0.05, -0.96, 0.01
22:36:23.155,47433,logger,31,INFO,574.17, 70.47, -764.05, 0.26, 0.05, -0.96, 0.01
22:36:23.184,47462,logger,31,INFO,574.06, 70.44, -764.88, 0.26, 0.05, -0.96, 0.01
22:36:23.245,47523,logger,31,INFO,573.96, 70.51, -765.41, 0.26, 0.05, -0.96, 0.01
22:36:23.512,47790,logger,31,INFO,572.76, 72.22, -767.05, 0.26, 0.05, -0.96, 0.01
22:36:23.953,48231,logger,31,INFO,574.20, 70.86, -761.91, 0.26, 0.05, -0.96, 0.01
22:36:24.380,48659,logger,31,INFO,579.21, 64.97, -746.29, 0.26, 0.05, -0.96, 0.01
22:36:24.511,48790,logger,31,INFO,582.95, 62.31, -742.36, 0.26, 0.05, -0.96, 0.01
22:36:24.525,48803,logger,31,INFO,583.32, 62.04, -741.96, 0.26, 0.05, -0.96, 0.01
22:36:24.541,48819,logger,31,INFO,583.69, 61.78, -741.57, 0.26, 0.05, -0.96, 0.01
22:36:24.557,48835,logger,31,INFO,584.07, 61.51, -741.18, 0.26, 0.05, -0.96, 0.01
22:36:24.585,48863,logger,31,INFO,584.85, 60.94, -740.43, 0.26, 0.05, -0.96, 0.01
22:36:24.602,48880,logger,31,INFO,585.26, 60.63, -740.15, 0.26, 0.05, -0.96, 0.01
22:36:24.620,48899,logger,31,INFO,585.67, 60.32, -740.00, 0.26, 0.05, -0.96, 0.01
22:36:24.672,48950,logger,31,INFO,587.40, 58.94, -740.59, 0.26, 0.05, -0.96, 0.01
22:36:24.691,48969,logger,31,INFO,587.83, 58.59, -740.83, 0.26, 0.05, -0.96, 0.01
22:36:24.708,48986,logger,31,INFO,588.26, 58.24, -741.07, 0.26, 0.05, -0.96, 0.01
22:36:24.750,49028,logger,31,INFO,589.55, 57.18, -741.78, 0.26, 0.05, -0.96, 0.01
22:36:24.767,49045,logger,31,INFO,589.98, 56.83, -742.02, 0.26, 0.05, -0.96, 0.01
22:36:24.794,49072,logger,31,INFO,590.84, 56.13, -742.50, 0.26, 0.05, -0.96, 0.01
22:36:24.809,49088,logger,31,INFO,591.27, 55.78, -742.74, 0.26, 0.05, -0.96, 0.01
22:36:24.828,49106,logger,31,INFO,591.70, 55.42, -742.98, 0.26, 0.05, -0.96, 0.01
22:36:24.843,49122,logger,31,INFO,592.13, 55.07, -743.22, 0.26, 0.05, -0.96, 0.01
22:36:24.862,49141,logger,31,INFO,592.56, 54.72, -743.46, 0.26, 0.05, -0.96, 0.01
22:36:24.880,49158,logger,31,INFO,592.99, 54.37, -743.70, 0.26, 0.05, -0.96, 0.01
22:36:24.921,49199,logger,31,INFO,594.27, 53.31, -744.42, 0.26, 0.05, -0.96, 0.01
22:36:25.218,49496,logger,31,INFO,600.82, 49.85, -747.08, 0.26, 0.05, -0.96, 0.01
22:36:25.450,49728,logger,31,INFO,599.91, 50.72, -746.91, 0.26, 0.05, -0.96, 0.01
22:36:25.578,49856,logger,31,INFO,599.31, 50.27, -746.20, 0.26, 0.05, -0.96, 0.01
22:36:25.595,49874,logger,31,INFO,599.26, 50.29, -746.40, 0.26, 0.05, -0.96, 0.01
22:36:25.609,49888,logger,31,INFO,599.22, 50.28, -746.65, 0.26, 0.05, -0.96, 0.01
22:36:25.630,49909,logger,31,INFO,599.17, 50.25, -746.83, 0.26, 0.05, -0.96, 0.01
22:36:25.647,49925,logger,31,INFO,599.08, 50.26, -746.79, 0.26, 0.05, -0.96, 0.01
22:36:25.664,49943,logger,31,INFO,598.98, 50.29, -746.49, 0.26, 0.05, -0.96, 0.01
22:36:25.679,49957,logger,31,INFO,598.88, 50.30, -745.99, 0.26, 0.05, -0.96, 0.01
22:36:25.708,49986,logger,31,INFO,598.70, 50.30, -744.81, 0.26, 0.05, -0.96, 0.01
22:36:25.726,50004,logger,31,INFO,598.60, 50.30, -744.21, 0.26, 0.05, -0.96, 0.01
22:36:25.792,50070,logger,31,INFO,598.23, 50.29, -741.82, 0.26, 0.05, -0.96, 0.01
22:36:25.811,50089,logger,31,INFO,598.14, 50.29, -741.23, 0.26, 0.05, -0.96, 0.01
22:36:25.828,50107,logger,31,INFO,598.04, 50.29, -740.63, 0.26, 0.05, -0.96, 0.01
22:36:25.869,50147,logger,31,INFO,597.76, 50.28, -738.84, 0.26, 0.05, -0.96, 0.01
22:36:25.887,50165,logger,31,INFO,597.67, 50.28, -738.24, 0.26, 0.05, -0.96, 0.01
22:36:25.902,50180,logger,31,INFO,597.60, 50.32, -737.70, 0.26, 0.05, -0.96, 0.01
22:36:25.922,50200,logger,31,INFO,597.59, 50.40, -737.35, 0.26, 0.05, -0.96, 0.01
22:36:25.939,50217,logger,31,INFO,597.60, 50.46, -737.32, 0.26, 0.05, -0.96, 0.01
22:36:25.971,50249,logger,31,INFO,597.72, 50.64, -738.07, 0.26, 0.05, -0.96, 0.01
22:36:25.987,50265,logger,31,INFO,597.83, 50.76, -738.64, 0.26, 0.05, -0.96, 0.01
22:36:26.005,50283,logger,31,INFO,597.95, 50.89, -739.23, 0.26, 0.05, -0.96, 0.01
22:36:26.022,50300,logger,31,INFO,598.06, 51.01, -739.81, 0.26, 0.05, -0.96, 0.01
22:36:26.065,50343,logger,31,INFO,598.41, 51.38, -741.55, 0.26, 0.05, -0.96, 0.01
22:36:26.081,50360,logger,31,INFO,598.52, 51.50, -742.13, 0.26, 0.05, -0.96, 0.01
22:36:26.110,50388,logger,31,INFO,598.75, 51.74, -743.29, 0.26, 0.05, -0.96, 0.01
22:36:26.155,50433,logger,31,INFO,599.11, 52.11, -745.03, 0.26, 0.05, -0.96, 0.01
22:36:26.176,50454,logger,31,INFO,599.29, 52.21, -745.59, 0.26, 0.05, -0.96, 0.01
22:36:26.455,50733,logger,31,INFO,601.25, 52.59, -746.85, 0.26, 0.05, -0.96, 0.01
22:36:26.730,51008,logger,31,INFO,599.81, 52.47, -746.23, 0.26, 0.05, -0.96, 0.01
22:36:26.866,51144,logger,31,INFO,600.09, 53.72, -745.90, 0.26, 0.05, -0.96, 0.01
22:36:26.883,51161,logger,31,INFO,600.05, 53.77, -745.34, 0.26, 0.05, -0.96, 0.01
22:36:26.898,51176,logger,31,INFO,599.94, 53.76, -744.75, 0.26, 0.05, -0.96, 0.01
22:36:26.913,51191,logger,31,INFO,599.83, 53.74, -744.16, 0.26, 0.05, -0.96, 0.01
22:36:26.927,51205,logger,31,INFO,599.72, 53.72, -743.56, 0.26, 0.05, -0.96, 0.01
22:36:26.946,51225,logger,31,INFO,599.60, 53.70, -742.97, 0.26, 0.05, -0.96, 0.01
22:36:26.962,51241,logger,31,INFO,599.49, 53.68, -742.37, 0.26, 0.05, -0.96, 0.01
22:36:26.980,51258,logger,31,INFO,599.38, 53.66, -741.78, 0.26, 0.05, -0.96, 0.01
22:36:27.011,51290,logger,31,INFO,599.15, 53.63, -740.59, 0.26, 0.05, -0.96, 0.01
22:36:27.069,51347,logger,31,INFO,598.71, 53.56, -738.22, 0.26, 0.05, -0.96, 0.01
22:36:27.098,51377,logger,31,INFO,598.48, 53.52, -737.03, 0.26, 0.05, -0.96, 0.01
22:36:27.137,51415,logger,31,INFO,598.34, 53.43, -735.88, 0.26, 0.05, -0.96, 0.01
22:36:27.164,51443,logger,31,INFO,598.44, 53.34, -736.47, 0.26, 0.05, -0.96, 0.01
22:36:27.178,51457,logger,31,INFO,598.56, 53.29, -737.04, 0.26, 0.05, -0.96, 0.01
22:36:27.209,51487,logger,31,INFO,598.82, 53.20, -738.22, 0.26, 0.05, -0.96, 0.01
22:36:27.244,51522,logger,31,INFO,599.09, 53.11, -739.39, 0.26, 0.05, -0.96, 0.01
22:36:27.280,51558,logger,31,INFO,599.35, 53.02, -740.57, 0.26, 0.05, -0.96, 0.01
22:36:27.307,51586,logger,31,INFO,599.61, 52.93, -741.75, 0.26, 0.05, -0.96, 0.01
22:36:27.327,51606,logger,31,INFO,599.75, 52.88, -742.34, 0.26, 0.05, -0.96, 0.01
22:36:27.345,51623,logger,31,INFO,599.88, 52.83, -742.93, 0.26, 0.05, -0.96, 0.01
22:36:27.401,51680,logger,31,INFO,600.41, 52.65, -745.28, 0.26, 0.05, -0.96, 0.01
22:36:27.686,51964,logger,31,INFO,601.58, 52.44, -746.07, 0.26, 0.05, -0.96, 0.01
22:36:27.875,52154,logger,31,INFO,601.06, 53.28, -745.86, 0.26, 0.05, -0.96, 0.01
22:36:28.000,52278,logger,31,INFO,601.47, 52.97, -746.89, 0.26, 0.05, -0.96, 0.01
22:36:28.023,52301,logger,31,INFO,601.41, 52.91, -746.73, 0.26, 0.05, -0.96, 0.01
22:36:28.053,52331,logger,31,INFO,601.22, 52.53, -746.50, 0.26, 0.05, -0.96, 0.01
22:36:28.230,52509,logger,31,INFO,600.12, 52.05, -739.30, 0.26, 0.05, -0.96, 0.01
22:36:28.414,52693,logger,31,INFO,600.89, 51.78, -739.92, 0.26, 0.05, -0.96, 0.01
22:36:28.567,52845,logger,31,INFO,603.58, 50.49, -743.15, 0.26, 0.05, -0.96, 0.01
22:36:28.582,52860,logger,31,INFO,603.81, 50.36, -743.14, 0.26, 0.05, -0.96, 0.01
22:36:28.598,52876,logger,31,INFO,604.02, 50.20, -743.21, 0.26, 0.05, -0.96, 0.01
22:36:28.614,52893,logger,31,INFO,604.20, 50.12, -743.26, 0.26, 0.05, -0.96, 0.01
22:36:28.629,52907,logger,31,INFO,604.27, 50.10, -743.18, 0.26, 0.05, -0.96, 0.01
22:36:28.647,52925,logger,31,INFO,604.25, 50.08, -742.91, 0.26, 0.05, -0.96, 0.01
22:36:28.692,52971,logger,31,INFO,604.12, 50.03, -741.34, 0.26, 0.05, -0.96, 0.01
22:36:28.708,52987,logger,31,INFO,604.06, 50.01, -740.73, 0.26, 0.05, -0.96, 0.01
22:36:28.723,53001,logger,31,INFO,604.00, 49.98, -740.13, 0.26, 0.05, -0.96, 0.01
22:36:28.740,53019,logger,31,INFO,603.95, 49.95, -739.53, 0.26, 0.05, -0.96, 0.01
22:36:28.782,53061,logger,31,INFO,603.78, 49.87, -737.73, 0.26, 0.05, -0.96, 0.01
22:36:28.818,53096,logger,31,INFO,603.67, 49.82, -736.52, 0.26, 0.05, -0.96, 0.01
22:36:28.861,53139,logger,31,INFO,603.51, 49.74, -734.72, 0.26, 0.05, -0.96, 0.01
22:36:28.879,53157,logger,31,INFO,603.45, 49.71, -734.12, 0.26, 0.05, -0.96, 0.01
22:36:28.896,53175,logger,31,INFO,603.42, 49.70, -733.56, 0.26, 0.05, -0.96, 0.01
22:36:28.928,53206,logger,31,INFO,603.49, 49.74, -733.06, 0.26, 0.05, -0.96, 0.01
22:36:29.163,53441,logger,31,INFO,606.47, 50.56, -741.35, 0.26, 0.05, -0.96, 0.01
22:36:29.322,53600,logger,31,INFO,608.96, 50.48, -740.94, 0.26, 0.05, -0.96, 0.01
22:36:29.427,53706,logger,31,INFO,608.95, 50.46, -740.82, 0.26, 0.05, -0.96, 0.01
22:36:29.576,53854,logger,31,INFO,609.78, 49.76, -740.12, 0.26, 0.05, -0.96, 0.01
22:36:29.724,54003,logger,31,INFO,609.33, 49.80, -733.57, 0.26, 0.05, -0.96, 0.01
22:36:29.825,54103,logger,31,INFO,609.47, 49.97, -730.82, 0.26, 0.05, -0.96, 0.01
22:36:30.090,54368,logger,31,INFO,613.34, 49.89, -734.38, 0.26, 0.05, -0.96, 0.01
22:36:30.319,54597,logger,31,INFO,614.01, 50.15, -730.41, 0.26, 0.05, -0.96, 0.01
22:36:30.471,54749,logger,31,INFO,614.87, 50.65, -736.80, 0.26, 0.05, -0.96, 0.01
22:36:30.487,54765,logger,31,INFO,614.89, 50.63, -736.99, 0.26, 0.05, -0.96, 0.01
22:36:30.503,54781,logger,31,INFO,614.88, 50.63, -736.87, 0.26, 0.05, -0.96, 0.01
22:36:30.706,54984,logger,31,INFO,613.83, 49.68, -728.80, 0.26, 0.05, -0.96, 0.01
22:36:30.994,55272,logger,31,INFO,614.85, 49.78, -736.31, 0.26, 0.05, -0.96, 0.01
22:36:31.121,55400,logger,31,INFO,616.71, 48.87, -736.43, 0.26, 0.05, -0.96, 0.01
22:36:31.148,55427,logger,31,INFO,616.59, 48.84, -735.40, 0.26, 0.05, -0.96, 0.01
22:36:31.156,55434,logger,31,INFO,616.56, 48.84, -735.20, 0.26, 0.05, -0.96, 0.01
22:36:31.174,55452,logger,31,INFO,616.49, 48.81, -734.61, 0.26, 0.05, -0.96, 0.01
22:36:31.203,55481,logger,31,INFO,616.34, 48.75, -733.41, 0.26, 0.05, -0.96, 0.01
22:36:31.219,55497,logger,31,INFO,616.26, 48.72, -732.81, 0.26, 0.05, -0.96, 0.01
22:36:31.422,55700,logger,31,INFO,615.52, 48.51, -726.80, 0.26, 0.05, -0.96, 0.01
22:36:31.686,55964,logger,31,INFO,617.07, 49.13, -736.44, 0.26, 0.05, -0.96, 0.01
22:36:31.815,56094,logger,31,INFO,616.70, 48.84, -735.78, 0.26, 0.05, -0.96, 0.01
22:36:31.847,56125,logger,31,INFO,616.59, 48.82, -735.10, 0.26, 0.05, -0.96, 0.01
22:36:31.864,56143,logger,31,INFO,616.52, 48.80, -734.57, 0.26, 0.05, -0.96, 0.01
22:36:31.878,56157,logger,31,INFO,616.45, 48.78, -733.97, 0.26, 0.05, -0.96, 0.01
22:36:31.895,56173,logger,31,INFO,616.37, 48.75, -733.37, 0.26, 0.05, -0.96, 0.01
22:36:31.910,56188,logger,31,INFO,616.30, 48.72, -732.77, 0.26, 0.05, -0.96, 0.01
22:36:31.926,56204,logger,31,INFO,616.22, 48.69, -732.17, 0.26, 0.05, -0.96, 0.01
22:36:31.942,56221,logger,31,INFO,616.15, 48.66, -731.57, 0.26, 0.05, -0.96, 0.01
22:36:32.002,56280,logger,31,INFO,615.85, 48.55, -729.18, 0.26, 0.05, -0.96, 0.01
22:36:32.020,56298,logger,31,INFO,615.77, 48.52, -728.58, 0.26, 0.05, -0.96, 0.01
22:36:32.046,56324,logger,31,INFO,615.62, 48.46, -727.38, 0.26, 0.05, -0.96, 0.01
22:36:32.062,56340,logger,31,INFO,615.55, 48.43, -726.78, 0.26, 0.05, -0.96, 0.01
22:36:32.079,56358,logger,31,INFO,615.47, 48.41, -726.18, 0.26, 0.05, -0.96, 0.01
22:36:32.121,56399,logger,31,INFO,615.33, 48.48, -725.25, 0.26, 0.05, -0.96, 0.01
22:36:32.176,56454,logger,31,INFO,615.43, 48.60, -726.59, 0.26, 0.05, -0.96, 0.01
22:36:32.208,56486,logger,31,INFO,615.53, 48.75, -727.79, 0.26, 0.05, -0.96, 0.01
22:36:32.225,56503,logger,31,INFO,615.59, 48.82, -728.38, 0.26, 0.05, -0.96, 0.01
22:36:32.286,56564,logger,31,INFO,615.79, 49.12, -730.78, 0.26, 0.05, -0.96, 0.01
22:36:32.345,56623,logger,31,INFO,615.99, 49.42, -733.17, 0.26, 0.05, -0.96, 0.01
22:36:32.393,56671,logger,31,INFO,616.20, 49.59, -734.93, 0.26, 0.05, -0.96, 0.01
22:36:32.430,56708,logger,31,INFO,616.92, 49.32, -735.70, 0.26, 0.05, -0.96, 0.01
22:36:32.445,56724,logger,31,INFO,617.12, 49.12, -735.60, 0.26, 0.05, -0.96, 0.01
22:36:32.478,56756,logger,31,INFO,617.26, 48.45, -735.42, 0.26, 0.05, -0.96, 0.01
22:36:32.498,56776,logger,31,INFO,617.24, 48.02, -735.47, 0.26, 0.05, -0.96, 0.01
22:36:32.514,56793,logger,31,INFO,617.12, 47.65, -735.60, 0.26, 0.05, -0.96, 0.01
22:36:32.557,56835,logger,31,INFO,616.71, 47.05, -735.87, 0.26, 0.05, -0.96, 0.01
22:36:32.573,56851,logger,31,INFO,616.69, 47.02, -735.88, 0.26, 0.05, -0.96, 0.01
22:36:32.602,56880,logger,31,INFO,616.68, 47.03, -735.88, 0.26, 0.05, -0.96, 0.01
22:36:32.620,56898,logger,31,INFO,616.60, 47.12, -735.87, 0.26, 0.05, -0.96, 0.01
22:36:32.676,56954,logger,31,INFO,616.39, 47.26, -735.61, 0.26, 0.05, -0.96, 0.01
22:36:32.788,57067,logger,31,INFO,616.15, 46.78, -735.10, 0.26, 0.05, -0.96, 0.01
22:36:33.060,57338,logger,31,INFO,616.54, 46.84, -735.85, 0.26, 0.05, -0.96, 0.01
22:36:33.293,57571,logger,31,INFO,616.57, 44.94, -735.43, 0.26, 0.05, -0.96, 0.01
22:36:33.462,57740,logger,31,INFO,615.68, 43.50, -734.62, 0.26, 0.05, -0.96, 0.01
22:36:33.480,57759,logger,31,INFO,615.56, 43.27, -735.03, 0.26, 0.05, -0.96, 0.01
22:36:33.498,57776,logger,31,INFO,615.46, 43.06, -735.24, 0.26, 0.05, -0.96, 0.01
22:36:33.519,57797,logger,31,INFO,615.36, 42.92, -735.17, 0.26, 0.05, -0.96, 0.01
22:36:33.538,57817,logger,31,INFO,615.26, 42.80, -734.85, 0.26, 0.05, -0.96, 0.01
22:36:33.586,57864,logger,31,INFO,615.06, 42.56, -733.15, 0.26, 0.05, -0.96, 0.01
22:36:33.606,57884,logger,31,INFO,615.01, 42.49, -732.55, 0.26, 0.05, -0.96, 0.01
22:36:33.866,58144,logger,31,INFO,614.16, 40.95, -726.91, 0.26, 0.05, -0.96, 0.01
22:36:33.999,58277,logger,31,INFO,613.91, 39.66, -732.20, 0.26, 0.05, -0.96, 0.01
22:36:34.155,58433,logger,31,INFO,614.39, 41.48, -735.98, 0.26, 0.05, -0.96, 0.01
22:36:34.384,58662,logger,31,INFO,613.93, 41.12, -731.03, 0.26, 0.05, -0.96, 0.01
22:36:34.785,59063,logger,31,INFO,612.05, 40.67, -730.97, 0.26, 0.05, -0.96, 0.01
22:36:34.962,59240,logger,31,INFO,612.59, 41.48, -734.24, 0.26, 0.05, -0.96, 0.01
22:36:35.018,59297,logger,31,INFO,612.73, 41.63, -732.51, 0.26, 0.05, -0.96, 0.01
22:36:35.256,59534,logger,31,INFO,613.28, 43.04, -726.25, 0.26, 0.05, -0.96, 0.01
22:36:35.402,59680,logger,31,INFO,613.16, 45.85, -731.59, 0.26, 0.05, -0.96, 0.01
22:36:35.567,59845,logger,31,INFO,612.77, 50.20, -736.85, 0.26, 0.05, -0.96, 0.01
22:36:35.703,59982,logger,31,INFO,611.95, 53.85, -735.44, 0.26, 0.05, -0.96, 0.01
22:36:35.719,59997,logger,31,INFO,611.87, 53.81, -734.84, 0.26, 0.05, -0.96, 0.01
22:36:35.739,60017,logger,31,INFO,611.78, 53.77, -734.24, 0.26, 0.05, -0.96, 0.01
22:36:35.764,60042,logger,31,INFO,611.70, 53.73, -733.65, 0.26, 0.05, -0.96, 0.01
22:36:35.786,60064,logger,31,INFO,611.61, 53.69, -733.05, 0.26, 0.05, -0.96, 0.01
22:36:35.829,60108,logger,31,INFO,611.36, 53.56, -731.26, 0.26, 0.05, -0.96, 0.01
22:36:36.009,60287,logger,31,INFO,609.62, 54.34, -727.55, 0.26, 0.05, -0.96, 0.01
22:36:36.239,60517,logger,31,INFO,610.95, 55.13, -737.97, 0.26, 0.05, -0.96, 0.01
22:36:36.379,60658,logger,31,INFO,612.03, 56.48, -738.19, 0.26, 0.05, -0.96, 0.01
22:36:36.392,60671,logger,31,INFO,612.05, 56.53, -738.06, 0.26, 0.05, -0.96, 0.01
22:36:36.408,60686,logger,31,INFO,612.05, 56.58, -737.78, 0.26, 0.05, -0.96, 0.01
22:36:36.424,60702,logger,31,INFO,612.10, 56.70, -737.32, 0.26, 0.05, -0.96, 0.01
22:36:36.445,60723,logger,31,INFO,612.09, 56.79, -736.76, 0.26, 0.05, -0.96, 0.01
22:36:36.471,60749,logger,31,INFO,611.93, 56.82, -735.56, 0.26, 0.05, -0.96, 0.01
22:36:36.488,60766,logger,31,INFO,611.85, 56.83, -734.96, 0.26, 0.05, -0.96, 0.01
22:36:36.505,60783,logger,31,INFO,611.76, 56.84, -734.36, 0.26, 0.05, -0.96, 0.01
22:36:36.524,60802,logger,31,INFO,611.67, 56.86, -733.76, 0.26, 0.05, -0.96, 0.01
22:36:36.543,60822,logger,31,INFO,611.59, 56.87, -733.17, 0.26, 0.05, -0.96, 0.01
22:36:36.597,60875,logger,31,INFO,611.25, 56.92, -730.77, 0.26, 0.05, -0.96, 0.01
22:36:36.615,60893,logger,31,INFO,611.16, 56.94, -730.17, 0.26, 0.05, -0.96, 0.01
22:36:36.632,60911,logger,31,INFO,611.08, 56.95, -729.57, 0.26, 0.05, -0.96, 0.01
22:36:36.676,60954,logger,31,INFO,610.83, 57.02, -727.90, 0.26, 0.05, -0.96, 0.01
22:36:36.707,60985,logger,31,INFO,610.76, 57.08, -727.73, 0.26, 0.05, -0.96, 0.01
22:36:36.722,61000,logger,31,INFO,610.76, 57.10, -728.09, 0.26, 0.05, -0.96, 0.01
22:36:36.738,61017,logger,31,INFO,610.78, 57.13, -728.63, 0.26, 0.05, -0.96, 0.01
22:36:36.783,61062,logger,31,INFO,610.89, 57.24, -730.44, 0.26, 0.05, -0.96, 0.01
22:36:36.817,61096,logger,31,INFO,610.97, 57.31, -731.65, 0.26, 0.05, -0.96, 0.01
22:36:36.862,61141,logger,31,INFO,611.08, 57.42, -733.45, 0.26, 0.05, -0.96, 0.01
22:36:36.895,61173,logger,31,INFO,611.15, 57.49, -734.66, 0.26, 0.05, -0.96, 0.01
22:36:36.922,61201,logger,31,INFO,611.23, 57.56, -735.86, 0.26, 0.05, -0.96, 0.01
22:36:36.974,61253,logger,31,INFO,611.72, 57.73, -737.46, 0.26, 0.05, -0.96, 0.01
22:36:36.992,61271,logger,31,INFO,611.79, 57.70, -737.83, 0.26, 0.05, -0.96, 0.01
22:36:37.022,61300,logger,31,INFO,611.93, 57.82, -738.02, 0.26, 0.05, -0.96, 0.01
22:36:37.053,61331,logger,31,INFO,611.90, 57.66, -737.88, 0.26, 0.05, -0.96, 0.01
22:36:37.325,61603,logger,31,INFO,612.87, 56.41, -736.67, 0.26, 0.05, -0.96, 0.01
22:36:37.477,61755,logger,31,INFO,612.59, 54.88, -736.35, 0.26, 0.05, -0.96, 0.01
22:36:37.666,61945,logger,31,INFO,614.61, 57.25, -736.77, 0.26, 0.05, -0.96, 0.01
22:36:37.790,62069,logger,31,INFO,614.76, 58.32, -734.97, 0.26, 0.05, -0.96, 0.01
22:36:37.805,62083,logger,31,INFO,614.71, 58.40, -734.38, 0.26, 0.05, -0.96, 0.01
22:36:37.820,62099,logger,31,INFO,614.65, 58.47, -733.78, 0.26, 0.05, -0.96, 0.01
22:36:37.830,62108,logger,31,INFO,614.63, 58.50, -733.58, 0.26, 0.05, -0.96, 0.01
22:36:37.873,62152,logger,31,INFO,614.49, 58.69, -731.99, 0.26, 0.05, -0.96, 0.01
22:36:37.888,62167,logger,31,INFO,614.43, 58.77, -731.39, 0.26, 0.05, -0.96, 0.01
22:36:37.906,62185,logger,31,INFO,614.38, 58.84, -730.79, 0.26, 0.05, -0.96, 0.01
22:36:37.926,62204,logger,31,INFO,614.33, 58.92, -730.19, 0.26, 0.05, -0.96, 0.01
22:36:37.983,62261,logger,31,INFO,614.12, 59.26, -727.81, 0.26, 0.05, -0.96, 0.01
22:36:38.012,62290,logger,31,INFO,614.16, 59.80, -726.79, 0.26, 0.05, -0.96, 0.01
22:36:38.031,62309,logger,31,INFO,614.24, 60.15, -726.47, 0.26, 0.05, -0.96, 0.01
22:36:38.049,62327,logger,31,INFO,614.36, 60.57, -726.29, 0.26, 0.05, -0.96, 0.01
22:36:38.065,62344,logger,31,INFO,614.52, 61.06, -726.24, 0.26, 0.05, -0.96, 0.01
22:36:38.093,62371,logger,31,INFO,614.80, 61.79, -726.62, 0.26, 0.05, -0.96, 0.01
22:36:38.110,62388,logger,31,INFO,614.92, 62.07, -727.04, 0.26, 0.05, -0.96, 0.01
22:36:38.138,62416,logger,31,INFO,615.09, 62.34, -728.17, 0.26, 0.05, -0.96, 0.01
22:36:38.153,62432,logger,31,INFO,615.14, 62.36, -728.77, 0.26, 0.05, -0.96, 0.01
22:36:38.171,62449,logger,31,INFO,615.20, 62.39, -729.37, 0.26, 0.05, -0.96, 0.01
22:36:38.189,62467,logger,31,INFO,615.25, 62.41, -729.98, 0.26, 0.05, -0.96, 0.01
22:36:38.217,62496,logger,31,INFO,615.35, 62.45, -731.18, 0.26, 0.05, -0.96, 0.01
22:36:38.240,62518,logger,31,INFO,615.41, 62.47, -731.78, 0.26, 0.05, -0.96, 0.01
22:36:38.283,62561,logger,31,INFO,615.56, 62.54, -733.59, 0.26, 0.05, -0.96, 0.01
22:36:38.307,62585,logger,31,INFO,615.62, 62.56, -734.19, 0.26, 0.05, -0.96, 0.01
22:36:38.342,62620,logger,31,INFO,615.72, 62.60, -735.40, 0.26, 0.05, -0.96, 0.01
22:36:38.359,62637,logger,31,INFO,615.77, 62.63, -736.00, 0.26, 0.05, -0.96, 0.01
22:36:38.403,62682,logger,31,INFO,616.03, 62.86, -737.68, 0.26, 0.05, -0.96, 0.01
22:36:38.640,62919,logger,31,INFO,616.33, 63.41, -738.50, 0.26, 0.05, -0.96, 0.01
22:36:38.888,63167,logger,31,INFO,616.00, 63.62, -738.56, 0.26, 0.05, -0.96, 0.01
22:36:39.011,63290,logger,31,INFO,615.08, 63.62, -738.53, 0.26, 0.05, -0.96, 0.01
22:36:39.029,63307,logger,31,INFO,615.07, 63.63, -738.40, 0.26, 0.05, -0.96, 0.01
22:36:39.044,63322,logger,31,INFO,615.04, 63.64, -738.12, 0.26, 0.05, -0.96, 0.01
22:36:39.059,63338,logger,31,INFO,615.00, 63.66, -737.68, 0.26, 0.05, -0.96, 0.01
22:36:39.088,63366,logger,31,INFO,614.90, 63.71, -736.53, 0.26, 0.05, -0.96, 0.01
22:36:39.104,63382,logger,31,INFO,614.85, 63.74, -735.93, 0.26, 0.05, -0.96, 0.01
22:36:39.137,63415,logger,31,INFO,614.74, 63.80, -734.72, 0.26, 0.05, -0.96, 0.01
22:36:39.208,63486,logger,31,INFO,614.46, 63.94, -731.71, 0.26, 0.05, -0.96, 0.01
22:36:39.224,63503,logger,31,INFO,614.41, 63.97, -731.11, 0.26, 0.05, -0.96, 0.01
22:36:39.283,63561,logger,31,INFO,614.19, 64.09, -728.71, 0.26, 0.05, -0.96, 0.01
22:36:39.300,63579,logger,31,INFO,614.15, 64.12, -728.18, 0.26, 0.05, -0.96, 0.01
22:36:39.343,63621,logger,31,INFO,614.19, 64.16, -728.15, 0.26, 0.05, -0.96, 0.01
22:36:39.363,63642,logger,31,INFO,614.26, 64.16, -728.65, 0.26, 0.05, -0.96, 0.01
22:36:39.382,63660,logger,31,INFO,614.33, 64.15, -729.25, 0.26, 0.05, -0.96, 0.01
22:36:39.399,63677,logger,31,INFO,614.41, 64.15, -729.85, 0.26, 0.05, -0.96, 0.01
22:36:39.664,63942,logger,31,INFO,614.03, 61.89, -737.41, 0.26, 0.05, -0.96, 0.01
22:36:39.931,64209,logger,31,INFO,609.82, 61.45, -739.27, 0.26, 0.05, -0.96, 0.01
22:36:40.055,64333,logger,31,INFO,608.92, 60.02, -740.64, 0.26, 0.05, -0.96, 0.01
22:36:40.070,64348,logger,31,INFO,608.92, 59.97, -740.62, 0.26, 0.05, -0.96, 0.01
22:36:40.100,64378,logger,31,INFO,608.87, 59.93, -740.24, 0.26, 0.05, -0.96, 0.01
22:36:40.115,64393,logger,31,INFO,608.83, 59.92, -739.82, 0.26, 0.05, -0.96, 0.01
22:36:40.133,64412,logger,31,INFO,608.77, 59.91, -739.28, 0.26, 0.05, -0.96, 0.01
22:36:40.162,64440,logger,31,INFO,608.63, 59.85, -738.09, 0.26, 0.05, -0.96, 0.01
22:36:40.205,64483,logger,31,INFO,608.43, 59.75, -736.28, 0.26, 0.05, -0.96, 0.01
22:36:40.238,64516,logger,31,INFO,608.29, 59.69, -735.08, 0.26, 0.05, -0.96, 0.01
22:36:40.254,64532,logger,31,INFO,608.22, 59.66, -734.48, 0.26, 0.05, -0.96, 0.01
22:36:40.296,64574,logger,31,INFO,608.01, 59.57, -732.68, 0.26, 0.05, -0.96, 0.01
22:36:40.312,64591,logger,31,INFO,607.95, 59.54, -732.08, 0.26, 0.05, -0.96, 0.01
22:36:40.399,64677,logger,31,INFO,607.85, 58.69, -731.99, 0.26, 0.05, -0.96, 0.01
22:36:40.416,64695,logger,31,INFO,607.89, 58.48, -732.55, 0.26, 0.05, -0.96, 0.01
22:36:40.489,64767,logger,31,INFO,608.10, 57.45, -735.38, 0.26, 0.05, -0.96, 0.01
22:36:40.507,64785,logger,31,INFO,608.14, 57.24, -735.95, 0.26, 0.05, -0.96, 0.01
22:36:40.524,64802,logger,31,INFO,608.18, 57.03, -736.51, 0.26, 0.05, -0.96, 0.01
22:36:40.540,64819,logger,31,INFO,608.22, 56.83, -737.08, 0.26, 0.05, -0.96, 0.01
22:36:40.584,64863,logger,31,INFO,608.35, 56.21, -738.78, 0.26, 0.05, -0.96, 0.01
22:36:40.601,64879,logger,31,INFO,608.42, 56.00, -739.34, 0.26, 0.05, -0.96, 0.01
22:36:40.619,64897,logger,31,INFO,608.62, 55.82, -739.82, 0.26, 0.05, -0.96, 0.01
22:36:40.638,64916,logger,31,INFO,608.92, 55.72, -740.15, 0.26, 0.05, -0.96, 0.01
22:36:40.695,64973,logger,31,INFO,609.97, 55.86, -740.04, 0.26, 0.05, -0.96, 0.01
22:36:40.732,65010,logger,31,INFO,609.94, 55.86, -739.86, 0.26, 0.05, -0.96, 0.01
22:36:40.768,65047,logger,31,INFO,609.54, 55.86, -739.88, 0.26, 0.05, -0.96, 0.01
22:36:40.788,65066,logger,31,INFO,609.36, 56.01, -739.97, 0.26, 0.05, -0.96, 0.01
22:36:40.832,65111,logger,31,INFO,609.39, 56.40, -740.71, 0.26, 0.05, -0.96, 0.01
22:36:40.850,65128,logger,31,INFO,609.41, 56.55, -740.95, 0.26, 0.05, -0.96, 0.01
22:36:40.888,65166,logger,31,INFO,609.18, 56.58, -740.82, 0.26, 0.05, -0.96, 0.01
22:36:40.912,65190,logger,31,INFO,609.12, 56.56, -740.61, 0.26, 0.05, -0.96, 0.01
22:36:40.977,65256,logger,31,INFO,608.13, 56.53, -740.25, 0.26, 0.05, -0.96, 0.01
22:36:40.996,65274,logger,31,INFO,607.91, 56.56, -740.50, 0.26, 0.05, -0.96, 0.01
22:36:41.039,65317,logger,31,INFO,607.75, 56.62, -740.79, 0.26, 0.05, -0.96, 0.01
22:36:41.108,65386,logger,31,INFO,607.68, 56.71, -741.01, 0.26, 0.05, -0.96, 0.01
22:36:41.179,65457,logger,31,INFO,607.96, 56.80, -740.36, 0.26, 0.05, -0.96, 0.01
22:36:41.248,65526,logger,31,INFO,608.31, 56.46, -739.25, 0.26, 0.05, -0.96, 0.01
22:36:41.269,65547,logger,31,INFO,608.25, 56.36, -739.09, 0.26, 0.05, -0.96, 0.01
22:36:41.312,65591,logger,31,INFO,607.88, 56.09, -739.63, 0.26, 0.05, -0.96, 0.01
22:36:41.326,65605,logger,31,INFO,607.78, 56.01, -739.90, 0.26, 0.05, -0.96, 0.01
22:36:41.371,65649,logger,31,INFO,607.74, 55.87, -740.17, 0.26, 0.05, -0.96, 0.01
22:36:41.446,65724,logger,31,INFO,607.93, 55.92, -740.09, 0.26, 0.05, -0.96, 0.01
22:36:41.475,65753,logger,31,INFO,607.77, 56.14, -740.32, 0.26, 0.05, -0.96, 0.01
22:36:41.579,65857,logger,31,INFO,607.44, 56.68, -739.52, 0.26, 0.05, -0.96, 0.01
22:36:41.610,65888,logger,31,INFO,607.56, 57.07, -739.37, 0.26, 0.05, -0.96, 0.01
22:36:41.638,65917,logger,31,INFO,607.99, 57.51, -739.54, 0.26, 0.05, -0.96, 0.01
22:36:41.684,65962,logger,31,INFO,608.82, 58.37, -739.65, 0.26, 0.05, -0.96, 0.01
22:36:41.754,66032,logger,31,INFO,609.29, 58.61, -739.83, 0.26, 0.05, -0.96, 0.01
22:36:41.782,66060,logger,31,INFO,609.30, 58.73, -739.98, 0.26, 0.05, -0.96, 0.01
22:36:41.837,66115,logger,31,INFO,609.21, 58.78, -739.67, 0.26, 0.05, -0.96, 0.01
22:36:41.852,66130,logger,31,INFO,609.12, 58.73, -739.53, 0.26, 0.05, -0.96, 0.01
22:36:41.867,66146,logger,31,INFO,609.13, 58.87, -739.34, 0.26, 0.05, -0.96, 0.01
22:36:41.895,66173,logger,31,INFO,609.31, 59.17, -738.87, 0.26, 0.05, -0.96, 0.01
22:36:41.926,66204,logger,31,INFO,609.60, 59.53, -738.35, 0.26, 0.05, -0.96, 0.01
22:36:41.960,66238,logger,31,INFO,609.93, 59.90, -738.08, 0.26, 0.05, -0.96, 0.01
22:36:41.976,66254,logger,31,INFO,610.05, 60.06, -738.12, 0.26, 0.05, -0.96, 0.01
22:36:42.004,66283,logger,31,INFO,610.25, 60.33, -738.67, 0.26, 0.05, -0.96, 0.01
22:36:42.020,66298,logger,31,INFO,610.37, 60.47, -739.10, 0.26, 0.05, -0.96, 0.01
22:36:42.049,66328,logger,31,INFO,610.57, 60.72, -739.75, 0.26, 0.05, -0.96, 0.01
22:36:42.070,66348,logger,31,INFO,610.70, 60.86, -739.82, 0.26, 0.05, -0.96, 0.01
22:36:42.124,66402,logger,31,INFO,611.27, 61.41, -738.47, 0.26, 0.05, -0.96, 0.01
22:36:42.167,66445,logger,31,INFO,611.77, 62.10, -736.87, 0.26, 0.05, -0.96, 0.01
22:36:42.182,66460,logger,31,INFO,611.98, 62.42, -736.41, 0.26, 0.05, -0.96, 0.01
22:36:42.255,66534,logger,31,INFO,613.49, 64.05, -736.68, 0.26, 0.05, -0.96, 0.01
22:36:42.271,66549,logger,31,INFO,613.80, 64.31, -737.12, 0.26, 0.05, -0.96, 0.01
22:36:42.302,66580,logger,31,INFO,614.28, 64.83, -738.11, 0.26, 0.05, -0.96, 0.01
22:36:42.337,66616,logger,31,INFO,614.63, 65.42, -738.81, 0.26, 0.05, -0.96, 0.01
22:36:42.381,66660,logger,31,INFO,615.11, 66.36, -738.25, 0.26, 0.05, -0.96, 0.01
22:36:42.412,66691,logger,31,INFO,615.52, 66.88, -737.87, 0.26, 0.05, -0.96, 0.01
22:36:42.443,66721,logger,31,INFO,616.04, 67.33, -738.39, 0.26, 0.05, -0.96, 0.01
22:36:42.505,66783,logger,31,INFO,616.78, 67.70, -738.91, 0.26, 0.05, -0.96, 0.01
22:36:42.730,67008,logger,31,INFO,618.44, 67.75, -737.46, 0.26, 0.05, -0.96, 0.01
22:36:43.007,67285,logger,31,INFO,617.08, 65.59, -737.20, 0.26, 0.05, -0.96, 0.01
22:36:43.129,67408,logger,31,INFO,618.13, 64.40, -736.93, 0.26, 0.05, -0.96, 0.01
22:36:43.147,67425,logger,31,INFO,618.08, 64.34, -736.47, 0.26, 0.05, -0.96, 0.01
22:36:43.162,67440,logger,31,INFO,618.01, 64.24, -735.91, 0.26, 0.05, -0.96, 0.01
22:36:43.178,67456,logger,31,INFO,617.94, 64.12, -735.32, 0.26, 0.05, -0.96, 0.01
22:36:43.193,67471,logger,31,INFO,617.87, 64.01, -734.73, 0.26, 0.05, -0.96, 0.01
22:36:43.207,67485,logger,31,INFO,617.80, 63.89, -734.14, 0.26, 0.05, -0.96, 0.01
22:36:43.224,67502,logger,31,INFO,617.73, 63.77, -733.55, 0.26, 0.05, -0.96, 0.01
22:36:43.257,67535,logger,31,INFO,617.59, 63.54, -732.38, 0.26, 0.05, -0.96, 0.01
22:36:43.296,67574,logger,31,INFO,617.37, 63.19, -730.61, 0.26, 0.05, -0.96, 0.01
22:36:43.353,67631,logger,31,INFO,617.09, 62.73, -728.25, 0.26, 0.05, -0.96, 0.01
22:36:43.382,67661,logger,31,INFO,616.93, 62.44, -727.17, 0.26, 0.05, -0.96, 0.01
22:36:43.553,67831,logger,31,INFO,616.58, 60.29, -732.28, 0.26, 0.05, -0.96, 0.01
22:36:43.582,67860,logger,31,INFO,616.54, 59.93, -733.43, 0.26, 0.05, -0.96, 0.01
22:36:43.597,67875,logger,31,INFO,616.52, 59.75, -734.01, 0.26, 0.05, -0.96, 0.01
22:36:43.613,67891,logger,31,INFO,616.50, 59.57, -734.59, 0.26, 0.05, -0.96, 0.01
22:36:43.629,67907,logger,31,INFO,616.48, 59.39, -735.16, 0.26, 0.05, -0.96, 0.01
22:36:43.654,67932,logger,31,INFO,616.45, 59.20, -735.74, 0.26, 0.05, -0.96, 0.01
22:36:43.698,67977,logger,31,INFO,616.06, 58.42, -737.19, 0.26, 0.05, -0.96, 0.01
22:36:43.751,68029,logger,31,INFO,614.60, 57.02, -737.18, 0.26, 0.05, -0.96, 0.01
22:36:44.108,68386,logger,31,INFO,612.69, 53.73, -735.27, 0.26, 0.05, -0.96, 0.01
22:36:44.564,68843,logger,31,INFO,610.37, 56.65, -729.58, 0.26, 0.05, -0.96, 0.01
22:36:44.755,69033,logger,31,INFO,607.60, 57.40, -722.07, 0.26, 0.05, -0.96, 0.01
22:36:44.924,69203,logger,31,INFO,605.95, 57.54, -729.49, 0.26, 0.05, -0.96, 0.01
22:36:45.066,69344,logger,31,INFO,604.75, 57.63, -735.41, 0.26, 0.05, -0.96, 0.01
22:36:45.079,69357,logger,31,INFO,604.63, 57.64, -736.01, 0.26, 0.05, -0.96, 0.01
22:36:45.121,69400,logger,31,INFO,604.27, 57.67, -737.79, 0.26, 0.05, -0.96, 0.01
22:36:45.149,69427,logger,31,INFO,604.03, 57.68, -738.97, 0.26, 0.05, -0.96, 0.01
22:36:45.165,69443,logger,31,INFO,603.91, 57.67, -739.56, 0.26, 0.05, -0.96, 0.01
22:36:45.179,69457,logger,31,INFO,603.77, 57.54, -740.09, 0.26, 0.05, -0.96, 0.01
22:36:45.209,69487,logger,31,INFO,603.53, 57.09, -740.54, 0.26, 0.05, -0.96, 0.01
22:36:45.240,69518,logger,31,INFO,603.25, 56.43, -740.10, 0.26, 0.05, -0.96, 0.01
22:36:45.267,69545,logger,31,INFO,603.02, 55.55, -739.32, 0.26, 0.05, -0.96, 0.01
22:36:45.284,69562,logger,31,INFO,602.91, 55.11, -738.92, 0.26, 0.05, -0.96, 0.01
22:36:45.301,69579,logger,31,INFO,602.80, 54.67, -738.52, 0.26, 0.05, -0.96, 0.01
22:36:45.319,69597,logger,31,INFO,602.69, 54.22, -738.12, 0.26, 0.05, -0.96, 0.01
22:36:45.334,69612,logger,31,INFO,602.57, 53.78, -737.73, 0.26, 0.05, -0.96, 0.01
22:36:45.351,69629,logger,31,INFO,602.46, 53.34, -737.33, 0.26, 0.05, -0.96, 0.01
22:36:45.396,69674,logger,31,INFO,602.11, 52.01, -736.14, 0.26, 0.05, -0.96, 0.01
22:36:45.437,69715,logger,31,INFO,601.32, 51.31, -735.57, 0.26, 0.05, -0.96, 0.01
22:36:45.498,69776,logger,31,INFO,599.67, 51.39, -736.79, 0.26, 0.05, -0.96, 0.01
22:36:45.531,69810,logger,31,INFO,598.78, 51.68, -737.56, 0.26, 0.05, -0.96, 0.01
22:36:45.590,69868,logger,31,INFO,597.01, 52.28, -739.09, 0.26, 0.05, -0.96, 0.01
22:36:45.663,69941,logger,31,INFO,594.45, 53.12, -739.96, 0.26, 0.05, -0.96, 0.01
22:36:45.678,69956,logger,31,INFO,593.96, 53.33, -739.94, 0.26, 0.05, -0.96, 0.01
22:36:45.724,70002,logger,31,INFO,593.11, 53.96, -740.73, 0.26, 0.05, -0.96, 0.01
22:36:45.841,70120,logger,31,INFO,593.20, 55.20, -743.22, 0.26, 0.05, -0.96, 0.01
22:36:45.871,70150,logger,31,INFO,593.27, 55.31, -742.87, 0.26, 0.05, -0.96, 0.01
22:36:45.942,70220,logger,31,INFO,593.41, 55.52, -742.63, 0.26, 0.05, -0.96, 0.01
22:36:45.987,70265,logger,31,INFO,593.63, 55.70, -742.68, 0.26, 0.05, -0.96, 0.01
22:36:46.015,70293,logger,31,INFO,593.81, 55.92, -742.63, 0.26, 0.05, -0.96, 0.01
22:36:46.033,70311,logger,31,INFO,594.10, 55.90, -742.52, 0.26, 0.05, -0.96, 0.01
22:36:46.069,70347,logger,31,INFO,594.31, 55.97, -742.39, 0.26, 0.05, -0.96, 0.01
22:36:46.101,70379,logger,31,INFO,594.78, 55.91, -742.19, 0.26, 0.05, -0.96, 0.01
22:36:46.118,70396,logger,31,INFO,594.89, 55.92, -742.12, 0.26, 0.05, -0.96, 0.01
22:36:46.204,70482,logger,31,INFO,595.34, 55.71, -741.49, 0.26, 0.05, -0.96, 0.01
22:36:46.313,70591,logger,31,INFO,597.33, 55.33, -741.40, 0.26, 0.05, -0.96, 0.01
22:36:46.366,70645,logger,31,INFO,598.00, 54.57, -740.06, 0.26, 0.05, -0.96, 0.01
22:36:46.413,70691,logger,31,INFO,598.53, 54.06, -739.22, 0.26, 0.05, -0.96, 0.01
22:36:46.442,70720,logger,31,INFO,598.71, 53.93, -738.91, 0.26, 0.05, -0.96, 0.01
22:36:46.479,70757,logger,31,INFO,599.16, 53.62, -738.55, 0.26, 0.05, -0.96, 0.01
22:36:46.519,70798,logger,31,INFO,599.81, 53.52, -738.48, 0.26, 0.05, -0.96, 0.01
22:36:46.549,70827,logger,31,INFO,600.20, 53.55, -738.49, 0.26, 0.05, -0.96, 0.01
22:36:46.588,70866,logger,31,INFO,600.75, 53.56, -738.48, 0.26, 0.05, -0.96, 0.01
22:36:46.608,70886,logger,31,INFO,601.35, 53.56, -738.45, 0.26, 0.05, -0.96, 0.01
22:36:46.642,70920,logger,31,INFO,602.55, 53.57, -738.35, 0.26, 0.05, -0.96, 0.01
22:36:46.679,70958,logger,31,INFO,603.73, 53.73, -738.26, 0.26, 0.05, -0.96, 0.01
22:36:46.697,70976,logger,31,INFO,604.28, 53.83, -738.20, 0.26, 0.05, -0.96, 0.01
22:36:46.735,71013,logger,31,INFO,605.32, 54.09, -737.84, 0.26, 0.05, -0.96, 0.01
22:36:46.766,71045,logger,31,INFO,606.30, 54.48, -737.52, 0.26, 0.05, -0.96, 0.01
22:36:46.794,71072,logger,31,INFO,607.10, 54.74, -737.76, 0.26, 0.05, -0.96, 0.01
22:36:46.826,71104,logger,31,INFO,607.61, 54.93, -738.01, 0.26, 0.05, -0.96, 0.01
22:36:46.879,71157,logger,31,INFO,608.20, 55.50, -737.13, 0.26, 0.05, -0.96, 0.01
22:36:46.895,71173,logger,31,INFO,608.33, 55.65, -736.91, 0.26, 0.05, -0.96, 0.01
22:36:46.912,71190,logger,31,INFO,608.53, 55.78, -736.79, 0.26, 0.05, -0.96, 0.01
22:36:47.180,71458,logger,31,INFO,616.73, 58.54, -737.68, 0.26, 0.05, -0.96, 0.01
22:36:47.305,71583,logger,31,INFO,616.54, 59.51, -739.50, 0.26, 0.05, -0.96, 0.01
22:36:47.469,71747,logger,31,INFO,617.87, 61.21, -738.72, 0.26, 0.05, -0.96, 0.01
22:36:47.607,71886,logger,31,INFO,619.17, 61.85, -738.22, 0.26, 0.05, -0.96, 0.01
22:36:47.624,71902,logger,31,INFO,619.13, 61.87, -737.62, 0.26, 0.05, -0.96, 0.01
22:36:47.640,71918,logger,31,INFO,619.08, 61.90, -737.01, 0.26, 0.05, -0.96, 0.01
22:36:47.655,71933,logger,31,INFO,619.03, 61.92, -736.41, 0.26, 0.05, -0.96, 0.01
22:36:47.674,71953,logger,31,INFO,618.99, 61.94, -735.81, 0.26, 0.05, -0.96, 0.01
22:36:47.691,71969,logger,31,INFO,618.94, 61.97, -735.21, 0.26, 0.05, -0.96, 0.01
22:36:47.731,72009,logger,31,INFO,618.81, 62.04, -733.40, 0.26, 0.05, -0.96, 0.01
22:36:47.748,72026,logger,31,INFO,618.76, 62.07, -732.80, 0.26, 0.05, -0.96, 0.01
22:36:47.778,72057,logger,31,INFO,618.67, 62.12, -731.59, 0.26, 0.05, -0.96, 0.01
22:36:47.796,72075,logger,31,INFO,618.63, 62.14, -730.99, 0.26, 0.05, -0.96, 0.01
22:36:47.811,72089,logger,31,INFO,618.58, 62.17, -730.39, 0.26, 0.05, -0.96, 0.01
22:36:47.827,72106,logger,31,INFO,618.54, 62.19, -729.78, 0.26, 0.05, -0.96, 0.01
22:36:47.844,72122,logger,31,INFO,618.55, 62.24, -729.19, 0.26, 0.05, -0.96, 0.01
22:36:47.860,72139,logger,31,INFO,618.69, 62.34, -728.70, 0.26, 0.05, -0.96, 0.01
22:36:47.875,72153,logger,31,INFO,618.83, 62.46, -728.46, 0.26, 0.05, -0.96, 0.01
22:36:47.892,72170,logger,31,INFO,618.91, 62.54, -728.52, 0.26, 0.05, -0.96, 0.01
22:36:47.908,72186,logger,31,INFO,619.07, 62.62, -728.84, 0.26, 0.05, -0.96, 0.01
22:36:47.955,72233,logger,31,INFO,619.37, 62.73, -730.49, 0.26, 0.05, -0.96, 0.01
22:36:47.970,72248,logger,31,INFO,619.37, 62.73, -731.09, 0.26, 0.05, -0.96, 0.01
22:36:47.998,72277,logger,31,INFO,619.37, 62.73, -732.30, 0.26, 0.05, -0.96, 0.01
22:36:48.029,72308,logger,31,INFO,619.36, 62.72, -733.51, 0.26, 0.05, -0.96, 0.01
22:36:48.048,72326,logger,31,INFO,619.36, 62.72, -734.12, 0.26, 0.05, -0.96, 0.01
22:36:48.083,72361,logger,31,INFO,619.36, 62.71, -735.32, 0.26, 0.05, -0.96, 0.01
22:36:48.129,72408,logger,31,INFO,619.36, 62.71, -737.14, 0.26, 0.05, -0.96, 0.01
22:36:48.170,72449,logger,31,INFO,619.35, 62.74, -738.95, 0.26, 0.05, -0.96, 0.01
22:36:48.446,72724,logger,31,INFO,618.21, 64.29, -740.32, 0.26, 0.05, -0.96, 0.01
22:36:48.702,72981,logger,31,INFO,619.68, 64.07, -741.12, 0.26, 0.05, -0.96, 0.01
22:36:48.835,73114,logger,31,INFO,619.65, 64.55, -740.49, 0.26, 0.05, -0.96, 0.01
22:36:48.872,73150,logger,31,INFO,619.66, 64.58, -739.41, 0.26, 0.05, -0.96, 0.01
22:36:48.886,73164,logger,31,INFO,619.59, 64.61, -738.81, 0.26, 0.05, -0.96, 0.01
22:36:48.900,73178,logger,31,INFO,619.52, 64.64, -738.21, 0.26, 0.05, -0.96, 0.01
22:36:48.916,73195,logger,31,INFO,619.46, 64.67, -737.61, 0.26, 0.05, -0.96, 0.01
22:36:48.931,73209,logger,31,INFO,619.39, 64.70, -737.01, 0.26, 0.05, -0.96, 0.01
22:36:48.947,73225,logger,31,INFO,619.32, 64.73, -736.41, 0.26, 0.05, -0.96, 0.01
22:36:48.963,73242,logger,31,INFO,619.25, 64.76, -735.81, 0.26, 0.05, -0.96, 0.01
22:36:48.983,73261,logger,31,INFO,619.18, 64.79, -735.21, 0.26, 0.05, -0.96, 0.01
22:36:49.024,73302,logger,31,INFO,618.98, 64.88, -733.41, 0.26, 0.05, -0.96, 0.01
22:36:49.052,73331,logger,31,INFO,618.84, 64.94, -732.21, 0.26, 0.05, -0.96, 0.01
22:36:49.344,73622,logger,31,INFO,618.11, 65.36, -739.12, 0.26, 0.05, -0.96, 0.01
22:36:49.626,73904,logger,31,INFO,621.21, 65.86, -741.23, 0.26, 0.05, -0.96, 0.01
22:36:49.767,74045,logger,31,INFO,621.55, 65.88, -739.51, 0.26, 0.05, -0.96, 0.01
22:36:49.783,74061,logger,31,INFO,621.51, 65.90, -738.96, 0.26, 0.05, -0.96, 0.01
22:36:49.813,74091,logger,31,INFO,621.43, 65.91, -737.75, 0.26, 0.05, -0.96, 0.01
22:36:49.857,74135,logger,31,INFO,621.31, 65.94, -735.95, 0.26, 0.05, -0.96, 0.01
22:36:50.397,74676,logger,31,INFO,620.52, 65.67, -733.47, 0.26, 0.05, -0.96, 0.01
22:36:50.825,75103,logger,31,INFO,619.69, 70.32, -744.60, 0.26, 0.05, -0.96, 0.01
22:36:50.985,75263,logger,31,INFO,619.36, 71.50, -740.77, 0.26, 0.05, -0.96, 0.01
22:36:51.003,75282,logger,31,INFO,619.32, 71.61, -740.18, 0.26, 0.05, -0.96, 0.01
22:36:51.069,75347,logger,31,INFO,619.14, 72.06, -737.81, 0.26, 0.05, -0.96, 0.01
22:36:51.084,75362,logger,31,INFO,619.10, 72.17, -737.22, 0.26, 0.05, -0.96, 0.01
22:36:51.099,75378,logger,31,INFO,619.05, 72.28, -736.63, 0.26, 0.05, -0.96, 0.01
22:36:51.114,75392,logger,31,INFO,619.01, 72.40, -736.03, 0.26, 0.05, -0.96, 0.01
22:36:51.146,75424,logger,31,INFO,618.91, 72.63, -734.85, 0.26, 0.05, -0.96, 0.01
22:36:51.187,75465,logger,31,INFO,618.68, 73.12, -733.86, 0.26, 0.05, -0.96, 0.01
22:36:51.621,75900,logger,31,INFO,616.10, 75.56, -747.02, 0.26, 0.05, -0.96, 0.01
22:36:52.091,76369,logger,31,INFO,612.25, 77.00, -734.74, 0.26, 0.05, -0.96, 0.01
22:36:52.242,76520,logger,31,INFO,610.84, 77.04, -728.36, 0.26, 0.05, -0.96, 0.01
22:36:52.272,76550,logger,31,INFO,610.50, 77.01, -728.21, 0.26, 0.05, -0.96, 0.01
22:36:52.290,76569,logger,31,INFO,610.31, 76.98, -728.56, 0.26, 0.05, -0.96, 0.01
22:36:52.307,76585,logger,31,INFO,610.10, 76.97, -729.09, 0.26, 0.05, -0.96, 0.01
22:36:52.357,76635,logger,31,INFO,609.54, 76.91, -730.81, 0.26, 0.05, -0.96, 0.01
22:36:52.372,76650,logger,31,INFO,609.35, 76.89, -731.39, 0.26, 0.05, -0.96, 0.01
22:36:52.388,76667,logger,31,INFO,609.16, 76.87, -731.96, 0.26, 0.05, -0.96, 0.01
22:36:52.418,76697,logger,31,INFO,608.79, 76.83, -733.11, 0.26, 0.05, -0.96, 0.01
22:36:52.436,76715,logger,31,INFO,608.61, 76.81, -733.69, 0.26, 0.05, -0.96, 0.01
22:36:52.454,76732,logger,31,INFO,608.42, 76.79, -734.26, 0.26, 0.05, -0.96, 0.01
22:36:52.498,76776,logger,31,INFO,607.86, 76.73, -735.99, 0.26, 0.05, -0.96, 0.01
22:36:52.518,76797,logger,31,INFO,607.67, 76.71, -736.56, 0.26, 0.05, -0.96, 0.01
22:36:52.545,76823,logger,31,INFO,607.30, 76.67, -737.71, 0.26, 0.05, -0.96, 0.01
22:36:52.560,76838,logger,31,INFO,607.11, 76.65, -738.29, 0.26, 0.05, -0.96, 0.01
22:36:52.586,76865,logger,31,INFO,606.74, 76.61, -739.44, 0.26, 0.05, -0.96, 0.01
22:36:52.605,76883,logger,31,INFO,606.55, 76.59, -740.01, 0.26, 0.05, -0.96, 0.01
22:36:52.645,76923,logger,31,INFO,605.99, 76.53, -741.74, 0.26, 0.05, -0.96, 0.01
22:36:52.864,77142,logger,31,INFO,604.06, 76.52, -747.35, 0.26, 0.05, -0.96, 0.01
22:36:53.104,77382,logger,31,INFO,604.66, 76.79, -747.66, 0.26, 0.05, -0.96, 0.01
22:36:53.206,77485,logger,31,INFO,604.65, 76.58, -747.61, 0.26, 0.05, -0.96, 0.01
22:36:53.412,77690,logger,31,INFO,603.51, 76.45, -740.86, 0.26, 0.05, -0.96, 0.01
22:36:53.535,77814,logger,31,INFO,603.24, 76.32, -738.79, 0.26, 0.05, -0.96, 0.01
22:36:53.723,78001,logger,31,INFO,604.34, 75.17, -746.98, 0.26, 0.05, -0.96, 0.01
22:36:53.957,78236,logger,31,INFO,604.06, 71.70, -744.14, 0.26, 0.05, -0.96, 0.01
22:36:53.975,78254,logger,31,INFO,604.01, 71.53, -743.56, 0.26, 0.05, -0.96, 0.01
22:36:53.992,78270,logger,31,INFO,603.95, 71.37, -742.98, 0.26, 0.05, -0.96, 0.01
22:36:54.008,78286,logger,31,INFO,603.90, 71.20, -742.40, 0.26, 0.05, -0.96, 0.01
22:36:54.023,78301,logger,31,INFO,603.84, 71.04, -741.82, 0.26, 0.05, -0.96, 0.01
22:36:54.053,78331,logger,31,INFO,603.73, 70.71, -740.66, 0.26, 0.05, -0.96, 0.01
22:36:54.082,78360,logger,31,INFO,603.62, 70.38, -739.50, 0.26, 0.05, -0.96, 0.01
22:36:54.097,78375,logger,31,INFO,603.57, 70.21, -738.93, 0.26, 0.05, -0.96, 0.01
22:36:54.113,78391,logger,31,INFO,603.52, 70.05, -738.35, 0.26, 0.05, -0.96, 0.01
22:36:54.153,78431,logger,31,INFO,603.35, 69.48, -736.63, 0.26, 0.05, -0.96, 0.01
22:36:54.169,78447,logger,31,INFO,603.28, 69.16, -736.12, 0.26, 0.05, -0.96, 0.01
22:36:54.198,78477,logger,31,INFO,603.13, 68.38, -735.41, 0.26, 0.05, -0.96, 0.01
22:36:54.215,78494,logger,31,INFO,603.05, 67.90, -735.23, 0.26, 0.05, -0.96, 0.01
22:36:54.508,78786,logger,31,INFO,603.62, 62.22, -744.64, 0.26, 0.05, -0.96, 0.01
22:36:54.633,78912,logger,31,INFO,605.39, 62.01, -744.86, 0.26, 0.05, -0.96, 0.01
22:36:54.876,79154,logger,31,INFO,606.21, 64.55, -744.14, 0.26, 0.05, -0.96, 0.01
22:36:55.006,79284,logger,31,INFO,605.69, 65.25, -738.29, 0.26, 0.05, -0.96, 0.01
22:36:55.019,79297,logger,31,INFO,605.64, 65.32, -737.70, 0.26, 0.05, -0.96, 0.01
22:36:55.036,79314,logger,31,INFO,605.59, 65.40, -737.10, 0.26, 0.05, -0.96, 0.01
22:36:55.050,79329,logger,31,INFO,605.53, 65.47, -736.50, 0.26, 0.05, -0.96, 0.01
22:36:55.065,79343,logger,31,INFO,605.48, 65.54, -735.90, 0.26, 0.05, -0.96, 0.01
22:36:55.079,79357,logger,31,INFO,605.43, 65.61, -735.30, 0.26, 0.05, -0.96, 0.01
22:36:55.093,79371,logger,31,INFO,605.37, 65.69, -734.71, 0.26, 0.05, -0.96, 0.01
22:36:55.110,79388,logger,31,INFO,605.32, 65.77, -734.11, 0.26, 0.05, -0.96, 0.01
22:36:55.132,79410,logger,31,INFO,605.28, 65.91, -733.53, 0.26, 0.05, -0.96, 0.01
22:36:55.161,79439,logger,31,INFO,605.30, 66.52, -732.67, 0.26, 0.05, -0.96, 0.01
22:36:55.202,79481,logger,31,INFO,605.55, 67.88, -732.67, 0.26, 0.05, -0.96, 0.01
22:36:55.231,79509,logger,31,INFO,605.80, 69.01, -733.01, 0.26, 0.05, -0.96, 0.01
22:36:55.262,79540,logger,31,INFO,606.07, 70.05, -733.41, 0.26, 0.05, -0.96, 0.01
22:36:55.306,79584,logger,31,INFO,606.47, 70.97, -734.59, 0.26, 0.05, -0.96, 0.01
22:36:55.352,79630,logger,31,INFO,606.89, 71.21, -736.32, 0.26, 0.05, -0.96, 0.01
22:36:55.368,79646,logger,31,INFO,607.02, 71.23, -736.91, 0.26, 0.05, -0.96, 0.01
22:36:55.388,79667,logger,31,INFO,607.16, 71.25, -737.49, 0.26, 0.05, -0.96, 0.01
22:36:55.430,79709,logger,31,INFO,607.58, 71.32, -739.26, 0.26, 0.05, -0.96, 0.01
22:36:55.447,79725,logger,31,INFO,607.71, 71.35, -739.85, 0.26, 0.05, -0.96, 0.01
22:36:55.461,79740,logger,31,INFO,607.85, 71.37, -740.44, 0.26, 0.05, -0.96, 0.01
22:36:55.493,79771,logger,31,INFO,608.12, 71.42, -741.61, 0.26, 0.05, -0.96, 0.01
22:36:55.528,79806,logger,31,INFO,608.40, 71.47, -742.79, 0.26, 0.05, -0.96, 0.01
22:36:55.556,79835,logger,31,INFO,608.67, 71.48, -743.96, 0.26, 0.05, -0.96, 0.01
22:36:55.586,79865,logger,31,INFO,608.79, 71.07, -744.89, 0.26, 0.05, -0.96, 0.01
22:36:55.647,79925,logger,31,INFO,607.97, 69.91, -744.86, 0.26, 0.05, -0.96, 0.01
22:36:55.705,79983,logger,31,INFO,606.34, 69.32, -744.81, 0.26, 0.05, -0.96, 0.01
22:36:55.803,80081,logger,31,INFO,605.84, 69.37, -744.87, 0.26, 0.05, -0.96, 0.01
22:36:55.931,80210,logger,31,INFO,605.40, 69.36, -746.04, 0.26, 0.05, -0.96, 0.01
22:36:55.992,80271,logger,31,INFO,604.89, 69.35, -745.65, 0.26, 0.05, -0.96, 0.01
22:36:56.097,80375,logger,31,INFO,603.52, 67.85, -746.03, 0.26, 0.05, -0.96, 0.01
22:36:56.156,80434,logger,31,INFO,603.30, 67.57, -745.85, 0.26, 0.05, -0.96, 0.01
22:36:56.388,80666,logger,31,INFO,602.59, 64.22, -744.24, 0.26, 0.05, -0.96, 0.01
22:36:56.615,80893,logger,31,INFO,604.77, 57.86, -743.70, 0.26, 0.05, -0.96, 0.01
22:36:56.750,81029,logger,31,INFO,603.83, 52.85, -742.26, 0.26, 0.05, -0.96, 0.01
22:36:56.804,81082,logger,31,INFO,602.88, 51.79, -740.39, 0.26, 0.05, -0.96, 0.01
22:36:56.860,81139,logger,31,INFO,602.31, 51.40, -738.72, 0.26, 0.05, -0.96, 0.01
22:36:56.900,81179,logger,31,INFO,601.94, 51.20, -737.59, 0.26, 0.05, -0.96, 0.01
22:36:57.164,81442,logger,31,INFO,600.17, 49.31, -734.25, 0.26, 0.05, -0.96, 0.01
22:36:57.459,81737,logger,31,INFO,603.54, 46.86, -741.69, 0.26, 0.05, -0.96, 0.01
22:36:57.823,82101,logger,31,INFO,604.60, 47.57, -735.20, 0.26, 0.05, -0.96, 0.01
22:36:57.967,82246,logger,31,INFO,603.86, 49.22, -731.39, 0.26, 0.05, -0.96, 0.01
22:36:57.985,82263,logger,31,INFO,603.78, 49.79, -731.53, 0.26, 0.05, -0.96, 0.01
22:36:58.004,82283,logger,31,INFO,603.71, 50.37, -731.68, 0.26, 0.05, -0.96, 0.01
22:36:58.022,82300,logger,31,INFO,603.63, 50.95, -731.84, 0.26, 0.05, -0.96, 0.01
22:36:58.062,82341,logger,31,INFO,603.48, 52.11, -732.16, 0.26, 0.05, -0.96, 0.01
22:36:58.110,82388,logger,31,INFO,603.26, 53.85, -732.63, 0.26, 0.05, -0.96, 0.01
22:36:58.133,82412,logger,31,INFO,603.18, 54.43, -732.79, 0.26, 0.05, -0.96, 0.01
22:36:58.206,82485,logger,31,INFO,602.81, 57.32, -733.58, 0.26, 0.05, -0.96, 0.01
22:36:58.274,82553,logger,31,INFO,602.53, 59.65, -735.21, 0.26, 0.05, -0.96, 0.01
22:36:58.547,82825,logger,31,INFO,602.20, 66.13, -745.26, 0.26, 0.05, -0.96, 0.01
22:36:58.909,83188,logger,31,INFO,601.06, 65.87, -740.12, 0.26, 0.05, -0.96, 0.01
22:36:59.069,83347,logger,31,INFO,598.53, 65.72, -733.98, 0.26, 0.05, -0.96, 0.01
22:36:59.094,83372,logger,31,INFO,598.10, 65.68, -732.85, 0.26, 0.05, -0.96, 0.01
22:36:59.119,83397,logger,31,INFO,597.67, 65.65, -731.72, 0.26, 0.05, -0.96, 0.01
22:36:59.164,83442,logger,31,INFO,596.95, 65.61, -730.32, 0.26, 0.05, -0.96, 0.01
22:36:59.225,83504,logger,31,INFO,596.20, 65.54, -731.56, 0.26, 0.05, -0.96, 0.01
22:36:59.269,83547,logger,31,INFO,595.77, 65.52, -733.32, 0.26, 0.05, -0.96, 0.01
22:36:59.283,83562,logger,31,INFO,595.62, 65.51, -733.91, 0.26, 0.05, -0.96, 0.01
22:36:59.300,83578,logger,31,INFO,595.48, 65.50, -734.49, 0.26, 0.05, -0.96, 0.01
22:36:59.561,83839,logger,31,INFO,592.40, 65.29, -746.18, 0.26, 0.05, -0.96, 0.01
22:36:59.862,84141,logger,31,INFO,591.71, 63.71, -742.74, 0.26, 0.05, -0.96, 0.01
22:36:59.996,84275,logger,31,INFO,593.92, 63.06, -740.48, 0.26, 0.05, -0.96, 0.01
22:37:00.031,84309,logger,31,INFO,593.96, 63.02, -739.27, 0.26, 0.05, -0.96, 0.01
22:37:00.091,84370,logger,31,INFO,594.05, 62.93, -736.85, 0.26, 0.05, -0.96, 0.01
22:37:00.111,84389,logger,31,INFO,594.08, 62.91, -736.25, 0.26, 0.05, -0.96, 0.01
22:37:00.153,84432,logger,31,INFO,594.14, 62.84, -734.44, 0.26, 0.05, -0.96, 0.01
22:37:00.381,84660,logger,31,INFO,597.48, 62.06, -737.85, 0.26, 0.05, -0.96, 0.01
22:37:00.655,84933,logger,31,INFO,604.04, 58.99, -744.36, 0.26, 0.05, -0.96, 0.01
22:37:00.797,85075,logger,31,INFO,605.58, 57.74, -742.94, 0.26, 0.05, -0.96, 0.01
22:37:00.841,85119,logger,31,INFO,605.50, 57.73, -741.74, 0.26, 0.05, -0.96, 0.01
22:37:00.867,85145,logger,31,INFO,605.39, 57.71, -740.55, 0.26, 0.05, -0.96, 0.01
22:37:00.901,85180,logger,31,INFO,605.29, 57.69, -739.34, 0.26, 0.05, -0.96, 0.01
22:37:00.917,85195,logger,31,INFO,605.24, 57.68, -738.74, 0.26, 0.05, -0.96, 0.01
22:37:00.932,85210,logger,31,INFO,605.19, 57.67, -738.14, 0.26, 0.05, -0.96, 0.01
22:37:00.962,85240,logger,31,INFO,605.09, 57.65, -736.93, 0.26, 0.05, -0.96, 0.01
22:37:01.209,85487,logger,31,INFO,606.48, 57.19, -738.67, 0.26, 0.05, -0.96, 0.01
22:37:01.431,85709,logger,31,INFO,610.60, 54.08, -741.97, 0.26, 0.05, -0.96, 0.01
22:37:01.583,85862,logger,31,INFO,612.37, 54.01, -743.33, 0.26, 0.05, -0.96, 0.01
22:37:01.599,85877,logger,31,INFO,612.38, 54.10, -743.34, 0.26, 0.05, -0.96, 0.01
22:37:01.613,85891,logger,31,INFO,612.35, 54.11, -743.13, 0.26, 0.05, -0.96, 0.01
22:37:01.628,85906,logger,31,INFO,612.31, 54.10, -742.74, 0.26, 0.05, -0.96, 0.01
22:37:01.644,85923,logger,31,INFO,612.26, 54.08, -742.22, 0.26, 0.05, -0.96, 0.01
22:37:01.668,85946,logger,31,INFO,612.20, 54.04, -741.63, 0.26, 0.05, -0.96, 0.01
22:37:01.683,85961,logger,31,INFO,612.14, 54.00, -741.03, 0.26, 0.05, -0.96, 0.01
22:37:01.699,85977,logger,31,INFO,612.08, 53.96, -740.43, 0.26, 0.05, -0.96, 0.01
22:37:01.715,85994,logger,31,INFO,612.02, 53.92, -739.83, 0.26, 0.05, -0.96, 0.01
22:37:01.746,86024,logger,31,INFO,611.89, 53.84, -738.63, 0.26, 0.05, -0.96, 0.01
22:37:01.763,86042,logger,31,INFO,611.83, 53.80, -738.03, 0.26, 0.05, -0.96, 0.01
22:37:01.810,86088,logger,31,INFO,611.65, 53.67, -736.23, 0.26, 0.05, -0.96, 0.01
22:37:01.826,86104,logger,31,INFO,611.59, 53.63, -735.63, 0.26, 0.05, -0.96, 0.01
22:37:01.857,86135,logger,31,INFO,611.46, 53.55, -734.43, 0.26, 0.05, -0.96, 0.01
22:37:01.912,86190,logger,31,INFO,611.43, 53.27, -732.39, 0.26, 0.05, -0.96, 0.01
22:37:02.226,86505,logger,31,INFO,617.60, 48.72, -741.59, 0.26, 0.05, -0.96, 0.01
22:37:02.499,86778,logger,31,INFO,618.56, 47.28, -741.61, 0.26, 0.05, -0.96, 0.01
22:37:02.639,86918,logger,31,INFO,619.33, 46.30, -740.29, 0.26, 0.05, -0.96, 0.01
22:37:02.655,86934,logger,31,INFO,619.28, 46.26, -739.73, 0.26, 0.05, -0.96, 0.01
22:37:02.671,86949,logger,31,INFO,619.24, 46.20, -739.13, 0.26, 0.05, -0.96, 0.01
22:37:02.686,86965,logger,31,INFO,619.19, 46.15, -738.53, 0.26, 0.05, -0.96, 0.01
22:37:02.705,86983,logger,31,INFO,619.15, 46.09, -737.93, 0.26, 0.05, -0.96, 0.01
22:37:02.718,86997,logger,31,INFO,619.10, 46.03, -737.33, 0.26, 0.05, -0.96, 0.01
22:37:02.740,87019,logger,31,INFO,619.06, 45.97, -736.73, 0.26, 0.05, -0.96, 0.01
22:37:02.792,87070,logger,31,INFO,618.88, 45.73, -734.33, 0.26, 0.05, -0.96, 0.01
22:37:02.813,87091,logger,31,INFO,618.83, 45.68, -733.73, 0.26, 0.05, -0.96, 0.01
22:37:02.841,87119,logger,31,INFO,618.74, 45.56, -732.52, 0.26, 0.05, -0.96, 0.01
22:37:02.871,87149,logger,31,INFO,618.65, 45.44, -731.33, 0.26, 0.05, -0.96, 0.01
22:37:02.899,87177,logger,31,INFO,618.54, 45.35, -730.39, 0.26, 0.05, -0.96, 0.01
22:37:02.915,87193,logger,31,INFO,618.51, 45.32, -730.31, 0.26, 0.05, -0.96, 0.01
22:37:02.932,87210,logger,31,INFO,618.50, 45.25, -730.52, 0.26, 0.05, -0.96, 0.01
22:37:02.949,87227,logger,31,INFO,618.51, 45.17, -730.99, 0.26, 0.05, -0.96, 0.01
22:37:03.007,87286,logger,31,INFO,618.52, 45.05, -733.39, 0.26, 0.05, -0.96, 0.01
22:37:03.023,87301,logger,31,INFO,618.52, 45.02, -734.00, 0.26, 0.05, -0.96, 0.01
22:37:03.097,87375,logger,31,INFO,618.53, 44.88, -737.02, 0.26, 0.05, -0.96, 0.01
22:37:03.113,87392,logger,31,INFO,618.53, 44.85, -737.62, 0.26, 0.05, -0.96, 0.01
22:37:03.131,87410,logger,31,INFO,618.54, 44.82, -738.23, 0.26, 0.05, -0.96, 0.01
22:37:03.160,87438,logger,31,INFO,618.54, 44.77, -739.43, 0.26, 0.05, -0.96, 0.01
22:37:03.176,87454,logger,31,INFO,618.55, 44.73, -740.04, 0.26, 0.05, -0.96, 0.01
22:37:03.209,87487,logger,31,INFO,618.69, 44.35, -741.09, 0.26, 0.05, -0.96, 0.01
22:37:03.239,87517,logger,31,INFO,618.92, 43.77, -741.52, 0.26, 0.05, -0.96, 0.01
22:37:03.282,87561,logger,31,INFO,619.26, 42.33, -741.03, 0.26, 0.05, -0.96, 0.01
22:37:03.568,87847,logger,31,INFO,619.58, 39.45, -740.66, 0.26, 0.05, -0.96, 0.01
22:37:03.847,88125,logger,31,INFO,620.17, 40.61, -742.41, 0.26, 0.05, -0.96, 0.01
22:37:03.950,88229,logger,31,INFO,620.38, 39.81, -741.95, 0.26, 0.05, -0.96, 0.01
22:37:03.989,88267,logger,31,INFO,620.33, 39.40, -740.70, 0.26, 0.05, -0.96, 0.01
22:37:04.002,88281,logger,31,INFO,620.30, 39.28, -740.10, 0.26, 0.05, -0.96, 0.01
22:37:04.017,88295,logger,31,INFO,620.28, 39.16, -739.51, 0.26, 0.05, -0.96, 0.01
22:37:04.033,88311,logger,31,INFO,620.27, 39.04, -738.92, 0.26, 0.05, -0.96, 0.01
22:37:04.050,88329,logger,31,INFO,620.25, 38.92, -738.33, 0.26, 0.05, -0.96, 0.01
22:37:04.296,88574,logger,31,INFO,620.18, 36.29, -732.98, 0.26, 0.05, -0.96, 0.01
22:37:04.576,88854,logger,31,INFO,622.10, 37.07, -740.55, 0.26, 0.05, -0.96, 0.01
22:37:04.702,88981,logger,31,INFO,622.53, 37.73, -739.50, 0.26, 0.05, -0.96, 0.01
22:37:04.786,89064,logger,31,INFO,622.59, 37.88, -735.99, 0.26, 0.05, -0.96, 0.01
22:37:04.843,89121,logger,31,INFO,622.64, 37.97, -733.57, 0.26, 0.05, -0.96, 0.01
22:37:04.858,89136,logger,31,INFO,622.66, 37.99, -732.97, 0.26, 0.05, -0.96, 0.01
22:37:04.873,89151,logger,31,INFO,622.67, 38.02, -732.36, 0.26, 0.05, -0.96, 0.01
22:37:04.889,89167,logger,31,INFO,622.69, 38.04, -731.76, 0.26, 0.05, -0.96, 0.01
22:37:04.907,89185,logger,31,INFO,622.70, 38.07, -731.15, 0.26, 0.05, -0.96, 0.01
22:37:04.935,89213,logger,31,INFO,622.67, 38.34, -730.20, 0.26, 0.05, -0.96, 0.01
22:37:04.968,89247,logger,31,INFO,622.67, 38.63, -730.21, 0.26, 0.05, -0.96, 0.01
22:37:05.010,89288,logger,31,INFO,622.62, 39.38, -731.64, 0.26, 0.05, -0.96, 0.01
22:37:05.025,89304,logger,31,INFO,622.59, 39.64, -732.18, 0.26, 0.05, -0.96, 0.01
22:37:05.042,89320,logger,31,INFO,622.56, 39.91, -732.73, 0.26, 0.05, -0.96, 0.01
22:37:05.073,89351,logger,31,INFO,622.50, 40.45, -733.81, 0.26, 0.05, -0.96, 0.01
22:37:05.088,89367,logger,31,INFO,622.48, 40.71, -734.35, 0.26, 0.05, -0.96, 0.01
22:37:05.154,89432,logger,31,INFO,622.36, 41.79, -736.52, 0.26, 0.05, -0.96, 0.01
22:37:05.169,89448,logger,31,INFO,622.34, 42.05, -737.06, 0.26, 0.05, -0.96, 0.01
22:37:05.188,89467,logger,31,INFO,622.31, 42.32, -737.60, 0.26, 0.05, -0.96, 0.01
22:37:05.272,89550,logger,31,INFO,621.89, 44.07, -740.73, 0.26, 0.05, -0.96, 0.01
22:37:05.340,89618,logger,31,INFO,620.10, 45.96, -741.43, 0.26, 0.05, -0.96, 0.01
22:37:05.354,89632,logger,31,INFO,619.65, 46.36, -741.46, 0.26, 0.05, -0.96, 0.01
22:37:05.434,89712,logger,31,INFO,616.85, 48.24, -742.41, 0.26, 0.05, -0.96, 0.01
22:37:05.451,89729,logger,31,INFO,616.46, 48.46, -742.72, 0.26, 0.05, -0.96, 0.01
22:37:05.466,89744,logger,31,INFO,616.27, 48.64, -743.02, 0.26, 0.05, -0.96, 0.01
22:37:05.496,89775,logger,31,INFO,615.95, 48.79, -743.75, 0.26, 0.05, -0.96, 0.01
22:37:05.523,89802,logger,31,INFO,616.04, 48.96, -744.34, 0.26, 0.05, -0.96, 0.01
22:37:05.555,89834,logger,31,INFO,615.99, 48.76, -744.54, 0.26, 0.05, -0.96, 0.01
22:37:05.588,89867,logger,31,INFO,615.83, 48.60, -744.41, 0.26, 0.05, -0.96, 0.01
22:37:05.630,89909,logger,31,INFO,615.61, 48.38, -744.28, 0.26, 0.05, -0.96, 0.01
22:37:05.899,90177,logger,31,INFO,615.69, 47.63, -743.10, 0.26, 0.05, -0.96, 0.01
22:37:06.133,90411,logger,31,INFO,613.26, 47.35, -746.71, 0.26, 0.05, -0.96, 0.01
22:37:06.278,90556,logger,31,INFO,612.78, 46.82, -745.49, 0.26, 0.05, -0.96, 0.01
22:37:06.350,90628,logger,31,INFO,612.15, 46.31, -743.09, 0.26, 0.05, -0.96, 0.01
22:37:06.407,90685,logger,31,INFO,611.83, 46.07, -741.32, 0.26, 0.05, -0.96, 0.01
22:37:06.438,90716,logger,31,INFO,611.61, 45.91, -740.14, 0.26, 0.05, -0.96, 0.01
22:37:06.620,90898,logger,31,INFO,611.03, 44.27, -736.17, 0.26, 0.05, -0.96, 0.01
22:37:06.893,91171,logger,31,INFO,614.80, 38.87, -742.33, 0.26, 0.05, -0.96, 0.01
22:37:07.021,91299,logger,31,INFO,617.72, 39.86, -743.28, 0.26, 0.05, -0.96, 0.01
22:37:07.034,91312,logger,31,INFO,617.63, 39.99, -742.76, 0.26, 0.05, -0.96, 0.01
22:37:07.050,91328,logger,31,INFO,617.47, 40.05, -742.20, 0.26, 0.05, -0.96, 0.01
22:37:07.065,91343,logger,31,INFO,617.31, 40.09, -741.62, 0.26, 0.05, -0.96, 0.01
22:37:07.106,91384,logger,31,INFO,617.02, 40.16, -739.84, 0.26, 0.05, -0.96, 0.01
22:37:07.123,91402,logger,31,INFO,616.97, 40.17, -739.24, 0.26, 0.05, -0.96, 0.01
22:37:07.140,91418,logger,31,INFO,616.92, 40.18, -738.64, 0.26, 0.05, -0.96, 0.01
22:37:07.220,91498,logger,31,INFO,616.67, 40.22, -735.62, 0.26, 0.05, -0.96, 0.01
22:37:07.260,91538,logger,31,INFO,616.53, 40.25, -733.82, 0.26, 0.05, -0.96, 0.01
22:37:07.290,91568,logger,31,INFO,616.63, 40.40, -733.05, 0.26, 0.05, -0.96, 0.01
22:37:07.336,91614,logger,31,INFO,617.17, 40.62, -733.88, 0.26, 0.05, -0.96, 0.01
22:37:07.365,91643,logger,31,INFO,617.66, 40.84, -734.96, 0.26, 0.05, -0.96, 0.01
22:37:07.394,91672,logger,31,INFO,618.15, 41.06, -736.04, 0.26, 0.05, -0.96, 0.01
22:37:07.410,91689,logger,31,INFO,618.39, 41.17, -736.58, 0.26, 0.05, -0.96, 0.01
22:37:07.470,91748,logger,31,INFO,619.37, 41.60, -738.75, 0.26, 0.05, -0.96, 0.01
22:37:07.487,91765,logger,31,INFO,619.62, 41.71, -739.29, 0.26, 0.05, -0.96, 0.01
22:37:07.516,91794,logger,31,INFO,620.11, 41.93, -740.38, 0.26, 0.05, -0.96, 0.01
22:37:07.533,91811,logger,31,INFO,620.35, 42.04, -740.92, 0.26, 0.05, -0.96, 0.01
22:37:07.588,91866,logger,31,INFO,621.40, 42.94, -742.64, 0.26, 0.05, -0.96, 0.01
22:37:07.605,91883,logger,31,INFO,621.53, 43.28, -742.79, 0.26, 0.05, -0.96, 0.01
22:37:07.622,91901,logger,31,INFO,621.50, 43.58, -742.91, 0.26, 0.05, -0.96, 0.01
22:37:07.944,92223,logger,31,INFO,622.03, 43.98, -742.70, 0.26, 0.05, -0.96, 0.01
22:37:08.205,92483,logger,31,INFO,622.75, 43.62, -742.97, 0.26, 0.05, -0.96, 0.01
22:37:08.450,92728,logger,31,INFO,621.94, 44.68, -737.84, 0.26, 0.05, -0.96, 0.01
22:37:08.611,92889,logger,31,INFO,622.07, 44.92, -734.96, 0.26, 0.05, -0.96, 0.01
22:37:08.998,93276,logger,31,INFO,623.41, 43.97, -736.51, 0.26, 0.05, -0.96, 0.01
22:37:09.136,93414,logger,31,INFO,625.10, 44.38, -730.96, 0.26, 0.05, -0.96, 0.01
22:37:09.150,93429,logger,31,INFO,625.41, 44.58, -730.48, 0.26, 0.05, -0.96, 0.01
22:37:09.167,93445,logger,31,INFO,625.73, 44.79, -730.01, 0.26, 0.05, -0.96, 0.01
22:37:09.183,93461,logger,31,INFO,626.04, 45.00, -729.53, 0.26, 0.05, -0.96, 0.01
22:37:09.203,93481,logger,31,INFO,626.35, 45.20, -729.06, 0.26, 0.05, -0.96, 0.01
22:37:09.245,93524,logger,31,INFO,627.29, 45.82, -727.64, 0.26, 0.05, -0.96, 0.01
22:37:09.485,93764,logger,31,INFO,629.75, 46.29, -734.68, 0.26, 0.05, -0.96, 0.01
22:37:09.716,93994,logger,31,INFO,630.72, 45.23, -742.97, 0.26, 0.05, -0.96, 0.01
22:37:09.875,94153,logger,31,INFO,629.91, 44.70, -743.37, 0.26, 0.05, -0.96, 0.01
22:37:10.010,94288,logger,31,INFO,629.68, 44.15, -737.86, 0.26, 0.05, -0.96, 0.01
22:37:10.088,94367,logger,31,INFO,629.55, 43.77, -734.25, 0.26, 0.05, -0.96, 0.01
22:37:10.142,94420,logger,31,INFO,629.54, 43.65, -732.91, 0.26, 0.05, -0.96, 0.01
22:37:10.159,94437,logger,31,INFO,629.60, 43.60, -733.23, 0.26, 0.05, -0.96, 0.01
22:37:10.174,94452,logger,31,INFO,629.68, 43.58, -733.75, 0.26, 0.05, -0.96, 0.01
22:37:10.205,94483,logger,31,INFO,629.83, 43.60, -734.94, 0.26, 0.05, -0.96, 0.01
22:37:10.219,94497,logger,31,INFO,629.89, 43.62, -735.54, 0.26, 0.05, -0.96, 0.01
22:37:10.236,94514,logger,31,INFO,629.97, 43.64, -736.14, 0.26, 0.05, -0.96, 0.01
22:37:10.511,94789,logger,31,INFO,632.77, 44.57, -737.71, 0.26, 0.05, -0.96, 0.01
22:37:10.769,95048,logger,31,INFO,636.96, 45.77, -743.02, 0.26, 0.05, -0.96, 0.01
22:37:11.052,95330,logger,31,INFO,637.70, 43.10, -736.42, 0.26, 0.05, -0.96, 0.01
22:37:11.177,95455,logger,31,INFO,637.83, 42.04, -732.19, 0.26, 0.05, -0.96, 0.01
22:37:11.382,95660,logger,31,INFO,637.95, 40.08, -740.72, 0.26, 0.05, -0.96, 0.01
22:37:11.526,95805,logger,31,INFO,638.31, 39.29, -737.20, 0.26, 0.05, -0.96, 0.01
22:37:11.542,95820,logger,31,INFO,638.36, 39.24, -736.60, 0.26, 0.05, -0.96, 0.01
22:37:11.551,95829,logger,31,INFO,638.37, 39.22, -736.40, 0.26, 0.05, -0.96, 0.01
22:37:11.580,95859,logger,31,INFO,638.44, 39.14, -735.40, 0.26, 0.05, -0.96, 0.01
22:37:11.599,95877,logger,31,INFO,638.48, 39.09, -734.80, 0.26, 0.05, -0.96, 0.01
22:37:11.611,95890,logger,31,INFO,638.52, 39.04, -734.20, 0.26, 0.05, -0.96, 0.01
22:37:11.630,95908,logger,31,INFO,638.56, 38.99, -733.59, 0.26, 0.05, -0.96, 0.01
22:37:11.647,95925,logger,31,INFO,638.60, 38.93, -732.99, 0.26, 0.05, -0.96, 0.01
22:37:11.691,95969,logger,31,INFO,638.71, 38.75, -731.20, 0.26, 0.05, -0.96, 0.01
22:37:11.710,95988,logger,31,INFO,638.68, 38.57, -730.64, 0.26, 0.05, -0.96, 0.01
22:37:11.729,96007,logger,31,INFO,638.61, 38.31, -730.17, 0.26, 0.05, -0.96, 0.01
22:37:11.746,96025,logger,31,INFO,638.51, 37.99, -729.79, 0.26, 0.05, -0.96, 0.01
22:37:11.773,96051,logger,31,INFO,638.20, 37.22, -729.48, 0.26, 0.05, -0.96, 0.01
22:37:11.790,96068,logger,31,INFO,638.06, 36.93, -729.62, 0.26, 0.05, -0.96, 0.01
22:37:11.858,96136,logger,31,INFO,637.81, 36.39, -731.61, 0.26, 0.05, -0.96, 0.01
22:37:11.901,96179,logger,31,INFO,637.76, 36.50, -733.42, 0.26, 0.05, -0.96, 0.01
22:37:12.101,96379,logger,31,INFO,637.40, 37.25, -741.72, 0.26, 0.05, -0.96, 0.01
22:37:12.129,96407,logger,31,INFO,637.48, 37.45, -742.21, 0.26, 0.05, -0.96, 0.01
22:37:12.171,96450,logger,31,INFO,637.55, 37.87, -742.31, 0.26, 0.05, -0.96, 0.01
22:37:12.228,96506,logger,31,INFO,637.83, 37.86, -741.21, 0.26, 0.05, -0.96, 0.01
22:37:12.247,96525,logger,31,INFO,637.91, 37.82, -741.07, 0.26, 0.05, -0.96, 0.01
22:37:12.329,96607,logger,31,INFO,638.16, 37.62, -741.47, 0.26, 0.05, -0.96, 0.01
22:37:12.578,96856,logger,31,INFO,637.37, 37.05, -739.51, 0.26, 0.05, -0.96, 0.01
22:37:12.791,97069,logger,31,INFO,632.34, 33.91, -741.33, 0.26, 0.05, -0.96, 0.01
22:37:13.033,97311,logger,31,INFO,634.12, 33.28, -738.28, 0.26, 0.05, -0.96, 0.01
22:37:13.203,97482,logger,31,INFO,633.71, 32.12, -730.81, 0.26, 0.05, -0.96, 0.01
22:37:13.549,97828,logger,31,INFO,635.84, 29.57, -734.48, 0.26, 0.05, -0.96, 0.01
22:37:13.813,98091,logger,31,INFO,638.81, 35.72, -726.90, 0.26, 0.05, -0.96, 0.01
22:37:14.046,98324,logger,31,INFO,640.34, 39.30, -735.22, 0.26, 0.05, -0.96, 0.01
22:37:14.170,98449,logger,31,INFO,640.97, 40.69, -740.38, 0.26, 0.05, -0.96, 0.01
22:37:14.186,98464,logger,31,INFO,641.04, 40.80, -740.71, 0.26, 0.05, -0.96, 0.01
22:37:14.203,98482,logger,31,INFO,641.08, 40.90, -740.76, 0.26, 0.05, -0.96, 0.01
22:37:14.217,98496,logger,31,INFO,641.07, 41.06, -740.51, 0.26, 0.05, -0.96, 0.01
22:37:14.232,98511,logger,31,INFO,641.05, 41.20, -740.03, 0.26, 0.05, -0.96, 0.01
22:37:14.260,98539,logger,31,INFO,641.01, 41.36, -738.84, 0.26, 0.05, -0.96, 0.01
22:37:14.278,98556,logger,31,INFO,640.99, 41.43, -738.24, 0.26, 0.05, -0.96, 0.01
22:37:14.334,98612,logger,31,INFO,640.92, 41.71, -735.84, 0.26, 0.05, -0.96, 0.01
22:37:14.350,98628,logger,31,INFO,640.90, 41.79, -735.24, 0.26, 0.05, -0.96, 0.01
22:37:14.368,98646,logger,31,INFO,640.88, 41.86, -734.64, 0.26, 0.05, -0.96, 0.01
22:37:14.388,98666,logger,31,INFO,640.86, 41.93, -734.04, 0.26, 0.05, -0.96, 0.01
22:37:14.421,98699,logger,31,INFO,640.82, 42.07, -732.84, 0.26, 0.05, -0.96, 0.01
22:37:14.476,98754,logger,31,INFO,640.75, 42.34, -730.77, 0.26, 0.05, -0.96, 0.01
22:37:14.493,98772,logger,31,INFO,640.76, 42.36, -730.73, 0.26, 0.05, -0.96, 0.01
22:37:14.523,98801,logger,31,INFO,640.91, 42.28, -731.45, 0.26, 0.05, -0.96, 0.01
22:37:14.564,98842,logger,31,INFO,641.12, 42.12, -733.23, 0.26, 0.05, -0.96, 0.01
22:37:14.585,98864,logger,31,INFO,641.19, 42.06, -733.83, 0.26, 0.05, -0.96, 0.01
22:37:14.626,98904,logger,31,INFO,641.40, 41.90, -735.63, 0.26, 0.05, -0.96, 0.01
22:37:14.643,98922,logger,31,INFO,641.47, 41.85, -736.23, 0.26, 0.05, -0.96, 0.01
22:37:14.661,98939,logger,31,INFO,641.54, 41.79, -736.82, 0.26, 0.05, -0.96, 0.01
22:37:14.690,98968,logger,31,INFO,641.68, 41.68, -738.02, 0.26, 0.05, -0.96, 0.01
22:37:14.750,99029,logger,31,INFO,641.69, 41.76, -740.30, 0.26, 0.05, -0.96, 0.01
22:37:14.767,99045,logger,31,INFO,641.54, 41.96, -740.62, 0.26, 0.05, -0.96, 0.01
22:37:14.784,99062,logger,31,INFO,641.37, 42.22, -740.77, 0.26, 0.05, -0.96, 0.01
22:37:14.801,99080,logger,31,INFO,641.09, 42.61, -740.85, 0.26, 0.05, -0.96, 0.01
22:37:14.845,99123,logger,31,INFO,640.24, 44.08, -741.09, 0.26, 0.05, -0.96, 0.01
22:37:14.864,99142,logger,31,INFO,640.08, 44.38, -741.17, 0.26, 0.05, -0.96, 0.01
22:37:14.908,99186,logger,31,INFO,639.75, 45.05, -741.29, 0.26, 0.05, -0.96, 0.01
22:37:14.940,99218,logger,31,INFO,639.57, 45.28, -741.46, 0.26, 0.05, -0.96, 0.01
22:37:14.957,99236,logger,31,INFO,639.52, 45.32, -741.63, 0.26, 0.05, -0.96, 0.01
22:37:14.976,99254,logger,31,INFO,639.52, 45.29, -741.80, 0.26, 0.05, -0.96, 0.01
22:37:15.003,99281,logger,31,INFO,639.32, 45.53, -742.04, 0.26, 0.05, -0.96, 0.01
22:37:15.036,99314,logger,31,INFO,639.28, 45.83, -742.10, 0.26, 0.05, -0.96, 0.01
22:37:15.361,99639,logger,31,INFO,637.71, 50.27, -743.47, 0.26, 0.05, -0.96, 0.01
22:37:15.719,99997,logger,31,INFO,637.27, 51.86, -743.36, 0.26, 0.05, -0.96, 0.01
22:37:16.220,100498,logger,31,INFO,636.20, 57.12, -727.98, 0.26, 0.05, -0.96, 0.01
22:37:16.342,100620,logger,31,INFO,634.41, 60.09, -723.82, 0.26, 0.05, -0.96, 0.01
22:37:16.393,100671,logger,31,INFO,633.96, 60.95, -724.28, 0.26, 0.05, -0.96, 0.01
22:37:16.418,100696,logger,31,INFO,633.92, 61.11, -725.46, 0.26, 0.05, -0.96, 0.01
22:37:16.430,100709,logger,31,INFO,633.90, 61.17, -726.06, 0.26, 0.05, -0.96, 0.01
22:37:16.463,100741,logger,31,INFO,633.88, 61.30, -727.26, 0.26, 0.05, -0.96, 0.01
22:37:16.494,100772,logger,31,INFO,633.85, 61.42, -728.46, 0.26, 0.05, -0.96, 0.01
22:37:16.509,100787,logger,31,INFO,633.84, 61.48, -729.06, 0.26, 0.05, -0.96, 0.01
22:37:16.548,100826,logger,31,INFO,633.80, 61.67, -730.87, 0.26, 0.05, -0.96, 0.01
22:37:16.565,100843,logger,31,INFO,633.79, 61.73, -731.47, 0.26, 0.05, -0.96, 0.01
22:37:16.594,100873,logger,31,INFO,633.76, 61.86, -732.67, 0.26, 0.05, -0.96, 0.01
22:37:16.612,100890,logger,31,INFO,633.75, 61.92, -733.27, 0.26, 0.05, -0.96, 0.01
22:37:16.665,100944,logger,31,INFO,633.70, 62.17, -735.68, 0.26, 0.05, -0.96, 0.01
22:37:16.679,100958,logger,31,INFO,633.68, 62.23, -736.28, 0.26, 0.05, -0.96, 0.01
22:37:16.698,100977,logger,31,INFO,633.67, 62.30, -736.88, 0.26, 0.05, -0.96, 0.01
22:37:16.717,100995,logger,31,INFO,633.66, 62.36, -737.48, 0.26, 0.05, -0.96, 0.01
22:37:16.752,101031,logger,31,INFO,633.63, 62.48, -738.69, 0.26, 0.05, -0.96, 0.01
22:37:16.782,101061,logger,31,INFO,633.61, 62.61, -739.89, 0.26, 0.05, -0.96, 0.01
22:37:16.798,101076,logger,31,INFO,633.60, 62.67, -740.49, 0.26, 0.05, -0.96, 0.01
22:37:16.815,101094,logger,31,INFO,633.58, 62.74, -741.09, 0.26, 0.05, -0.96, 0.01
22:37:16.844,101123,logger,31,INFO,633.56, 62.86, -742.29, 0.26, 0.05, -0.96, 0.01
22:37:16.862,101140,logger,31,INFO,633.54, 62.92, -742.89, 0.26, 0.05, -0.96, 0.01
22:37:16.880,101158,logger,31,INFO,633.55, 62.89, -743.48, 0.26, 0.05, -0.96, 0.01
22:37:16.937,101215,logger,31,INFO,633.73, 61.74, -744.49, 0.26, 0.05, -0.96, 0.01
22:37:16.955,101234,logger,31,INFO,633.82, 61.19, -744.38, 0.26, 0.05, -0.96, 0.01
22:37:17.044,101322,logger,31,INFO,634.63, 58.39, -743.65, 0.26, 0.05, -0.96, 0.01
22:37:17.060,101338,logger,31,INFO,634.76, 58.23, -743.75, 0.26, 0.05, -0.96, 0.01
22:37:17.117,101395,logger,31,INFO,635.28, 57.97, -743.98, 0.26, 0.05, -0.96, 0.01
22:37:17.136,101414,logger,31,INFO,635.26, 57.99, -743.91, 0.26, 0.05, -0.96, 0.01
22:37:17.408,101686,logger,31,INFO,637.05, 56.48, -743.31, 0.26, 0.05, -0.96, 0.01
22:37:17.587,101865,logger,31,INFO,637.22, 56.59, -742.54, 0.26, 0.05, -0.96, 0.01
22:37:17.962,102240,logger,31,INFO,635.54, 54.80, -736.09, 0.26, 0.05, -0.96, 0.01
22:37:18.323,102601,logger,31,INFO,633.82, 54.15, -735.57, 0.26, 0.05, -0.96, 0.01
